time,XTIME,TK_K,TK_C,BA
2021-10-01 00:00:00,2021-10-01 00:00:00,300.60388,27.453888,ERCO
2021-10-01 01:00:00,2021-10-01 01:00:00,299.6056,26.455597,ERCO
2021-10-01 02:00:00,2021-10-01 02:00:00,298.74048,25.590485,ERCO
2021-10-01 03:00:00,2021-10-01 03:00:00,297.9821,24.832092,ERCO
2021-10-01 04:00:00,2021-10-01 04:00:00,297.3413,24.191315,ERCO
2021-10-01 05:00:00,2021-10-01 05:00:00,296.76135,23.611359,ERCO
2021-10-01 06:00:00,2021-10-01 06:00:00,296.33347,23.183472,ERCO
2021-10-01 07:00:00,2021-10-01 07:00:00,295.973,22.822998,ERCO
2021-10-01 08:00:00,2021-10-01 08:00:00,295.64957,22.499573,ERCO
2021-10-01 09:00:00,2021-10-01 09:00:00,295.3504,22.200409,ERCO
2021-10-01 10:00:00,2021-10-01 10:00:00,295.08868,21.93869,ERCO
2021-10-01 11:00:00,2021-10-01 11:00:00,294.8911,21.74112,ERCO
2021-10-01 12:00:00,2021-10-01 12:00:00,294.70523,21.555237,ERCO
2021-10-01 13:00:00,2021-10-01 13:00:00,294.60724,21.457245,ERCO
2021-10-01 14:00:00,2021-10-01 14:00:00,294.89743,21.747437,ERCO
2021-10-01 15:00:00,2021-10-01 15:00:00,295.42554,22.275543,ERCO
2021-10-01 16:00:00,2021-10-01 16:00:00,296.06924,22.91925,ERCO
2021-10-01 17:00:00,2021-10-01 17:00:00,296.79092,23.64093,ERCO
2021-10-01 18:00:00,2021-10-01 18:00:00,297.49298,24.342987,ERCO
2021-10-01 19:00:00,2021-10-01 19:00:00,298.05942,24.909424,ERCO
2021-10-01 20:00:00,2021-10-01 20:00:00,298.41183,25.26184,ERCO
2021-10-01 21:00:00,2021-10-01 21:00:00,298.47812,25.328125,ERCO
2021-10-01 22:00:00,2021-10-01 22:00:00,298.39563,25.245636,ERCO
2021-10-01 23:00:00,2021-10-01 23:00:00,298.15363,25.003632,ERCO
2021-10-02 00:00:00,2021-10-02 00:00:00,297.68338,24.533386,ERCO
2021-10-02 01:00:00,2021-10-02 01:00:00,297.10168,23.95169,ERCO
2021-10-02 02:00:00,2021-10-02 02:00:00,296.60257,23.452576,ERCO
2021-10-02 03:00:00,2021-10-02 03:00:00,296.16843,23.018433,ERCO
2021-10-02 04:00:00,2021-10-02 04:00:00,295.78656,22.636566,ERCO
2021-10-02 05:00:00,2021-10-02 05:00:00,295.41022,22.260223,ERCO
2021-10-02 06:00:00,2021-10-02 06:00:00,295.0555,21.905518,ERCO
2021-10-02 07:00:00,2021-10-02 07:00:00,294.72543,21.57544,ERCO
2021-10-02 08:00:00,2021-10-02 08:00:00,294.42404,21.274048,ERCO
2021-10-02 09:00:00,2021-10-02 09:00:00,294.2055,21.055511,ERCO
2021-10-02 10:00:00,2021-10-02 10:00:00,294.0246,20.874603,ERCO
2021-10-02 11:00:00,2021-10-02 11:00:00,293.88986,20.739868,ERCO
2021-10-02 12:00:00,2021-10-02 12:00:00,293.7483,20.598297,ERCO
2021-10-02 13:00:00,2021-10-02 13:00:00,293.69034,20.540344,ERCO
2021-10-02 14:00:00,2021-10-02 14:00:00,294.304,21.153992,ERCO
2021-10-02 15:00:00,2021-10-02 15:00:00,295.26285,22.112854,ERCO
2021-10-02 16:00:00,2021-10-02 16:00:00,296.29486,23.144867,ERCO
2021-10-02 17:00:00,2021-10-02 17:00:00,297.25665,24.106659,ERCO
2021-10-02 18:00:00,2021-10-02 18:00:00,298.11084,24.960846,ERCO
2021-10-02 19:00:00,2021-10-02 19:00:00,298.8134,25.663391,ERCO
2021-10-02 20:00:00,2021-10-02 20:00:00,299.32526,26.175262,ERCO
2021-10-02 21:00:00,2021-10-02 21:00:00,299.64868,26.498688,ERCO
2021-10-02 22:00:00,2021-10-02 22:00:00,299.80478,26.654785,ERCO
2021-10-02 23:00:00,2021-10-02 23:00:00,299.763,26.613007,ERCO
2021-10-03 00:00:00,2021-10-03 00:00:00,299.4406,26.290619,ERCO
2021-10-03 01:00:00,2021-10-03 01:00:00,298.84283,25.69284,ERCO
2021-10-03 02:00:00,2021-10-03 02:00:00,298.2812,25.131195,ERCO
2021-10-03 03:00:00,2021-10-03 03:00:00,297.7366,24.586609,ERCO
2021-10-03 04:00:00,2021-10-03 04:00:00,297.19873,24.048737,ERCO
2021-10-03 05:00:00,2021-10-03 05:00:00,296.687,23.537018,ERCO
2021-10-03 06:00:00,2021-10-03 06:00:00,296.22528,23.075287,ERCO
2021-10-03 07:00:00,2021-10-03 07:00:00,295.78494,22.634949,ERCO
2021-10-03 08:00:00,2021-10-03 08:00:00,295.3668,22.216797,ERCO
2021-10-03 09:00:00,2021-10-03 09:00:00,294.97476,21.824768,ERCO
2021-10-03 10:00:00,2021-10-03 10:00:00,294.6145,21.464508,ERCO
2021-10-03 11:00:00,2021-10-03 11:00:00,294.29385,21.14386,ERCO
2021-10-03 12:00:00,2021-10-03 12:00:00,293.983,20.833008,ERCO
2021-10-03 13:00:00,2021-10-03 13:00:00,293.8038,20.653809,ERCO
2021-10-03 14:00:00,2021-10-03 14:00:00,294.76083,21.61084,ERCO
2021-10-03 15:00:00,2021-10-03 15:00:00,296.0862,22.936218,ERCO
2021-10-03 16:00:00,2021-10-03 16:00:00,297.40665,24.256653,ERCO
2021-10-03 17:00:00,2021-10-03 17:00:00,298.4964,25.346405,ERCO
2021-10-03 18:00:00,2021-10-03 18:00:00,299.37717,26.227173,ERCO
2021-10-03 19:00:00,2021-10-03 19:00:00,300.04178,26.891785,ERCO
2021-10-03 20:00:00,2021-10-03 20:00:00,300.4933,27.343292,ERCO
2021-10-03 21:00:00,2021-10-03 21:00:00,300.75656,27.606567,ERCO
2021-10-03 22:00:00,2021-10-03 22:00:00,300.826,27.675995,ERCO
2021-10-03 23:00:00,2021-10-03 23:00:00,300.68973,27.539734,ERCO
2021-10-04 00:00:00,2021-10-04 00:00:00,300.17023,27.020233,ERCO
2021-10-04 01:00:00,2021-10-04 01:00:00,299.36182,26.211823,ERCO
2021-10-04 02:00:00,2021-10-04 02:00:00,298.60953,25.459534,ERCO
2021-10-04 03:00:00,2021-10-04 03:00:00,297.84503,24.695038,ERCO
2021-10-04 04:00:00,2021-10-04 04:00:00,297.08353,23.933533,ERCO
2021-10-04 05:00:00,2021-10-04 05:00:00,296.37265,23.222656,ERCO
2021-10-04 06:00:00,2021-10-04 06:00:00,295.73578,22.585785,ERCO
2021-10-04 07:00:00,2021-10-04 07:00:00,295.14728,21.997284,ERCO
2021-10-04 08:00:00,2021-10-04 08:00:00,294.60513,21.45514,ERCO
2021-10-04 09:00:00,2021-10-04 09:00:00,294.11862,20.968628,ERCO
2021-10-04 10:00:00,2021-10-04 10:00:00,293.68082,20.530823,ERCO
2021-10-04 11:00:00,2021-10-04 11:00:00,293.29398,20.143982,ERCO
2021-10-04 12:00:00,2021-10-04 12:00:00,292.94678,19.796783,ERCO
2021-10-04 13:00:00,2021-10-04 13:00:00,292.81134,19.661346,ERCO
2021-10-04 14:00:00,2021-10-04 14:00:00,294.14868,20.998688,ERCO
2021-10-04 15:00:00,2021-10-04 15:00:00,295.83517,22.68518,ERCO
2021-10-04 16:00:00,2021-10-04 16:00:00,297.54306,24.393066,ERCO
2021-10-04 17:00:00,2021-10-04 17:00:00,298.90143,25.751434,ERCO
2021-10-04 18:00:00,2021-10-04 18:00:00,299.92197,26.771973,ERCO
2021-10-04 19:00:00,2021-10-04 19:00:00,300.68436,27.534363,ERCO
2021-10-04 20:00:00,2021-10-04 20:00:00,301.20938,28.059387,ERCO
2021-10-04 21:00:00,2021-10-04 21:00:00,301.52765,28.377655,ERCO
2021-10-04 22:00:00,2021-10-04 22:00:00,301.6414,28.491394,ERCO
2021-10-04 23:00:00,2021-10-04 23:00:00,301.5044,28.3544,ERCO
2021-10-05 00:00:00,2021-10-05 00:00:00,300.90656,27.756561,ERCO
2021-10-05 01:00:00,2021-10-05 01:00:00,299.93713,26.78714,ERCO
2021-10-05 02:00:00,2021-10-05 02:00:00,298.99637,25.846375,ERCO
2021-10-05 03:00:00,2021-10-05 03:00:00,298.0607,24.910706,ERCO
2021-10-05 04:00:00,2021-10-05 04:00:00,297.1439,23.993896,ERCO
2021-10-05 05:00:00,2021-10-05 05:00:00,296.30002,23.150024,ERCO
2021-10-05 06:00:00,2021-10-05 06:00:00,295.5531,22.403107,ERCO
2021-10-05 07:00:00,2021-10-05 07:00:00,294.8929,21.74292,ERCO
2021-10-05 08:00:00,2021-10-05 08:00:00,294.28094,21.13095,ERCO
2021-10-05 09:00:00,2021-10-05 09:00:00,293.7266,20.5766,ERCO
2021-10-05 10:00:00,2021-10-05 10:00:00,293.23645,20.086456,ERCO
2021-10-05 11:00:00,2021-10-05 11:00:00,292.8193,19.669312,ERCO
2021-10-05 12:00:00,2021-10-05 12:00:00,292.43143,19.281433,ERCO
2021-10-05 13:00:00,2021-10-05 13:00:00,292.17355,19.02356,ERCO
2021-10-05 14:00:00,2021-10-05 14:00:00,293.55023,20.400238,ERCO
2021-10-05 15:00:00,2021-10-05 15:00:00,295.3019,22.151917,ERCO
2021-10-05 16:00:00,2021-10-05 16:00:00,297.07898,23.928986,ERCO
2021-10-05 17:00:00,2021-10-05 17:00:00,298.47427,25.32428,ERCO
2021-10-05 18:00:00,2021-10-05 18:00:00,299.5185,26.3685,ERCO
2021-10-05 19:00:00,2021-10-05 19:00:00,300.25946,27.109467,ERCO
2021-10-05 20:00:00,2021-10-05 20:00:00,300.76184,27.611847,ERCO
2021-10-05 21:00:00,2021-10-05 21:00:00,301.0461,27.896118,ERCO
2021-10-05 22:00:00,2021-10-05 22:00:00,301.11523,27.96524,ERCO
2021-10-05 23:00:00,2021-10-05 23:00:00,300.93787,27.787872,ERCO
2021-10-06 00:00:00,2021-10-06 00:00:00,300.28415,27.134155,ERCO
2021-10-06 01:00:00,2021-10-06 01:00:00,299.31046,26.160461,ERCO
2021-10-06 02:00:00,2021-10-06 02:00:00,298.39658,25.246582,ERCO
2021-10-06 03:00:00,2021-10-06 03:00:00,297.4481,24.298096,ERCO
2021-10-06 04:00:00,2021-10-06 04:00:00,296.53247,23.382477,ERCO
2021-10-06 05:00:00,2021-10-06 05:00:00,295.7089,22.558899,ERCO
2021-10-06 06:00:00,2021-10-06 06:00:00,294.99316,21.84317,ERCO
2021-10-06 07:00:00,2021-10-06 07:00:00,294.3469,21.1969,ERCO
2021-10-06 08:00:00,2021-10-06 08:00:00,293.75964,20.60965,ERCO
2021-10-06 09:00:00,2021-10-06 09:00:00,293.20728,20.057281,ERCO
2021-10-06 10:00:00,2021-10-06 10:00:00,292.71252,19.56253,ERCO
2021-10-06 11:00:00,2021-10-06 11:00:00,292.2764,19.126404,ERCO
2021-10-06 12:00:00,2021-10-06 12:00:00,291.88074,18.730743,ERCO
2021-10-06 13:00:00,2021-10-06 13:00:00,291.6136,18.463593,ERCO
2021-10-06 14:00:00,2021-10-06 14:00:00,292.99033,19.840332,ERCO
2021-10-06 15:00:00,2021-10-06 15:00:00,294.79153,21.64154,ERCO
2021-10-06 16:00:00,2021-10-06 16:00:00,296.6201,23.470093,ERCO
2021-10-06 17:00:00,2021-10-06 17:00:00,298.1468,24.996796,ERCO
2021-10-06 18:00:00,2021-10-06 18:00:00,299.34317,26.193176,ERCO
2021-10-06 19:00:00,2021-10-06 19:00:00,300.24265,27.092651,ERCO
2021-10-06 20:00:00,2021-10-06 20:00:00,300.8635,27.713501,ERCO
2021-10-06 21:00:00,2021-10-06 21:00:00,301.25458,28.104584,ERCO
2021-10-06 22:00:00,2021-10-06 22:00:00,301.4148,28.264801,ERCO
2021-10-06 23:00:00,2021-10-06 23:00:00,301.3294,28.179413,ERCO
2021-10-07 00:00:00,2021-10-07 00:00:00,300.73987,27.589874,ERCO
2021-10-07 01:00:00,2021-10-07 01:00:00,299.74506,26.595062,ERCO
2021-10-07 02:00:00,2021-10-07 02:00:00,298.8326,25.682617,ERCO
2021-10-07 03:00:00,2021-10-07 03:00:00,297.92398,24.773987,ERCO
2021-10-07 04:00:00,2021-10-07 04:00:00,297.07614,23.926147,ERCO
2021-10-07 05:00:00,2021-10-07 05:00:00,296.3149,23.164917,ERCO
2021-10-07 06:00:00,2021-10-07 06:00:00,295.62994,22.47995,ERCO
2021-10-07 07:00:00,2021-10-07 07:00:00,295.02234,21.872345,ERCO
2021-10-07 08:00:00,2021-10-07 08:00:00,294.494,21.343994,ERCO
2021-10-07 09:00:00,2021-10-07 09:00:00,294.0116,20.861603,ERCO
2021-10-07 10:00:00,2021-10-07 10:00:00,293.60052,20.450531,ERCO
2021-10-07 11:00:00,2021-10-07 11:00:00,293.2358,20.085815,ERCO
2021-10-07 12:00:00,2021-10-07 12:00:00,292.9109,19.760895,ERCO
2021-10-07 13:00:00,2021-10-07 13:00:00,292.75525,19.605255,ERCO
2021-10-07 14:00:00,2021-10-07 14:00:00,294.3461,21.196106,ERCO
2021-10-07 15:00:00,2021-10-07 15:00:00,296.04767,22.897675,ERCO
2021-10-07 16:00:00,2021-10-07 16:00:00,297.78397,24.633972,ERCO
2021-10-07 17:00:00,2021-10-07 17:00:00,299.36356,26.213562,ERCO
2021-10-07 18:00:00,2021-10-07 18:00:00,300.72012,27.57013,ERCO
2021-10-07 19:00:00,2021-10-07 19:00:00,301.78372,28.633728,ERCO
2021-10-07 20:00:00,2021-10-07 20:00:00,302.53036,29.380371,ERCO
2021-10-07 21:00:00,2021-10-07 21:00:00,302.9888,29.838806,ERCO
2021-10-07 22:00:00,2021-10-07 22:00:00,303.15942,30.00943,ERCO
2021-10-07 23:00:00,2021-10-07 23:00:00,303.00528,29.855286,ERCO
2021-10-08 00:00:00,2021-10-08 00:00:00,302.27826,29.128265,ERCO
2021-10-08 01:00:00,2021-10-08 01:00:00,301.32837,28.178375,ERCO
2021-10-08 02:00:00,2021-10-08 02:00:00,300.45087,27.300873,ERCO
2021-10-08 03:00:00,2021-10-08 03:00:00,299.5029,26.352905,ERCO
2021-10-08 04:00:00,2021-10-08 04:00:00,298.57703,25.427032,ERCO
2021-10-08 05:00:00,2021-10-08 05:00:00,297.73325,24.583252,ERCO
2021-10-08 06:00:00,2021-10-08 06:00:00,297.00046,23.850464,ERCO
2021-10-08 07:00:00,2021-10-08 07:00:00,296.34488,23.194885,ERCO
2021-10-08 08:00:00,2021-10-08 08:00:00,295.7385,22.588501,ERCO
2021-10-08 09:00:00,2021-10-08 09:00:00,295.19107,22.041077,ERCO
2021-10-08 10:00:00,2021-10-08 10:00:00,294.69855,21.548553,ERCO
2021-10-08 11:00:00,2021-10-08 11:00:00,294.27094,21.120941,ERCO
2021-10-08 12:00:00,2021-10-08 12:00:00,293.86005,20.710052,ERCO
2021-10-08 13:00:00,2021-10-08 13:00:00,293.64963,20.499634,ERCO
2021-10-08 14:00:00,2021-10-08 14:00:00,295.15063,22.00064,ERCO
2021-10-08 15:00:00,2021-10-08 15:00:00,296.76144,23.61145,ERCO
2021-10-08 16:00:00,2021-10-08 16:00:00,298.42145,25.271454,ERCO
2021-10-08 17:00:00,2021-10-08 17:00:00,300.00354,26.853546,ERCO
2021-10-08 18:00:00,2021-10-08 18:00:00,301.3752,28.22522,ERCO
2021-10-08 19:00:00,2021-10-08 19:00:00,302.4517,29.301697,ERCO
2021-10-08 20:00:00,2021-10-08 20:00:00,303.2224,30.072418,ERCO
2021-10-08 21:00:00,2021-10-08 21:00:00,303.70258,30.552582,ERCO
2021-10-08 22:00:00,2021-10-08 22:00:00,303.8508,30.700806,ERCO
2021-10-08 23:00:00,2021-10-08 23:00:00,303.64563,30.495636,ERCO
2021-10-09 00:00:00,2021-10-09 00:00:00,302.8395,29.689514,ERCO
2021-10-09 01:00:00,2021-10-09 01:00:00,301.81824,28.668243,ERCO
2021-10-09 02:00:00,2021-10-09 02:00:00,300.82867,27.67868,ERCO
2021-10-09 03:00:00,2021-10-09 03:00:00,299.81982,26.66983,ERCO
2021-10-09 04:00:00,2021-10-09 04:00:00,298.85657,25.706573,ERCO
2021-10-09 05:00:00,2021-10-09 05:00:00,297.96948,24.819489,ERCO
2021-10-09 06:00:00,2021-10-09 06:00:00,297.1596,24.009613,ERCO
2021-10-09 07:00:00,2021-10-09 07:00:00,296.40582,23.255829,ERCO
2021-10-09 08:00:00,2021-10-09 08:00:00,295.7014,22.551392,ERCO
2021-10-09 09:00:00,2021-10-09 09:00:00,295.03735,21.88736,ERCO
2021-10-09 10:00:00,2021-10-09 10:00:00,294.41943,21.26944,ERCO
2021-10-09 11:00:00,2021-10-09 11:00:00,293.8708,20.720795,ERCO
2021-10-09 12:00:00,2021-10-09 12:00:00,293.3557,20.205719,ERCO
2021-10-09 13:00:00,2021-10-09 13:00:00,293.05383,19.90384,ERCO
2021-10-09 14:00:00,2021-10-09 14:00:00,294.4918,21.341797,ERCO
2021-10-09 15:00:00,2021-10-09 15:00:00,296.12125,22.971252,ERCO
2021-10-09 16:00:00,2021-10-09 16:00:00,297.82526,24.675262,ERCO
2021-10-09 17:00:00,2021-10-09 17:00:00,299.53043,26.380432,ERCO
2021-10-09 18:00:00,2021-10-09 18:00:00,301.06827,27.918274,ERCO
2021-10-09 19:00:00,2021-10-09 19:00:00,302.33694,29.18695,ERCO
2021-10-09 20:00:00,2021-10-09 20:00:00,303.26874,30.118744,ERCO
2021-10-09 21:00:00,2021-10-09 21:00:00,303.83176,30.681763,ERCO
2021-10-09 22:00:00,2021-10-09 22:00:00,303.99,30.839996,ERCO
2021-10-09 23:00:00,2021-10-09 23:00:00,303.68945,30.53946,ERCO
2021-10-10 00:00:00,2021-10-10 00:00:00,302.749,29.598999,ERCO
2021-10-10 01:00:00,2021-10-10 01:00:00,301.68484,28.534851,ERCO
2021-10-10 02:00:00,2021-10-10 02:00:00,300.65118,27.50119,ERCO
2021-10-10 03:00:00,2021-10-10 03:00:00,299.582,26.432007,ERCO
2021-10-10 04:00:00,2021-10-10 04:00:00,298.5685,25.418518,ERCO
2021-10-10 05:00:00,2021-10-10 05:00:00,297.68558,24.535583,ERCO
2021-10-10 06:00:00,2021-10-10 06:00:00,296.93945,23.78946,ERCO
2021-10-10 07:00:00,2021-10-10 07:00:00,296.30045,23.150452,ERCO
2021-10-10 08:00:00,2021-10-10 08:00:00,295.74982,22.599823,ERCO
2021-10-10 09:00:00,2021-10-10 09:00:00,295.28812,22.138123,ERCO
2021-10-10 10:00:00,2021-10-10 10:00:00,294.9388,21.788818,ERCO
2021-10-10 11:00:00,2021-10-10 11:00:00,294.70685,21.556854,ERCO
2021-10-10 12:00:00,2021-10-10 12:00:00,294.54666,21.396667,ERCO
2021-10-10 13:00:00,2021-10-10 13:00:00,294.5522,21.402191,ERCO
2021-10-10 14:00:00,2021-10-10 14:00:00,295.5663,22.41632,ERCO
2021-10-10 15:00:00,2021-10-10 15:00:00,296.77756,23.627563,ERCO
2021-10-10 16:00:00,2021-10-10 16:00:00,298.13434,24.984344,ERCO
2021-10-10 17:00:00,2021-10-10 17:00:00,299.50058,26.350586,ERCO
2021-10-10 18:00:00,2021-10-10 18:00:00,300.764,27.614014,ERCO
2021-10-10 19:00:00,2021-10-10 19:00:00,301.866,28.716003,ERCO
2021-10-10 20:00:00,2021-10-10 20:00:00,302.6989,29.54892,ERCO
2021-10-10 21:00:00,2021-10-10 21:00:00,303.20737,30.057373,ERCO
2021-10-10 22:00:00,2021-10-10 22:00:00,303.3052,30.155212,ERCO
2021-10-10 23:00:00,2021-10-10 23:00:00,302.8866,29.736603,ERCO
2021-10-11 00:00:00,2021-10-11 00:00:00,301.8088,28.658813,ERCO
2021-10-11 01:00:00,2021-10-11 01:00:00,300.58206,27.432068,ERCO
2021-10-11 02:00:00,2021-10-11 02:00:00,299.45352,26.303528,ERCO
2021-10-11 03:00:00,2021-10-11 03:00:00,298.28043,25.130432,ERCO
2021-10-11 04:00:00,2021-10-11 04:00:00,297.10565,23.955658,ERCO
2021-10-11 05:00:00,2021-10-11 05:00:00,296.199,23.049011,ERCO
2021-10-11 06:00:00,2021-10-11 06:00:00,295.50232,22.352325,ERCO
2021-10-11 07:00:00,2021-10-11 07:00:00,294.908,21.757996,ERCO
2021-10-11 08:00:00,2021-10-11 08:00:00,294.37372,21.223724,ERCO
2021-10-11 09:00:00,2021-10-11 09:00:00,293.8803,20.730316,ERCO
2021-10-11 10:00:00,2021-10-11 10:00:00,293.3987,20.248718,ERCO
2021-10-11 11:00:00,2021-10-11 11:00:00,292.92892,19.77893,ERCO
2021-10-11 12:00:00,2021-10-11 12:00:00,292.4408,19.290802,ERCO
2021-10-11 13:00:00,2021-10-11 13:00:00,292.0446,18.894592,ERCO
2021-10-11 14:00:00,2021-10-11 14:00:00,292.82312,19.673126,ERCO
2021-10-11 15:00:00,2021-10-11 15:00:00,293.97195,20.82196,ERCO
2021-10-11 16:00:00,2021-10-11 16:00:00,295.26715,22.117157,ERCO
2021-10-11 17:00:00,2021-10-11 17:00:00,296.44943,23.299438,ERCO
2021-10-11 18:00:00,2021-10-11 18:00:00,297.51953,24.369537,ERCO
2021-10-11 19:00:00,2021-10-11 19:00:00,298.44904,25.299042,ERCO
2021-10-11 20:00:00,2021-10-11 20:00:00,299.20108,26.051086,ERCO
2021-10-11 21:00:00,2021-10-11 21:00:00,299.7587,26.608704,ERCO
2021-10-11 22:00:00,2021-10-11 22:00:00,300.0664,26.916412,ERCO
2021-10-11 23:00:00,2021-10-11 23:00:00,300.06207,26.912079,ERCO
2021-10-12 00:00:00,2021-10-12 00:00:00,299.55234,26.402344,ERCO
2021-10-12 01:00:00,2021-10-12 01:00:00,298.76187,25.611877,ERCO
2021-10-12 02:00:00,2021-10-12 02:00:00,298.0676,24.917603,ERCO
2021-10-12 03:00:00,2021-10-12 03:00:00,297.30484,24.154846,ERCO
2021-10-12 04:00:00,2021-10-12 04:00:00,296.56644,23.416443,ERCO
2021-10-12 05:00:00,2021-10-12 05:00:00,295.97348,22.823486,ERCO
2021-10-12 06:00:00,2021-10-12 06:00:00,295.52615,22.37616,ERCO
2021-10-12 07:00:00,2021-10-12 07:00:00,295.17368,22.023682,ERCO
2021-10-12 08:00:00,2021-10-12 08:00:00,294.93585,21.785858,ERCO
2021-10-12 09:00:00,2021-10-12 09:00:00,294.76553,21.61554,ERCO
2021-10-12 10:00:00,2021-10-12 10:00:00,294.66492,21.514923,ERCO
2021-10-12 11:00:00,2021-10-12 11:00:00,294.62698,21.47699,ERCO
2021-10-12 12:00:00,2021-10-12 12:00:00,294.62415,21.474152,ERCO
2021-10-12 13:00:00,2021-10-12 13:00:00,294.721,21.571014,ERCO
2021-10-12 14:00:00,2021-10-12 14:00:00,295.60733,22.457336,ERCO
2021-10-12 15:00:00,2021-10-12 15:00:00,296.7423,23.592316,ERCO
2021-10-12 16:00:00,2021-10-12 16:00:00,298.03296,24.882965,ERCO
2021-10-12 17:00:00,2021-10-12 17:00:00,299.3031,26.153107,ERCO
2021-10-12 18:00:00,2021-10-12 18:00:00,300.53687,27.386871,ERCO
2021-10-12 19:00:00,2021-10-12 19:00:00,301.64545,28.495453,ERCO
2021-10-12 20:00:00,2021-10-12 20:00:00,302.48462,29.334625,ERCO
2021-10-12 21:00:00,2021-10-12 21:00:00,303.01425,29.864258,ERCO
2021-10-12 22:00:00,2021-10-12 22:00:00,303.19492,30.044922,ERCO
2021-10-12 23:00:00,2021-10-12 23:00:00,302.98502,29.835022,ERCO
2021-10-13 00:00:00,2021-10-13 00:00:00,302.23285,29.082855,ERCO
2021-10-13 01:00:00,2021-10-13 01:00:00,301.38898,28.238983,ERCO
2021-10-13 02:00:00,2021-10-13 02:00:00,300.53168,27.381683,ERCO
2021-10-13 03:00:00,2021-10-13 03:00:00,299.80365,26.653656,ERCO
2021-10-13 04:00:00,2021-10-13 04:00:00,299.19202,26.042023,ERCO
2021-10-13 05:00:00,2021-10-13 05:00:00,298.64688,25.496887,ERCO
2021-10-13 06:00:00,2021-10-13 06:00:00,298.16534,25.01535,ERCO
2021-10-13 07:00:00,2021-10-13 07:00:00,297.70068,24.55069,ERCO
2021-10-13 08:00:00,2021-10-13 08:00:00,297.27338,24.123383,ERCO
2021-10-13 09:00:00,2021-10-13 09:00:00,296.8741,23.724121,ERCO
2021-10-13 10:00:00,2021-10-13 10:00:00,296.48828,23.338287,ERCO
2021-10-13 11:00:00,2021-10-13 11:00:00,296.17072,23.020721,ERCO
2021-10-13 12:00:00,2021-10-13 12:00:00,295.82654,22.676544,ERCO
2021-10-13 13:00:00,2021-10-13 13:00:00,295.50278,22.352783,ERCO
2021-10-13 14:00:00,2021-10-13 14:00:00,295.9015,22.751495,ERCO
2021-10-13 15:00:00,2021-10-13 15:00:00,296.56757,23.417572,ERCO
2021-10-13 16:00:00,2021-10-13 16:00:00,297.2594,24.109406,ERCO
2021-10-13 17:00:00,2021-10-13 17:00:00,297.88654,24.736542,ERCO
2021-10-13 18:00:00,2021-10-13 18:00:00,298.46298,25.312988,ERCO
2021-10-13 19:00:00,2021-10-13 19:00:00,298.93115,25.781158,ERCO
2021-10-13 20:00:00,2021-10-13 20:00:00,299.20544,26.05545,ERCO
2021-10-13 21:00:00,2021-10-13 21:00:00,299.2632,26.11322,ERCO
2021-10-13 22:00:00,2021-10-13 22:00:00,299.03555,25.88556,ERCO
2021-10-13 23:00:00,2021-10-13 23:00:00,298.57996,25.429962,ERCO
2021-10-14 00:00:00,2021-10-14 00:00:00,297.84995,24.699951,ERCO
2021-10-14 01:00:00,2021-10-14 01:00:00,297.0454,23.895416,ERCO
2021-10-14 02:00:00,2021-10-14 02:00:00,296.3816,23.231598,ERCO
2021-10-14 03:00:00,2021-10-14 03:00:00,295.8604,22.710419,ERCO
2021-10-14 04:00:00,2021-10-14 04:00:00,295.41177,22.26178,ERCO
2021-10-14 05:00:00,2021-10-14 05:00:00,295.03445,21.88446,ERCO
2021-10-14 06:00:00,2021-10-14 06:00:00,294.73676,21.586761,ERCO
2021-10-14 07:00:00,2021-10-14 07:00:00,294.44376,21.293762,ERCO
2021-10-14 08:00:00,2021-10-14 08:00:00,294.172,21.022003,ERCO
2021-10-14 09:00:00,2021-10-14 09:00:00,293.9331,20.783112,ERCO
2021-10-14 10:00:00,2021-10-14 10:00:00,293.74054,20.590546,ERCO
2021-10-14 11:00:00,2021-10-14 11:00:00,293.59793,20.447937,ERCO
2021-10-14 12:00:00,2021-10-14 12:00:00,293.47916,20.329163,ERCO
2021-10-14 13:00:00,2021-10-14 13:00:00,293.3967,20.246704,ERCO
2021-10-14 14:00:00,2021-10-14 14:00:00,293.95746,20.807465,ERCO
2021-10-14 15:00:00,2021-10-14 15:00:00,294.87186,21.721863,ERCO
2021-10-14 16:00:00,2021-10-14 16:00:00,295.98538,22.835388,ERCO
2021-10-14 17:00:00,2021-10-14 17:00:00,297.10556,23.955566,ERCO
2021-10-14 18:00:00,2021-10-14 18:00:00,298.11945,24.969452,ERCO
2021-10-14 19:00:00,2021-10-14 19:00:00,298.97873,25.828735,ERCO
2021-10-14 20:00:00,2021-10-14 20:00:00,299.63855,26.488556,ERCO
2021-10-14 21:00:00,2021-10-14 21:00:00,300.09946,26.949463,ERCO
2021-10-14 22:00:00,2021-10-14 22:00:00,300.31357,27.163574,ERCO
2021-10-14 23:00:00,2021-10-14 23:00:00,300.2353,27.085297,ERCO
2021-10-15 00:00:00,2021-10-15 00:00:00,299.69394,26.543945,ERCO
2021-10-15 01:00:00,2021-10-15 01:00:00,298.9143,25.764313,ERCO
2021-10-15 02:00:00,2021-10-15 02:00:00,298.16956,25.019562,ERCO
2021-10-15 03:00:00,2021-10-15 03:00:00,297.4622,24.312195,ERCO
2021-10-15 04:00:00,2021-10-15 04:00:00,296.82437,23.674377,ERCO
2021-10-15 05:00:00,2021-10-15 05:00:00,296.2644,23.11441,ERCO
2021-10-15 06:00:00,2021-10-15 06:00:00,295.77072,22.620728,ERCO
2021-10-15 07:00:00,2021-10-15 07:00:00,295.35547,22.205475,ERCO
2021-10-15 08:00:00,2021-10-15 08:00:00,294.97232,21.822327,ERCO
2021-10-15 09:00:00,2021-10-15 09:00:00,294.60464,21.45465,ERCO
2021-10-15 10:00:00,2021-10-15 10:00:00,294.25317,21.10318,ERCO
2021-10-15 11:00:00,2021-10-15 11:00:00,293.93152,20.781525,ERCO
2021-10-15 12:00:00,2021-10-15 12:00:00,293.6088,20.458801,ERCO
2021-10-15 13:00:00,2021-10-15 13:00:00,293.3155,20.165497,ERCO
2021-10-15 14:00:00,2021-10-15 14:00:00,293.724,20.574005,ERCO
2021-10-15 15:00:00,2021-10-15 15:00:00,294.4235,21.273499,ERCO
2021-10-15 16:00:00,2021-10-15 16:00:00,295.28677,22.13678,ERCO
2021-10-15 17:00:00,2021-10-15 17:00:00,296.09683,22.946838,ERCO
2021-10-15 18:00:00,2021-10-15 18:00:00,296.7889,23.638916,ERCO
2021-10-15 19:00:00,2021-10-15 19:00:00,297.31693,24.166931,ERCO
2021-10-15 20:00:00,2021-10-15 20:00:00,297.62576,24.475769,ERCO
2021-10-15 21:00:00,2021-10-15 21:00:00,297.69913,24.549133,ERCO
2021-10-15 22:00:00,2021-10-15 22:00:00,297.4954,24.345398,ERCO
2021-10-15 23:00:00,2021-10-15 23:00:00,296.93768,23.78769,ERCO
2021-10-16 00:00:00,2021-10-16 00:00:00,295.94366,22.79367,ERCO
2021-10-16 01:00:00,2021-10-16 01:00:00,294.90546,21.755463,ERCO
2021-10-16 02:00:00,2021-10-16 02:00:00,293.95804,20.808044,ERCO
2021-10-16 03:00:00,2021-10-16 03:00:00,293.00745,19.857452,ERCO
2021-10-16 04:00:00,2021-10-16 04:00:00,292.0394,18.889404,ERCO
2021-10-16 05:00:00,2021-10-16 05:00:00,291.0947,17.944702,ERCO
2021-10-16 06:00:00,2021-10-16 06:00:00,290.21255,17.062561,ERCO
2021-10-16 07:00:00,2021-10-16 07:00:00,289.4076,16.257599,ERCO
2021-10-16 08:00:00,2021-10-16 08:00:00,288.66534,15.51535,ERCO
2021-10-16 09:00:00,2021-10-16 09:00:00,287.97882,14.828827,ERCO
2021-10-16 10:00:00,2021-10-16 10:00:00,287.3482,14.198212,ERCO
2021-10-16 11:00:00,2021-10-16 11:00:00,286.77805,13.628052,ERCO
2021-10-16 12:00:00,2021-10-16 12:00:00,286.2546,13.104614,ERCO
2021-10-16 13:00:00,2021-10-16 13:00:00,285.89603,12.746033,ERCO
2021-10-16 14:00:00,2021-10-16 14:00:00,286.87363,13.723633,ERCO
2021-10-16 15:00:00,2021-10-16 15:00:00,288.39658,15.246582,ERCO
2021-10-16 16:00:00,2021-10-16 16:00:00,289.7511,16.601105,ERCO
2021-10-16 17:00:00,2021-10-16 17:00:00,290.74835,17.598358,ERCO
2021-10-16 18:00:00,2021-10-16 18:00:00,291.60617,18.456177,ERCO
2021-10-16 19:00:00,2021-10-16 19:00:00,292.34796,19.197968,ERCO
2021-10-16 20:00:00,2021-10-16 20:00:00,292.93646,19.786469,ERCO
2021-10-16 21:00:00,2021-10-16 21:00:00,293.34348,20.193481,ERCO
2021-10-16 22:00:00,2021-10-16 22:00:00,293.5286,20.378601,ERCO
2021-10-16 23:00:00,2021-10-16 23:00:00,293.41443,20.264435,ERCO
2021-10-17 00:00:00,2021-10-17 00:00:00,292.7454,19.595398,ERCO
2021-10-17 01:00:00,2021-10-17 01:00:00,291.86246,18.712463,ERCO
2021-10-17 02:00:00,2021-10-17 02:00:00,290.9749,17.82492,ERCO
2021-10-17 03:00:00,2021-10-17 03:00:00,290.0804,16.93042,ERCO
2021-10-17 04:00:00,2021-10-17 04:00:00,289.23938,16.089386,ERCO
2021-10-17 05:00:00,2021-10-17 05:00:00,288.47815,15.3281555,ERCO
2021-10-17 06:00:00,2021-10-17 06:00:00,287.81284,14.662842,ERCO
2021-10-17 07:00:00,2021-10-17 07:00:00,287.2077,14.057709,ERCO
2021-10-17 08:00:00,2021-10-17 08:00:00,286.6482,13.498199,ERCO
2021-10-17 09:00:00,2021-10-17 09:00:00,286.1183,12.968292,ERCO
2021-10-17 10:00:00,2021-10-17 10:00:00,285.6544,12.504395,ERCO
2021-10-17 11:00:00,2021-10-17 11:00:00,285.25882,12.108826,ERCO
2021-10-17 12:00:00,2021-10-17 12:00:00,284.88773,11.737732,ERCO
2021-10-17 13:00:00,2021-10-17 13:00:00,284.626,11.476013,ERCO
2021-10-17 14:00:00,2021-10-17 14:00:00,285.9737,12.8237,ERCO
2021-10-17 15:00:00,2021-10-17 15:00:00,288.06894,14.918945,ERCO
2021-10-17 16:00:00,2021-10-17 16:00:00,290.12976,16.979767,ERCO
2021-10-17 17:00:00,2021-10-17 17:00:00,291.58505,18.435059,ERCO
2021-10-17 18:00:00,2021-10-17 18:00:00,292.55142,19.401428,ERCO
2021-10-17 19:00:00,2021-10-17 19:00:00,293.2975,20.147491,ERCO
2021-10-17 20:00:00,2021-10-17 20:00:00,293.8692,20.719208,ERCO
2021-10-17 21:00:00,2021-10-17 21:00:00,294.25113,21.101135,ERCO
2021-10-17 22:00:00,2021-10-17 22:00:00,294.40582,21.255829,ERCO
2021-10-17 23:00:00,2021-10-17 23:00:00,294.2672,21.117218,ERCO
2021-10-18 00:00:00,2021-10-18 00:00:00,293.59235,20.442352,ERCO
2021-10-18 01:00:00,2021-10-18 01:00:00,292.69986,19.549866,ERCO
2021-10-18 02:00:00,2021-10-18 02:00:00,291.80496,18.654968,ERCO
2021-10-18 03:00:00,2021-10-18 03:00:00,290.9179,17.767914,ERCO
2021-10-18 04:00:00,2021-10-18 04:00:00,290.07996,16.929962,ERCO
2021-10-18 05:00:00,2021-10-18 05:00:00,289.33002,16.180023,ERCO
2021-10-18 06:00:00,2021-10-18 06:00:00,288.6832,15.533203,ERCO
2021-10-18 07:00:00,2021-10-18 07:00:00,288.1013,14.951294,ERCO
2021-10-18 08:00:00,2021-10-18 08:00:00,287.57468,14.424683,ERCO
2021-10-18 09:00:00,2021-10-18 09:00:00,287.10822,13.958221,ERCO
2021-10-18 10:00:00,2021-10-18 10:00:00,286.69662,13.546631,ERCO
2021-10-18 11:00:00,2021-10-18 11:00:00,286.36353,13.2135315,ERCO
2021-10-18 12:00:00,2021-10-18 12:00:00,286.0552,12.905212,ERCO
2021-10-18 13:00:00,2021-10-18 13:00:00,285.8602,12.710205,ERCO
2021-10-18 14:00:00,2021-10-18 14:00:00,287.49005,14.340057,ERCO
2021-10-18 15:00:00,2021-10-18 15:00:00,289.38214,16.232147,ERCO
2021-10-18 16:00:00,2021-10-18 16:00:00,291.25256,18.10257,ERCO
2021-10-18 17:00:00,2021-10-18 17:00:00,292.7525,19.602509,ERCO
2021-10-18 18:00:00,2021-10-18 18:00:00,293.97226,20.822266,ERCO
2021-10-18 19:00:00,2021-10-18 19:00:00,294.9635,21.813507,ERCO
2021-10-18 20:00:00,2021-10-18 20:00:00,295.71176,22.561768,ERCO
2021-10-18 21:00:00,2021-10-18 21:00:00,296.1863,23.036316,ERCO
2021-10-18 22:00:00,2021-10-18 22:00:00,296.346,23.196014,ERCO
2021-10-18 23:00:00,2021-10-18 23:00:00,296.12534,22.975342,ERCO
2021-10-19 00:00:00,2021-10-19 00:00:00,295.30484,22.154846,ERCO
2021-10-19 01:00:00,2021-10-19 01:00:00,294.42502,21.275024,ERCO
2021-10-19 02:00:00,2021-10-19 02:00:00,293.61957,20.469574,ERCO
2021-10-19 03:00:00,2021-10-19 03:00:00,292.8815,19.731506,ERCO
2021-10-19 04:00:00,2021-10-19 04:00:00,292.1859,19.03592,ERCO
2021-10-19 05:00:00,2021-10-19 05:00:00,291.61432,18.464325,ERCO
2021-10-19 06:00:00,2021-10-19 06:00:00,291.13202,17.982025,ERCO
2021-10-19 07:00:00,2021-10-19 07:00:00,290.71884,17.568848,ERCO
2021-10-19 08:00:00,2021-10-19 08:00:00,290.3512,17.201202,ERCO
2021-10-19 09:00:00,2021-10-19 09:00:00,290.02524,16.875244,ERCO
2021-10-19 10:00:00,2021-10-19 10:00:00,289.7298,16.579803,ERCO
2021-10-19 11:00:00,2021-10-19 11:00:00,289.4917,16.341705,ERCO
2021-10-19 12:00:00,2021-10-19 12:00:00,289.27313,16.123138,ERCO
2021-10-19 13:00:00,2021-10-19 13:00:00,289.16748,16.017487,ERCO
2021-10-19 14:00:00,2021-10-19 14:00:00,290.47144,17.321442,ERCO
2021-10-19 15:00:00,2021-10-19 15:00:00,292.0968,18.946808,ERCO
2021-10-19 16:00:00,2021-10-19 16:00:00,293.84192,20.691925,ERCO
2021-10-19 17:00:00,2021-10-19 17:00:00,295.37753,22.22754,ERCO
2021-10-19 18:00:00,2021-10-19 18:00:00,296.6579,23.507904,ERCO
2021-10-19 19:00:00,2021-10-19 19:00:00,297.72388,24.573883,ERCO
2021-10-19 20:00:00,2021-10-19 20:00:00,298.52667,25.376678,ERCO
2021-10-19 21:00:00,2021-10-19 21:00:00,299.03885,25.888855,ERCO
2021-10-19 22:00:00,2021-10-19 22:00:00,299.22943,26.079437,ERCO
2021-10-19 23:00:00,2021-10-19 23:00:00,299.01743,25.867432,ERCO
2021-10-20 00:00:00,2021-10-20 00:00:00,298.2253,25.075317,ERCO
2021-10-20 01:00:00,2021-10-20 01:00:00,297.35663,24.206635,ERCO
2021-10-20 02:00:00,2021-10-20 02:00:00,296.52698,23.376984,ERCO
2021-10-20 03:00:00,2021-10-20 03:00:00,295.70435,22.554352,ERCO
2021-10-20 04:00:00,2021-10-20 04:00:00,294.94986,21.799866,ERCO
2021-10-20 05:00:00,2021-10-20 05:00:00,294.26392,21.113922,ERCO
2021-10-20 06:00:00,2021-10-20 06:00:00,293.67456,20.524567,ERCO
2021-10-20 07:00:00,2021-10-20 07:00:00,293.17728,20.027283,ERCO
2021-10-20 08:00:00,2021-10-20 08:00:00,292.76993,19.619934,ERCO
2021-10-20 09:00:00,2021-10-20 09:00:00,292.4429,19.292908,ERCO
2021-10-20 10:00:00,2021-10-20 10:00:00,292.15314,19.003143,ERCO
2021-10-20 11:00:00,2021-10-20 11:00:00,291.91583,18.765839,ERCO
2021-10-20 12:00:00,2021-10-20 12:00:00,291.69717,18.54718,ERCO
2021-10-20 13:00:00,2021-10-20 13:00:00,291.54285,18.392853,ERCO
2021-10-20 14:00:00,2021-10-20 14:00:00,292.389,19.239014,ERCO
2021-10-20 15:00:00,2021-10-20 15:00:00,293.58282,20.43283,ERCO
2021-10-20 16:00:00,2021-10-20 16:00:00,294.8925,21.742493,ERCO
2021-10-20 17:00:00,2021-10-20 17:00:00,296.15607,23.006073,ERCO
2021-10-20 18:00:00,2021-10-20 18:00:00,297.2885,24.13852,ERCO
2021-10-20 19:00:00,2021-10-20 19:00:00,298.23297,25.082977,ERCO
2021-10-20 20:00:00,2021-10-20 20:00:00,298.9468,25.796814,ERCO
2021-10-20 21:00:00,2021-10-20 21:00:00,299.4226,26.272614,ERCO
2021-10-20 22:00:00,2021-10-20 22:00:00,299.6409,26.490906,ERCO
2021-10-20 23:00:00,2021-10-20 23:00:00,299.54837,26.398376,ERCO
2021-10-21 00:00:00,2021-10-21 00:00:00,298.98474,25.834747,ERCO
2021-10-21 01:00:00,2021-10-21 01:00:00,298.16013,25.010132,ERCO
2021-10-21 02:00:00,2021-10-21 02:00:00,297.33136,24.181366,ERCO
2021-10-21 03:00:00,2021-10-21 03:00:00,296.51437,23.36438,ERCO
2021-10-21 04:00:00,2021-10-21 04:00:00,295.73267,22.582672,ERCO
2021-10-21 05:00:00,2021-10-21 05:00:00,295.0519,21.901917,ERCO
2021-10-21 06:00:00,2021-10-21 06:00:00,294.4794,21.329407,ERCO
2021-10-21 07:00:00,2021-10-21 07:00:00,293.96268,20.812683,ERCO
2021-10-21 08:00:00,2021-10-21 08:00:00,293.53333,20.383331,ERCO
2021-10-21 09:00:00,2021-10-21 09:00:00,293.17023,20.020233,ERCO
2021-10-21 10:00:00,2021-10-21 10:00:00,292.84628,19.69629,ERCO
2021-10-21 11:00:00,2021-10-21 11:00:00,292.57108,19.421082,ERCO
2021-10-21 12:00:00,2021-10-21 12:00:00,292.33228,19.182281,ERCO
2021-10-21 13:00:00,2021-10-21 13:00:00,292.1433,18.993317,ERCO
2021-10-21 14:00:00,2021-10-21 14:00:00,292.70267,19.552673,ERCO
2021-10-21 15:00:00,2021-10-21 15:00:00,293.81055,20.660553,ERCO
2021-10-21 16:00:00,2021-10-21 16:00:00,295.1084,21.958405,ERCO
2021-10-21 17:00:00,2021-10-21 17:00:00,296.2936,23.143616,ERCO
2021-10-21 18:00:00,2021-10-21 18:00:00,297.33218,24.18219,ERCO
2021-10-21 19:00:00,2021-10-21 19:00:00,298.1812,25.03122,ERCO
2021-10-21 20:00:00,2021-10-21 20:00:00,298.8358,25.685791,ERCO
2021-10-21 21:00:00,2021-10-21 21:00:00,299.27728,26.127289,ERCO
2021-10-21 22:00:00,2021-10-21 22:00:00,299.46637,26.316376,ERCO
2021-10-21 23:00:00,2021-10-21 23:00:00,299.34872,26.19873,ERCO
2021-10-22 00:00:00,2021-10-22 00:00:00,298.75998,25.609985,ERCO
2021-10-22 01:00:00,2021-10-22 01:00:00,297.97104,24.821045,ERCO
2021-10-22 02:00:00,2021-10-22 02:00:00,297.1906,24.040619,ERCO
2021-10-22 03:00:00,2021-10-22 03:00:00,296.44992,23.299927,ERCO
2021-10-22 04:00:00,2021-10-22 04:00:00,295.76053,22.610535,ERCO
2021-10-22 05:00:00,2021-10-22 05:00:00,295.11716,21.967163,ERCO
2021-10-22 06:00:00,2021-10-22 06:00:00,294.53973,21.38974,ERCO
2021-10-22 07:00:00,2021-10-22 07:00:00,294.0348,20.884796,ERCO
2021-10-22 08:00:00,2021-10-22 08:00:00,293.63724,20.487244,ERCO
2021-10-22 09:00:00,2021-10-22 09:00:00,293.31042,20.16043,ERCO
2021-10-22 10:00:00,2021-10-22 10:00:00,293.05435,19.904358,ERCO
2021-10-22 11:00:00,2021-10-22 11:00:00,292.83472,19.684723,ERCO
2021-10-22 12:00:00,2021-10-22 12:00:00,292.63513,19.485138,ERCO
2021-10-22 13:00:00,2021-10-22 13:00:00,292.50815,19.358154,ERCO
2021-10-22 14:00:00,2021-10-22 14:00:00,293.07812,19.928131,ERCO
2021-10-22 15:00:00,2021-10-22 15:00:00,294.07043,20.92044,ERCO
2021-10-22 16:00:00,2021-10-22 16:00:00,295.31296,22.162964,ERCO
2021-10-22 17:00:00,2021-10-22 17:00:00,296.58383,23.433838,ERCO
2021-10-22 18:00:00,2021-10-22 18:00:00,297.74744,24.597443,ERCO
2021-10-22 19:00:00,2021-10-22 19:00:00,298.7018,25.551819,ERCO
2021-10-22 20:00:00,2021-10-22 20:00:00,299.43643,26.286438,ERCO
2021-10-22 21:00:00,2021-10-22 21:00:00,299.91946,26.76947,ERCO
2021-10-22 22:00:00,2021-10-22 22:00:00,300.0954,26.945404,ERCO
2021-10-22 23:00:00,2021-10-22 23:00:00,299.95352,26.803528,ERCO
2021-10-23 00:00:00,2021-10-23 00:00:00,299.30063,26.150635,ERCO
2021-10-23 01:00:00,2021-10-23 01:00:00,298.53714,25.387146,ERCO
2021-10-23 02:00:00,2021-10-23 02:00:00,297.7966,24.646606,ERCO
2021-10-23 03:00:00,2021-10-23 03:00:00,297.07324,23.923248,ERCO
2021-10-23 04:00:00,2021-10-23 04:00:00,296.38498,23.234985,ERCO
2021-10-23 05:00:00,2021-10-23 05:00:00,295.7712,22.621216,ERCO
2021-10-23 06:00:00,2021-10-23 06:00:00,295.26645,22.116455,ERCO
2021-10-23 07:00:00,2021-10-23 07:00:00,294.8202,21.670197,ERCO
2021-10-23 08:00:00,2021-10-23 08:00:00,294.43054,21.280548,ERCO
2021-10-23 09:00:00,2021-10-23 09:00:00,294.11426,20.964264,ERCO
2021-10-23 10:00:00,2021-10-23 10:00:00,293.8764,20.72641,ERCO
2021-10-23 11:00:00,2021-10-23 11:00:00,293.69324,20.543243,ERCO
2021-10-23 12:00:00,2021-10-23 12:00:00,293.5465,20.396515,ERCO
2021-10-23 13:00:00,2021-10-23 13:00:00,293.48642,20.336426,ERCO
2021-10-23 14:00:00,2021-10-23 14:00:00,294.32108,21.171082,ERCO
2021-10-23 15:00:00,2021-10-23 15:00:00,295.41534,22.26535,ERCO
2021-10-23 16:00:00,2021-10-23 16:00:00,296.5756,23.425598,ERCO
2021-10-23 17:00:00,2021-10-23 17:00:00,297.75388,24.603882,ERCO
2021-10-23 18:00:00,2021-10-23 18:00:00,298.8758,25.7258,ERCO
2021-10-23 19:00:00,2021-10-23 19:00:00,299.81363,26.663635,ERCO
2021-10-23 20:00:00,2021-10-23 20:00:00,300.48773,27.337738,ERCO
2021-10-23 21:00:00,2021-10-23 21:00:00,300.85095,27.700958,ERCO
2021-10-23 22:00:00,2021-10-23 22:00:00,300.86362,27.713623,ERCO
2021-10-23 23:00:00,2021-10-23 23:00:00,300.43127,27.28128,ERCO
2021-10-24 00:00:00,2021-10-24 00:00:00,299.5798,26.42981,ERCO
2021-10-24 01:00:00,2021-10-24 01:00:00,298.83646,25.686462,ERCO
2021-10-24 02:00:00,2021-10-24 02:00:00,298.23996,25.089966,ERCO
2021-10-24 03:00:00,2021-10-24 03:00:00,297.65817,24.508179,ERCO
2021-10-24 04:00:00,2021-10-24 04:00:00,297.07086,23.920868,ERCO
2021-10-24 05:00:00,2021-10-24 05:00:00,296.53528,23.385284,ERCO
2021-10-24 06:00:00,2021-10-24 06:00:00,296.07883,22.928833,ERCO
2021-10-24 07:00:00,2021-10-24 07:00:00,295.68222,22.532227,ERCO
2021-10-24 08:00:00,2021-10-24 08:00:00,295.3611,22.21112,ERCO
2021-10-24 09:00:00,2021-10-24 09:00:00,295.1022,21.95221,ERCO
2021-10-24 10:00:00,2021-10-24 10:00:00,294.8923,21.74231,ERCO
2021-10-24 11:00:00,2021-10-24 11:00:00,294.73657,21.586578,ERCO
2021-10-24 12:00:00,2021-10-24 12:00:00,294.58194,21.431946,ERCO
2021-10-24 13:00:00,2021-10-24 13:00:00,294.44196,21.291962,ERCO
2021-10-24 14:00:00,2021-10-24 14:00:00,295.1465,21.996521,ERCO
2021-10-24 15:00:00,2021-10-24 15:00:00,296.227,23.076996,ERCO
2021-10-24 16:00:00,2021-10-24 16:00:00,297.42752,24.277527,ERCO
2021-10-24 17:00:00,2021-10-24 17:00:00,298.6489,25.498901,ERCO
2021-10-24 18:00:00,2021-10-24 18:00:00,299.72253,26.57254,ERCO
2021-10-24 19:00:00,2021-10-24 19:00:00,300.64035,27.490356,ERCO
2021-10-24 20:00:00,2021-10-24 20:00:00,301.3673,28.217316,ERCO
2021-10-24 21:00:00,2021-10-24 21:00:00,301.8617,28.7117,ERCO
2021-10-24 22:00:00,2021-10-24 22:00:00,302.08527,28.935272,ERCO
2021-10-24 23:00:00,2021-10-24 23:00:00,301.91132,28.761322,ERCO
2021-10-25 00:00:00,2021-10-25 00:00:00,301.10764,27.957642,ERCO
2021-10-25 01:00:00,2021-10-25 01:00:00,300.09366,26.943665,ERCO
2021-10-25 02:00:00,2021-10-25 02:00:00,299.14505,25.995056,ERCO
2021-10-25 03:00:00,2021-10-25 03:00:00,298.25616,25.10617,ERCO
2021-10-25 04:00:00,2021-10-25 04:00:00,297.4015,24.251495,ERCO
2021-10-25 05:00:00,2021-10-25 05:00:00,296.5756,23.425598,ERCO
2021-10-25 06:00:00,2021-10-25 06:00:00,295.8343,22.684296,ERCO
2021-10-25 07:00:00,2021-10-25 07:00:00,295.1637,22.013702,ERCO
2021-10-25 08:00:00,2021-10-25 08:00:00,294.55847,21.408478,ERCO
2021-10-25 09:00:00,2021-10-25 09:00:00,294.02237,20.872375,ERCO
2021-10-25 10:00:00,2021-10-25 10:00:00,293.58347,20.433472,ERCO
2021-10-25 11:00:00,2021-10-25 11:00:00,293.22287,20.072876,ERCO
2021-10-25 12:00:00,2021-10-25 12:00:00,292.9002,19.750214,ERCO
2021-10-25 13:00:00,2021-10-25 13:00:00,292.6054,19.455414,ERCO
2021-10-25 14:00:00,2021-10-25 14:00:00,293.0619,19.911896,ERCO
2021-10-25 15:00:00,2021-10-25 15:00:00,294.2769,21.126892,ERCO
2021-10-25 16:00:00,2021-10-25 16:00:00,295.7743,22.624298,ERCO
2021-10-25 17:00:00,2021-10-25 17:00:00,297.4485,24.298492,ERCO
2021-10-25 18:00:00,2021-10-25 18:00:00,299.01605,25.866058,ERCO
2021-10-25 19:00:00,2021-10-25 19:00:00,300.3137,27.163696,ERCO
2021-10-25 20:00:00,2021-10-25 20:00:00,301.28073,28.130737,ERCO
2021-10-25 21:00:00,2021-10-25 21:00:00,301.89258,28.742584,ERCO
2021-10-25 22:00:00,2021-10-25 22:00:00,302.11896,28.968964,ERCO
2021-10-25 23:00:00,2021-10-25 23:00:00,301.9151,28.765106,ERCO
2021-10-26 00:00:00,2021-10-26 00:00:00,301.05176,27.901764,ERCO
2021-10-26 01:00:00,2021-10-26 01:00:00,300.03384,26.88385,ERCO
2021-10-26 02:00:00,2021-10-26 02:00:00,299.0507,25.900696,ERCO
2021-10-26 03:00:00,2021-10-26 03:00:00,298.1544,25.004395,ERCO
2021-10-26 04:00:00,2021-10-26 04:00:00,297.3609,24.210907,ERCO
2021-10-26 05:00:00,2021-10-26 05:00:00,296.6696,23.519592,ERCO
2021-10-26 06:00:00,2021-10-26 06:00:00,296.1045,22.954498,ERCO
2021-10-26 07:00:00,2021-10-26 07:00:00,295.63733,22.487335,ERCO
2021-10-26 08:00:00,2021-10-26 08:00:00,295.27515,22.125153,ERCO
2021-10-26 09:00:00,2021-10-26 09:00:00,295.01382,21.86383,ERCO
2021-10-26 10:00:00,2021-10-26 10:00:00,294.79037,21.64038,ERCO
2021-10-26 11:00:00,2021-10-26 11:00:00,294.61496,21.464966,ERCO
2021-10-26 12:00:00,2021-10-26 12:00:00,294.4842,21.334198,ERCO
2021-10-26 13:00:00,2021-10-26 13:00:00,294.42474,21.27475,ERCO
2021-10-26 14:00:00,2021-10-26 14:00:00,295.02182,21.871826,ERCO
2021-10-26 15:00:00,2021-10-26 15:00:00,295.9865,22.836517,ERCO
2021-10-26 16:00:00,2021-10-26 16:00:00,297.0342,23.884216,ERCO
2021-10-26 17:00:00,2021-10-26 17:00:00,298.20718,25.05719,ERCO
2021-10-26 18:00:00,2021-10-26 18:00:00,299.3873,26.237305,ERCO
2021-10-26 19:00:00,2021-10-26 19:00:00,300.42438,27.274384,ERCO
2021-10-26 20:00:00,2021-10-26 20:00:00,301.1975,28.047516,ERCO
2021-10-26 21:00:00,2021-10-26 21:00:00,301.6647,28.51471,ERCO
2021-10-26 22:00:00,2021-10-26 22:00:00,301.76968,28.61969,ERCO
2021-10-26 23:00:00,2021-10-26 23:00:00,301.43295,28.282959,ERCO
2021-10-27 00:00:00,2021-10-27 00:00:00,300.58224,27.432251,ERCO
2021-10-27 01:00:00,2021-10-27 01:00:00,299.7098,26.559814,ERCO
2021-10-27 02:00:00,2021-10-27 02:00:00,298.9054,25.755402,ERCO
2021-10-27 03:00:00,2021-10-27 03:00:00,298.21408,25.064087,ERCO
2021-10-27 04:00:00,2021-10-27 04:00:00,297.47592,24.325928,ERCO
2021-10-27 05:00:00,2021-10-27 05:00:00,296.84796,23.697968,ERCO
2021-10-27 06:00:00,2021-10-27 06:00:00,296.27972,23.12973,ERCO
2021-10-27 07:00:00,2021-10-27 07:00:00,295.71008,22.56009,ERCO
2021-10-27 08:00:00,2021-10-27 08:00:00,295.15338,22.003387,ERCO
2021-10-27 09:00:00,2021-10-27 09:00:00,294.57043,21.42044,ERCO
2021-10-27 10:00:00,2021-10-27 10:00:00,293.91467,20.764679,ERCO
2021-10-27 11:00:00,2021-10-27 11:00:00,293.197,20.046997,ERCO
2021-10-27 12:00:00,2021-10-27 12:00:00,292.40344,19.253448,ERCO
2021-10-27 13:00:00,2021-10-27 13:00:00,291.59625,18.446259,ERCO
2021-10-27 14:00:00,2021-10-27 14:00:00,291.57858,18.428589,ERCO
2021-10-27 15:00:00,2021-10-27 15:00:00,291.9786,18.828613,ERCO
2021-10-27 16:00:00,2021-10-27 16:00:00,292.51544,19.365448,ERCO
2021-10-27 17:00:00,2021-10-27 17:00:00,293.25415,20.104156,ERCO
2021-10-27 18:00:00,2021-10-27 18:00:00,293.97562,20.825623,ERCO
2021-10-27 19:00:00,2021-10-27 19:00:00,294.563,21.412994,ERCO
2021-10-27 20:00:00,2021-10-27 20:00:00,294.96927,21.819275,ERCO
2021-10-27 21:00:00,2021-10-27 21:00:00,295.17044,22.020447,ERCO
2021-10-27 22:00:00,2021-10-27 22:00:00,295.12225,21.97226,ERCO
2021-10-27 23:00:00,2021-10-27 23:00:00,294.73447,21.584473,ERCO
2021-10-28 00:00:00,2021-10-28 00:00:00,293.88654,20.736542,ERCO
2021-10-28 01:00:00,2021-10-28 01:00:00,293.22543,20.07544,ERCO
2021-10-28 02:00:00,2021-10-28 02:00:00,292.48578,19.335785,ERCO
2021-10-28 03:00:00,2021-10-28 03:00:00,291.63736,18.487366,ERCO
2021-10-28 04:00:00,2021-10-28 04:00:00,290.7637,17.613708,ERCO
2021-10-28 05:00:00,2021-10-28 05:00:00,290.0163,16.866302,ERCO
2021-10-28 06:00:00,2021-10-28 06:00:00,289.42334,16.273346,ERCO
2021-10-28 07:00:00,2021-10-28 07:00:00,288.9133,15.763306,ERCO
2021-10-28 08:00:00,2021-10-28 08:00:00,288.44812,15.298126,ERCO
2021-10-28 09:00:00,2021-10-28 09:00:00,288.01212,14.862122,ERCO
2021-10-28 10:00:00,2021-10-28 10:00:00,287.6622,14.512207,ERCO
2021-10-28 11:00:00,2021-10-28 11:00:00,287.37616,14.226166,ERCO
2021-10-28 12:00:00,2021-10-28 12:00:00,287.11118,13.961182,ERCO
2021-10-28 13:00:00,2021-10-28 13:00:00,286.88586,13.73587,ERCO
2021-10-28 14:00:00,2021-10-28 14:00:00,288.28806,15.138062,ERCO
2021-10-28 15:00:00,2021-10-28 15:00:00,289.9182,16.768219,ERCO
2021-10-28 16:00:00,2021-10-28 16:00:00,291.07904,17.929047,ERCO
2021-10-28 17:00:00,2021-10-28 17:00:00,291.9434,18.793396,ERCO
2021-10-28 18:00:00,2021-10-28 18:00:00,292.65012,19.500122,ERCO
2021-10-28 19:00:00,2021-10-28 19:00:00,293.2526,20.1026,ERCO
2021-10-28 20:00:00,2021-10-28 20:00:00,293.73422,20.584229,ERCO
2021-10-28 21:00:00,2021-10-28 21:00:00,294.05133,20.901337,ERCO
2021-10-28 22:00:00,2021-10-28 22:00:00,294.14246,20.992462,ERCO
2021-10-28 23:00:00,2021-10-28 23:00:00,293.84573,20.69574,ERCO
2021-10-29 00:00:00,2021-10-29 00:00:00,293.1236,19.973602,ERCO
2021-10-29 01:00:00,2021-10-29 01:00:00,292.4536,19.30362,ERCO
2021-10-29 02:00:00,2021-10-29 02:00:00,291.63184,18.481842,ERCO
2021-10-29 03:00:00,2021-10-29 03:00:00,290.75272,17.602722,ERCO
2021-10-29 04:00:00,2021-10-29 04:00:00,289.92825,16.77826,ERCO
2021-10-29 05:00:00,2021-10-29 05:00:00,289.21063,16.060638,ERCO
2021-10-29 06:00:00,2021-10-29 06:00:00,288.59323,15.443237,ERCO
2021-10-29 07:00:00,2021-10-29 07:00:00,288.02744,14.877441,ERCO
2021-10-29 08:00:00,2021-10-29 08:00:00,287.48758,14.337585,ERCO
2021-10-29 09:00:00,2021-10-29 09:00:00,286.9485,13.798492,ERCO
2021-10-29 10:00:00,2021-10-29 10:00:00,286.43262,13.282623,ERCO
2021-10-29 11:00:00,2021-10-29 11:00:00,285.94055,12.790558,ERCO
2021-10-29 12:00:00,2021-10-29 12:00:00,285.49323,12.343231,ERCO
2021-10-29 13:00:00,2021-10-29 13:00:00,285.10852,11.958527,ERCO
2021-10-29 14:00:00,2021-10-29 14:00:00,286.40967,13.259674,ERCO
2021-10-29 15:00:00,2021-10-29 15:00:00,287.80386,14.65387,ERCO
2021-10-29 16:00:00,2021-10-29 16:00:00,288.86813,15.71814,ERCO
2021-10-29 17:00:00,2021-10-29 17:00:00,289.93118,16.781189,ERCO
2021-10-29 18:00:00,2021-10-29 18:00:00,291.03143,17.88144,ERCO
2021-10-29 19:00:00,2021-10-29 19:00:00,292.0471,18.897095,ERCO
2021-10-29 20:00:00,2021-10-29 20:00:00,292.88165,19.731659,ERCO
2021-10-29 21:00:00,2021-10-29 21:00:00,293.4953,20.345306,ERCO
2021-10-29 22:00:00,2021-10-29 22:00:00,293.8451,20.695099,ERCO
2021-10-29 23:00:00,2021-10-29 23:00:00,293.76724,20.617249,ERCO
2021-10-30 00:00:00,2021-10-30 00:00:00,292.95325,19.803253,ERCO
2021-10-30 01:00:00,2021-10-30 01:00:00,291.95453,18.804535,ERCO
2021-10-30 02:00:00,2021-10-30 02:00:00,290.9102,17.760193,ERCO
2021-10-30 03:00:00,2021-10-30 03:00:00,289.93005,16.78006,ERCO
2021-10-30 04:00:00,2021-10-30 04:00:00,289.04565,15.89566,ERCO
2021-10-30 05:00:00,2021-10-30 05:00:00,288.2446,15.0946045,ERCO
2021-10-30 06:00:00,2021-10-30 06:00:00,287.54355,14.393555,ERCO
2021-10-30 07:00:00,2021-10-30 07:00:00,286.9035,13.7535095,ERCO
2021-10-30 08:00:00,2021-10-30 08:00:00,286.31613,13.166138,ERCO
2021-10-30 09:00:00,2021-10-30 09:00:00,285.79044,12.640442,ERCO
2021-10-30 10:00:00,2021-10-30 10:00:00,285.3244,12.174408,ERCO
2021-10-30 11:00:00,2021-10-30 11:00:00,284.90897,11.758972,ERCO
2021-10-30 12:00:00,2021-10-30 12:00:00,284.51773,11.367737,ERCO
2021-10-30 13:00:00,2021-10-30 13:00:00,284.17288,11.022888,ERCO
2021-10-30 14:00:00,2021-10-30 14:00:00,285.0371,11.8871155,ERCO
2021-10-30 15:00:00,2021-10-30 15:00:00,287.71964,14.569641,ERCO
2021-10-30 16:00:00,2021-10-30 16:00:00,290.11008,16.960083,ERCO
2021-10-30 17:00:00,2021-10-30 17:00:00,292.32614,19.176147,ERCO
2021-10-30 18:00:00,2021-10-30 18:00:00,294.1773,21.027313,ERCO
2021-10-30 19:00:00,2021-10-30 19:00:00,295.65152,22.501526,ERCO
2021-10-30 20:00:00,2021-10-30 20:00:00,296.75748,23.607483,ERCO
2021-10-30 21:00:00,2021-10-30 21:00:00,297.4934,24.343414,ERCO
2021-10-30 22:00:00,2021-10-30 22:00:00,297.835,24.684998,ERCO
2021-10-30 23:00:00,2021-10-30 23:00:00,297.64658,24.496582,ERCO
2021-10-31 00:00:00,2021-10-31 00:00:00,296.3739,23.223907,ERCO
2021-10-31 01:00:00,2021-10-31 01:00:00,294.93506,21.785065,ERCO
2021-10-31 02:00:00,2021-10-31 02:00:00,293.67532,20.52533,ERCO
2021-10-31 03:00:00,2021-10-31 03:00:00,292.58707,19.437073,ERCO
2021-10-31 04:00:00,2021-10-31 04:00:00,291.63766,18.48767,ERCO
2021-10-31 05:00:00,2021-10-31 05:00:00,290.8169,17.6669,ERCO
2021-10-31 06:00:00,2021-10-31 06:00:00,290.11398,16.96399,ERCO
2021-10-31 07:00:00,2021-10-31 07:00:00,289.46533,16.315338,ERCO
2021-10-31 08:00:00,2021-10-31 08:00:00,288.88565,15.735657,ERCO
2021-10-31 09:00:00,2021-10-31 09:00:00,288.35278,15.202789,ERCO
2021-10-31 10:00:00,2021-10-31 10:00:00,287.83682,14.686829,ERCO
2021-10-31 11:00:00,2021-10-31 11:00:00,287.3572,14.207214,ERCO
2021-10-31 12:00:00,2021-10-31 12:00:00,286.8763,13.726318,ERCO
2021-10-31 13:00:00,2021-10-31 13:00:00,286.42007,13.270081,ERCO
2021-10-31 14:00:00,2021-10-31 14:00:00,287.39008,14.240082,ERCO
2021-10-31 15:00:00,2021-10-31 15:00:00,289.35318,16.203186,ERCO
2021-10-31 16:00:00,2021-10-31 16:00:00,291.19824,18.048248,ERCO
2021-10-31 17:00:00,2021-10-31 17:00:00,292.86926,19.719269,ERCO
2021-10-31 18:00:00,2021-10-31 18:00:00,294.2594,21.109406,ERCO
2021-10-31 19:00:00,2021-10-31 19:00:00,295.33963,22.189636,ERCO
2021-10-31 20:00:00,2021-10-31 20:00:00,296.08734,22.937347,ERCO
2021-10-31 21:00:00,2021-10-31 21:00:00,296.49316,23.34317,ERCO
2021-10-31 22:00:00,2021-10-31 22:00:00,296.53522,23.385223,ERCO
2021-10-31 23:00:00,2021-10-31 23:00:00,296.13635,22.986359,ERCO
2021-11-01 00:00:00,2021-11-01 00:00:00,295.07553,21.925537,ERCO
2021-11-01 01:00:00,2021-11-01 01:00:00,293.97406,20.824066,ERCO
2021-11-01 02:00:00,2021-11-01 02:00:00,292.92337,19.773376,ERCO
2021-11-01 03:00:00,2021-11-01 03:00:00,291.9469,18.796906,ERCO
2021-11-01 04:00:00,2021-11-01 04:00:00,291.04312,17.893127,ERCO
2021-11-01 05:00:00,2021-11-01 05:00:00,290.21082,17.060822,ERCO
2021-11-01 06:00:00,2021-11-01 06:00:00,289.48538,16.335388,ERCO
2021-11-01 07:00:00,2021-11-01 07:00:00,288.83102,15.68103,ERCO
2021-11-01 08:00:00,2021-11-01 08:00:00,288.25296,15.102966,ERCO
2021-11-01 09:00:00,2021-11-01 09:00:00,287.75888,14.608887,ERCO
2021-11-01 10:00:00,2021-11-01 10:00:00,287.3402,14.190216,ERCO
2021-11-01 11:00:00,2021-11-01 11:00:00,286.97003,13.820038,ERCO
2021-11-01 12:00:00,2021-11-01 12:00:00,286.666,13.515991,ERCO
2021-11-01 13:00:00,2021-11-01 13:00:00,286.5033,13.353302,ERCO
2021-11-01 14:00:00,2021-11-01 14:00:00,287.38528,14.235291,ERCO
2021-11-01 15:00:00,2021-11-01 15:00:00,288.84033,15.690338,ERCO
2021-11-01 16:00:00,2021-11-01 16:00:00,290.32886,17.178864,ERCO
2021-11-01 17:00:00,2021-11-01 17:00:00,291.64374,18.493744,ERCO
2021-11-01 18:00:00,2021-11-01 18:00:00,292.79358,19.643585,ERCO
2021-11-01 19:00:00,2021-11-01 19:00:00,293.77933,20.629333,ERCO
2021-11-01 20:00:00,2021-11-01 20:00:00,294.542,21.391998,ERCO
2021-11-01 21:00:00,2021-11-01 21:00:00,295.0269,21.876892,ERCO
2021-11-01 22:00:00,2021-11-01 22:00:00,295.18607,22.036072,ERCO
2021-11-01 23:00:00,2021-11-01 23:00:00,294.9394,21.789398,ERCO
2021-11-02 00:00:00,2021-11-02 00:00:00,294.1436,20.993591,ERCO
2021-11-02 01:00:00,2021-11-02 01:00:00,293.31262,20.162628,ERCO
2021-11-02 02:00:00,2021-11-02 02:00:00,292.5362,19.3862,ERCO
2021-11-02 03:00:00,2021-11-02 03:00:00,291.81143,18.661438,ERCO
2021-11-02 04:00:00,2021-11-02 04:00:00,291.16113,18.011139,ERCO
2021-11-02 05:00:00,2021-11-02 05:00:00,290.56635,17.416351,ERCO
2021-11-02 06:00:00,2021-11-02 06:00:00,290.02692,16.876923,ERCO
2021-11-02 07:00:00,2021-11-02 07:00:00,289.50525,16.355255,ERCO
2021-11-02 08:00:00,2021-11-02 08:00:00,289.0168,15.866821,ERCO
2021-11-02 09:00:00,2021-11-02 09:00:00,288.57385,15.423859,ERCO
2021-11-02 10:00:00,2021-11-02 10:00:00,288.1858,15.035797,ERCO
2021-11-02 11:00:00,2021-11-02 11:00:00,287.8507,14.700714,ERCO
2021-11-02 12:00:00,2021-11-02 12:00:00,287.57806,14.42807,ERCO
2021-11-02 13:00:00,2021-11-02 13:00:00,287.37573,14.225739,ERCO
2021-11-02 14:00:00,2021-11-02 14:00:00,287.6813,14.531311,ERCO
2021-11-02 15:00:00,2021-11-02 15:00:00,288.3591,15.209106,ERCO
2021-11-02 16:00:00,2021-11-02 16:00:00,289.10208,15.952087,ERCO
2021-11-02 17:00:00,2021-11-02 17:00:00,289.70288,16.552887,ERCO
2021-11-02 18:00:00,2021-11-02 18:00:00,290.23734,17.087341,ERCO
2021-11-02 19:00:00,2021-11-02 19:00:00,290.69003,17.54004,ERCO
2021-11-02 20:00:00,2021-11-02 20:00:00,291.02145,17.87146,ERCO
2021-11-02 21:00:00,2021-11-02 21:00:00,291.1971,18.04712,ERCO
2021-11-02 22:00:00,2021-11-02 22:00:00,291.18253,18.032532,ERCO
2021-11-02 23:00:00,2021-11-02 23:00:00,290.93707,17.787079,ERCO
2021-11-03 00:00:00,2021-11-03 00:00:00,290.4071,17.25711,ERCO
2021-11-03 01:00:00,2021-11-03 01:00:00,289.89178,16.74179,ERCO
2021-11-03 02:00:00,2021-11-03 02:00:00,289.4313,16.281311,ERCO
2021-11-03 03:00:00,2021-11-03 03:00:00,289.0128,15.862793,ERCO
2021-11-03 04:00:00,2021-11-03 04:00:00,288.62082,15.470825,ERCO
2021-11-03 05:00:00,2021-11-03 05:00:00,288.27917,15.129181,ERCO
2021-11-03 06:00:00,2021-11-03 06:00:00,287.98306,14.833069,ERCO
2021-11-03 07:00:00,2021-11-03 07:00:00,287.72787,14.577881,ERCO
2021-11-03 08:00:00,2021-11-03 08:00:00,287.50882,14.358826,ERCO
2021-11-03 09:00:00,2021-11-03 09:00:00,287.32504,14.175049,ERCO
2021-11-03 10:00:00,2021-11-03 10:00:00,287.1755,14.025513,ERCO
2021-11-03 11:00:00,2021-11-03 11:00:00,287.0421,13.89212,ERCO
2021-11-03 12:00:00,2021-11-03 12:00:00,286.88055,13.73056,ERCO
2021-11-03 13:00:00,2021-11-03 13:00:00,286.70215,13.552155,ERCO
2021-11-03 14:00:00,2021-11-03 14:00:00,286.7389,13.588898,ERCO
2021-11-03 15:00:00,2021-11-03 15:00:00,286.9152,13.765198,ERCO
2021-11-03 16:00:00,2021-11-03 16:00:00,287.151,14.001007,ERCO
2021-11-03 17:00:00,2021-11-03 17:00:00,287.38818,14.23819,ERCO
2021-11-03 18:00:00,2021-11-03 18:00:00,287.59216,14.442169,ERCO
2021-11-03 19:00:00,2021-11-03 19:00:00,287.71918,14.569183,ERCO
2021-11-03 20:00:00,2021-11-03 20:00:00,287.7304,14.580414,ERCO
2021-11-03 21:00:00,2021-11-03 21:00:00,287.62836,14.478363,ERCO
2021-11-03 22:00:00,2021-11-03 22:00:00,287.40063,14.250641,ERCO
2021-11-03 23:00:00,2021-11-03 23:00:00,287.1093,13.95932,ERCO
2021-11-04 00:00:00,2021-11-04 00:00:00,286.74255,13.59256,ERCO
2021-11-04 01:00:00,2021-11-04 01:00:00,286.3674,13.217407,ERCO
2021-11-04 02:00:00,2021-11-04 02:00:00,286.0466,12.896606,ERCO
2021-11-04 03:00:00,2021-11-04 03:00:00,285.75647,12.606476,ERCO
2021-11-04 04:00:00,2021-11-04 04:00:00,285.44064,12.290649,ERCO
2021-11-04 05:00:00,2021-11-04 05:00:00,285.1632,12.013214,ERCO
2021-11-04 06:00:00,2021-11-04 06:00:00,284.9123,11.762299,ERCO
2021-11-04 07:00:00,2021-11-04 07:00:00,284.69193,11.541931,ERCO
2021-11-04 08:00:00,2021-11-04 08:00:00,284.47977,11.329773,ERCO
2021-11-04 09:00:00,2021-11-04 09:00:00,284.29034,11.14035,ERCO
2021-11-04 10:00:00,2021-11-04 10:00:00,284.15445,11.004456,ERCO
2021-11-04 11:00:00,2021-11-04 11:00:00,284.04892,10.898926,ERCO
2021-11-04 12:00:00,2021-11-04 12:00:00,283.93344,10.783447,ERCO
2021-11-04 13:00:00,2021-11-04 13:00:00,283.82776,10.677765,ERCO
2021-11-04 14:00:00,2021-11-04 14:00:00,283.801,10.651001,ERCO
2021-11-04 15:00:00,2021-11-04 15:00:00,283.9633,10.813293,ERCO
2021-11-04 16:00:00,2021-11-04 16:00:00,284.3345,11.184509,ERCO
2021-11-04 17:00:00,2021-11-04 17:00:00,284.88153,11.731537,ERCO
2021-11-04 18:00:00,2021-11-04 18:00:00,285.54367,12.393677,ERCO
2021-11-04 19:00:00,2021-11-04 19:00:00,286.2049,13.054901,ERCO
2021-11-04 20:00:00,2021-11-04 20:00:00,286.7969,13.646912,ERCO
2021-11-04 21:00:00,2021-11-04 21:00:00,287.21722,14.06723,ERCO
2021-11-04 22:00:00,2021-11-04 22:00:00,287.40814,14.258148,ERCO
2021-11-04 23:00:00,2021-11-04 23:00:00,287.3473,14.197296,ERCO
2021-11-05 00:00:00,2021-11-05 00:00:00,286.98022,13.830231,ERCO
2021-11-05 01:00:00,2021-11-05 01:00:00,286.54852,13.398529,ERCO
2021-11-05 02:00:00,2021-11-05 02:00:00,286.1057,12.955719,ERCO
2021-11-05 03:00:00,2021-11-05 03:00:00,285.65262,12.5026245,ERCO
2021-11-05 04:00:00,2021-11-05 04:00:00,285.2104,12.060394,ERCO
2021-11-05 05:00:00,2021-11-05 05:00:00,284.7983,11.648315,ERCO
2021-11-05 06:00:00,2021-11-05 06:00:00,284.43918,11.289185,ERCO
2021-11-05 07:00:00,2021-11-05 07:00:00,284.10248,10.952484,ERCO
2021-11-05 08:00:00,2021-11-05 08:00:00,283.7995,10.649506,ERCO
2021-11-05 09:00:00,2021-11-05 09:00:00,283.52548,10.375488,ERCO
2021-11-05 10:00:00,2021-11-05 10:00:00,283.30338,10.153381,ERCO
2021-11-05 11:00:00,2021-11-05 11:00:00,283.14523,9.995239,ERCO
2021-11-05 12:00:00,2021-11-05 12:00:00,283.01794,9.86795,ERCO
2021-11-05 13:00:00,2021-11-05 13:00:00,282.91064,9.760651,ERCO
2021-11-05 14:00:00,2021-11-05 14:00:00,283.25647,10.106476,ERCO
2021-11-05 15:00:00,2021-11-05 15:00:00,283.9462,10.796204,ERCO
2021-11-05 16:00:00,2021-11-05 16:00:00,284.7928,11.642792,ERCO
2021-11-05 17:00:00,2021-11-05 17:00:00,285.8003,12.650299,ERCO
2021-11-05 18:00:00,2021-11-05 18:00:00,286.8541,13.704102,ERCO
2021-11-05 19:00:00,2021-11-05 19:00:00,287.7951,14.645111,ERCO
2021-11-05 20:00:00,2021-11-05 20:00:00,288.5565,15.406494,ERCO
2021-11-05 21:00:00,2021-11-05 21:00:00,289.08746,15.9374695,ERCO
2021-11-05 22:00:00,2021-11-05 22:00:00,289.33084,16.180847,ERCO
2021-11-05 23:00:00,2021-11-05 23:00:00,289.199,16.049011,ERCO
2021-11-06 00:00:00,2021-11-06 00:00:00,288.54254,15.392548,ERCO
2021-11-06 01:00:00,2021-11-06 01:00:00,287.76468,14.614685,ERCO
2021-11-06 02:00:00,2021-11-06 02:00:00,286.99036,13.840363,ERCO
2021-11-06 03:00:00,2021-11-06 03:00:00,286.2589,13.108917,ERCO
2021-11-06 04:00:00,2021-11-06 04:00:00,285.58038,12.430389,ERCO
2021-11-06 05:00:00,2021-11-06 05:00:00,284.97635,11.826355,ERCO
2021-11-06 06:00:00,2021-11-06 06:00:00,284.47864,11.328644,ERCO
2021-11-06 07:00:00,2021-11-06 07:00:00,284.0438,10.893799,ERCO
2021-11-06 08:00:00,2021-11-06 08:00:00,283.65433,10.5043335,ERCO
2021-11-06 09:00:00,2021-11-06 09:00:00,283.3227,10.172699,ERCO
2021-11-06 10:00:00,2021-11-06 10:00:00,283.0449,9.894897,ERCO
2021-11-06 11:00:00,2021-11-06 11:00:00,282.79678,9.64679,ERCO
2021-11-06 12:00:00,2021-11-06 12:00:00,282.5621,9.412109,ERCO
2021-11-06 13:00:00,2021-11-06 13:00:00,282.36935,9.21936,ERCO
2021-11-06 14:00:00,2021-11-06 14:00:00,283.0056,9.855621,ERCO
2021-11-06 15:00:00,2021-11-06 15:00:00,284.22443,11.074432,ERCO
2021-11-06 16:00:00,2021-11-06 16:00:00,285.59775,12.447754,ERCO
2021-11-06 17:00:00,2021-11-06 17:00:00,286.96854,13.8185425,ERCO
2021-11-06 18:00:00,2021-11-06 18:00:00,288.34293,15.192932,ERCO
2021-11-06 19:00:00,2021-11-06 19:00:00,289.62924,16.479248,ERCO
2021-11-06 20:00:00,2021-11-06 20:00:00,290.68262,17.532623,ERCO
2021-11-06 21:00:00,2021-11-06 21:00:00,291.40417,18.25418,ERCO
2021-11-06 22:00:00,2021-11-06 22:00:00,291.73364,18.583649,ERCO
2021-11-06 23:00:00,2021-11-06 23:00:00,291.5662,18.416199,ERCO
2021-11-07 00:00:00,2021-11-07 00:00:00,290.68292,17.532928,ERCO
2021-11-07 01:00:00,2021-11-07 01:00:00,289.6554,16.505402,ERCO
2021-11-07 02:00:00,2021-11-07 02:00:00,288.70114,15.551147,ERCO
2021-11-07 03:00:00,2021-11-07 03:00:00,287.83145,14.6814575,ERCO
2021-11-07 04:00:00,2021-11-07 04:00:00,287.0309,13.88092,ERCO
2021-11-07 05:00:00,2021-11-07 05:00:00,286.3255,13.175507,ERCO
2021-11-07 06:00:00,2021-11-07 06:00:00,285.72687,12.576874,ERCO
2021-11-07 07:00:00,2021-11-07 07:00:00,285.19675,12.046753,ERCO
2021-11-07 08:00:00,2021-11-07 08:00:00,284.7177,11.5677185,ERCO
2021-11-07 09:00:00,2021-11-07 09:00:00,284.2976,11.147614,ERCO
2021-11-07 10:00:00,2021-11-07 10:00:00,283.9516,10.801605,ERCO
2021-11-07 11:00:00,2021-11-07 11:00:00,283.6712,10.52121,ERCO
2021-11-07 12:00:00,2021-11-07 12:00:00,283.41238,10.26239,ERCO
2021-11-07 13:00:00,2021-11-07 13:00:00,283.17102,10.021027,ERCO
2021-11-07 14:00:00,2021-11-07 14:00:00,283.94766,10.797668,ERCO
2021-11-07 15:00:00,2021-11-07 15:00:00,285.79907,12.649078,ERCO
2021-11-07 16:00:00,2021-11-07 16:00:00,287.8508,14.700806,ERCO
2021-11-07 17:00:00,2021-11-07 17:00:00,289.8359,16.685913,ERCO
2021-11-07 18:00:00,2021-11-07 18:00:00,291.52808,18.378082,ERCO
2021-11-07 19:00:00,2021-11-07 19:00:00,292.9054,19.755402,ERCO
2021-11-07 20:00:00,2021-11-07 20:00:00,293.9164,20.766418,ERCO
2021-11-07 21:00:00,2021-11-07 21:00:00,294.5315,21.3815,ERCO
2021-11-07 22:00:00,2021-11-07 22:00:00,294.70276,21.552765,ERCO
2021-11-07 23:00:00,2021-11-07 23:00:00,294.3079,21.157898,ERCO
2021-11-08 00:00:00,2021-11-08 00:00:00,293.05884,19.908844,ERCO
2021-11-08 01:00:00,2021-11-08 01:00:00,291.82648,18.676483,ERCO
2021-11-08 02:00:00,2021-11-08 02:00:00,290.74747,17.597473,ERCO
2021-11-08 03:00:00,2021-11-08 03:00:00,289.80078,16.650787,ERCO
2021-11-08 04:00:00,2021-11-08 04:00:00,288.9637,15.813721,ERCO
2021-11-08 05:00:00,2021-11-08 05:00:00,288.22974,15.079742,ERCO
2021-11-08 06:00:00,2021-11-08 06:00:00,287.61487,14.464874,ERCO
2021-11-08 07:00:00,2021-11-08 07:00:00,287.08353,13.933533,ERCO
2021-11-08 08:00:00,2021-11-08 08:00:00,286.61066,13.460663,ERCO
2021-11-08 09:00:00,2021-11-08 09:00:00,286.22098,13.070984,ERCO
2021-11-08 10:00:00,2021-11-08 10:00:00,285.92545,12.775452,ERCO
2021-11-08 11:00:00,2021-11-08 11:00:00,285.7145,12.564514,ERCO
2021-11-08 12:00:00,2021-11-08 12:00:00,285.59735,12.447357,ERCO
2021-11-08 13:00:00,2021-11-08 13:00:00,285.53207,12.38208,ERCO
2021-11-08 14:00:00,2021-11-08 14:00:00,286.26602,13.116028,ERCO
2021-11-08 15:00:00,2021-11-08 15:00:00,287.87604,14.726044,ERCO
2021-11-08 16:00:00,2021-11-08 16:00:00,289.55396,16.403961,ERCO
2021-11-08 17:00:00,2021-11-08 17:00:00,291.17368,18.023682,ERCO
2021-11-08 18:00:00,2021-11-08 18:00:00,292.62714,19.477142,ERCO
2021-11-08 19:00:00,2021-11-08 19:00:00,293.8365,20.686493,ERCO
2021-11-08 20:00:00,2021-11-08 20:00:00,294.71106,21.561066,ERCO
2021-11-08 21:00:00,2021-11-08 21:00:00,295.23267,22.082672,ERCO
2021-11-08 22:00:00,2021-11-08 22:00:00,295.35522,22.20523,ERCO
2021-11-08 23:00:00,2021-11-08 23:00:00,294.9952,21.845215,ERCO
2021-11-09 00:00:00,2021-11-09 00:00:00,294.00452,20.854523,ERCO
2021-11-09 01:00:00,2021-11-09 01:00:00,293.0529,19.902893,ERCO
2021-11-09 02:00:00,2021-11-09 02:00:00,292.2458,19.095795,ERCO
2021-11-09 03:00:00,2021-11-09 03:00:00,291.5769,18.42691,ERCO
2021-11-09 04:00:00,2021-11-09 04:00:00,291.01224,17.862244,ERCO
2021-11-09 05:00:00,2021-11-09 05:00:00,290.54465,17.394653,ERCO
2021-11-09 06:00:00,2021-11-09 06:00:00,290.19006,17.04007,ERCO
2021-11-09 07:00:00,2021-11-09 07:00:00,289.9096,16.759613,ERCO
2021-11-09 08:00:00,2021-11-09 08:00:00,289.67615,16.526154,ERCO
2021-11-09 09:00:00,2021-11-09 09:00:00,289.4887,16.338715,ERCO
2021-11-09 10:00:00,2021-11-09 10:00:00,289.3452,16.19522,ERCO
2021-11-09 11:00:00,2021-11-09 11:00:00,289.2261,16.07611,ERCO
2021-11-09 12:00:00,2021-11-09 12:00:00,289.1336,15.983612,ERCO
2021-11-09 13:00:00,2021-11-09 13:00:00,289.07275,15.92276,ERCO
2021-11-09 14:00:00,2021-11-09 14:00:00,289.44824,16.298248,ERCO
2021-11-09 15:00:00,2021-11-09 15:00:00,290.2251,17.075104,ERCO
2021-11-09 16:00:00,2021-11-09 16:00:00,291.15866,18.008667,ERCO
2021-11-09 17:00:00,2021-11-09 17:00:00,292.17004,19.02005,ERCO
2021-11-09 18:00:00,2021-11-09 18:00:00,293.14417,19.994171,ERCO
2021-11-09 19:00:00,2021-11-09 19:00:00,293.95554,20.805542,ERCO
2021-11-09 20:00:00,2021-11-09 20:00:00,294.53305,21.383057,ERCO
2021-11-09 21:00:00,2021-11-09 21:00:00,294.85785,21.707855,ERCO
2021-11-09 22:00:00,2021-11-09 22:00:00,294.93216,21.782166,ERCO
2021-11-09 23:00:00,2021-11-09 23:00:00,294.67218,21.522186,ERCO
2021-11-10 00:00:00,2021-11-10 00:00:00,293.95804,20.808044,ERCO
2021-11-10 01:00:00,2021-11-10 01:00:00,293.24557,20.095581,ERCO
2021-11-10 02:00:00,2021-11-10 02:00:00,292.60388,19.453888,ERCO
2021-11-10 03:00:00,2021-11-10 03:00:00,292.03497,18.88498,ERCO
2021-11-10 04:00:00,2021-11-10 04:00:00,291.54694,18.396942,ERCO
2021-11-10 05:00:00,2021-11-10 05:00:00,291.1599,18.009918,ERCO
2021-11-10 06:00:00,2021-11-10 06:00:00,290.90256,17.752563,ERCO
2021-11-10 07:00:00,2021-11-10 07:00:00,290.7235,17.573517,ERCO
2021-11-10 08:00:00,2021-11-10 08:00:00,290.59674,17.446747,ERCO
2021-11-10 09:00:00,2021-11-10 09:00:00,290.55896,17.408966,ERCO
2021-11-10 10:00:00,2021-11-10 10:00:00,290.51996,17.369965,ERCO
2021-11-10 11:00:00,2021-11-10 11:00:00,290.4861,17.33612,ERCO
2021-11-10 12:00:00,2021-11-10 12:00:00,290.42715,17.27716,ERCO
2021-11-10 13:00:00,2021-11-10 13:00:00,290.34924,17.19925,ERCO
2021-11-10 14:00:00,2021-11-10 14:00:00,290.6441,17.49411,ERCO
2021-11-10 15:00:00,2021-11-10 15:00:00,291.38953,18.239532,ERCO
2021-11-10 16:00:00,2021-11-10 16:00:00,292.45267,19.302673,ERCO
2021-11-10 17:00:00,2021-11-10 17:00:00,293.66248,20.512482,ERCO
2021-11-10 18:00:00,2021-11-10 18:00:00,294.81335,21.66336,ERCO
2021-11-10 19:00:00,2021-11-10 19:00:00,295.76886,22.618866,ERCO
2021-11-10 20:00:00,2021-11-10 20:00:00,296.4719,23.3219,ERCO
2021-11-10 21:00:00,2021-11-10 21:00:00,296.8897,23.739716,ERCO
2021-11-10 22:00:00,2021-11-10 22:00:00,297.00925,23.859253,ERCO
2021-11-10 23:00:00,2021-11-10 23:00:00,296.69412,23.544128,ERCO
2021-11-11 00:00:00,2021-11-11 00:00:00,295.85315,22.703156,ERCO
2021-11-11 01:00:00,2021-11-11 01:00:00,295.0211,21.871094,ERCO
2021-11-11 02:00:00,2021-11-11 02:00:00,294.24377,21.09378,ERCO
2021-11-11 03:00:00,2021-11-11 03:00:00,293.50864,20.358643,ERCO
2021-11-11 04:00:00,2021-11-11 04:00:00,292.8088,19.658813,ERCO
2021-11-11 05:00:00,2021-11-11 05:00:00,292.12338,18.973389,ERCO
2021-11-11 06:00:00,2021-11-11 06:00:00,291.48187,18.331879,ERCO
2021-11-11 07:00:00,2021-11-11 07:00:00,290.83234,17.682343,ERCO
2021-11-11 08:00:00,2021-11-11 08:00:00,290.1714,17.021393,ERCO
2021-11-11 09:00:00,2021-11-11 09:00:00,289.48422,16.334229,ERCO
2021-11-11 10:00:00,2021-11-11 10:00:00,288.806,15.656006,ERCO
2021-11-11 11:00:00,2021-11-11 11:00:00,288.1557,15.005707,ERCO
2021-11-11 12:00:00,2021-11-11 12:00:00,287.5047,14.354706,ERCO
2021-11-11 13:00:00,2021-11-11 13:00:00,286.8625,13.712494,ERCO
2021-11-11 14:00:00,2021-11-11 14:00:00,286.93726,13.787262,ERCO
2021-11-11 15:00:00,2021-11-11 15:00:00,287.72958,14.57959,ERCO
2021-11-11 16:00:00,2021-11-11 16:00:00,288.709,15.559021,ERCO
2021-11-11 17:00:00,2021-11-11 17:00:00,289.74384,16.593842,ERCO
2021-11-11 18:00:00,2021-11-11 18:00:00,290.7385,17.588501,ERCO
2021-11-11 19:00:00,2021-11-11 19:00:00,291.5802,18.430206,ERCO
2021-11-11 20:00:00,2021-11-11 20:00:00,292.2016,19.051605,ERCO
2021-11-11 21:00:00,2021-11-11 21:00:00,292.55988,19.409882,ERCO
2021-11-11 22:00:00,2021-11-11 22:00:00,292.60718,19.457184,ERCO
2021-11-11 23:00:00,2021-11-11 23:00:00,292.24884,19.098846,ERCO
2021-11-12 00:00:00,2021-11-12 00:00:00,291.29388,18.14389,ERCO
2021-11-12 01:00:00,2021-11-12 01:00:00,290.26517,17.115173,ERCO
2021-11-12 02:00:00,2021-11-12 02:00:00,289.29077,16.140778,ERCO
2021-11-12 03:00:00,2021-11-12 03:00:00,288.40823,15.25824,ERCO
2021-11-12 04:00:00,2021-11-12 04:00:00,287.6038,14.453796,ERCO
2021-11-12 05:00:00,2021-11-12 05:00:00,286.90558,13.755585,ERCO
2021-11-12 06:00:00,2021-11-12 06:00:00,286.3268,13.176819,ERCO
2021-11-12 07:00:00,2021-11-12 07:00:00,285.80014,12.6501465,ERCO
2021-11-12 08:00:00,2021-11-12 08:00:00,285.32294,12.172943,ERCO
2021-11-12 09:00:00,2021-11-12 09:00:00,284.90503,11.755035,ERCO
2021-11-12 10:00:00,2021-11-12 10:00:00,284.53604,11.386047,ERCO
2021-11-12 11:00:00,2021-11-12 11:00:00,284.1956,11.045593,ERCO
2021-11-12 12:00:00,2021-11-12 12:00:00,283.9055,10.755493,ERCO
2021-11-12 13:00:00,2021-11-12 13:00:00,283.63058,10.480591,ERCO
2021-11-12 14:00:00,2021-11-12 14:00:00,284.26382,11.113831,ERCO
2021-11-12 15:00:00,2021-11-12 15:00:00,286.17233,13.022339,ERCO
2021-11-12 16:00:00,2021-11-12 16:00:00,287.88263,14.7326355,ERCO
2021-11-12 17:00:00,2021-11-12 17:00:00,289.364,16.21402,ERCO
2021-11-12 18:00:00,2021-11-12 18:00:00,290.50635,17.356354,ERCO
2021-11-12 19:00:00,2021-11-12 19:00:00,291.34976,18.199768,ERCO
2021-11-12 20:00:00,2021-11-12 20:00:00,291.89926,18.749268,ERCO
2021-11-12 21:00:00,2021-11-12 21:00:00,292.14966,18.999664,ERCO
2021-11-12 22:00:00,2021-11-12 22:00:00,292.07797,18.927979,ERCO
2021-11-12 23:00:00,2021-11-12 23:00:00,291.58563,18.435638,ERCO
2021-11-13 00:00:00,2021-11-13 00:00:00,290.6213,17.471313,ERCO
2021-11-13 01:00:00,2021-11-13 01:00:00,289.60803,16.458038,ERCO
2021-11-13 02:00:00,2021-11-13 02:00:00,288.60767,15.457672,ERCO
2021-11-13 03:00:00,2021-11-13 03:00:00,287.64343,14.493439,ERCO
2021-11-13 04:00:00,2021-11-13 04:00:00,286.72034,13.570343,ERCO
2021-11-13 05:00:00,2021-11-13 05:00:00,285.86737,12.717377,ERCO
2021-11-13 06:00:00,2021-11-13 06:00:00,285.0957,11.945709,ERCO
2021-11-13 07:00:00,2021-11-13 07:00:00,284.37006,11.220062,ERCO
2021-11-13 08:00:00,2021-11-13 08:00:00,283.67938,10.529388,ERCO
2021-11-13 09:00:00,2021-11-13 09:00:00,283.04236,9.8923645,ERCO
2021-11-13 10:00:00,2021-11-13 10:00:00,282.4905,9.340515,ERCO
2021-11-13 11:00:00,2021-11-13 11:00:00,282.0079,8.85791,ERCO
2021-11-13 12:00:00,2021-11-13 12:00:00,281.56866,8.418671,ERCO
2021-11-13 13:00:00,2021-11-13 13:00:00,281.17322,8.023224,ERCO
2021-11-13 14:00:00,2021-11-13 14:00:00,281.6594,8.509399,ERCO
2021-11-13 15:00:00,2021-11-13 15:00:00,283.6571,10.507111,ERCO
2021-11-13 16:00:00,2021-11-13 16:00:00,285.51404,12.364044,ERCO
2021-11-13 17:00:00,2021-11-13 17:00:00,287.19962,14.049622,ERCO
2021-11-13 18:00:00,2021-11-13 18:00:00,288.65198,15.501984,ERCO
2021-11-13 19:00:00,2021-11-13 19:00:00,289.90372,16.753723,ERCO
2021-11-13 20:00:00,2021-11-13 20:00:00,290.91895,17.768951,ERCO
2021-11-13 21:00:00,2021-11-13 21:00:00,291.64996,18.49997,ERCO
2021-11-13 22:00:00,2021-11-13 22:00:00,292.02805,18.878052,ERCO
2021-11-13 23:00:00,2021-11-13 23:00:00,291.89487,18.744873,ERCO
2021-11-14 00:00:00,2021-11-14 00:00:00,290.86978,17.719788,ERCO
2021-11-14 01:00:00,2021-11-14 01:00:00,289.80176,16.651764,ERCO
2021-11-14 02:00:00,2021-11-14 02:00:00,288.86804,15.718048,ERCO
2021-11-14 03:00:00,2021-11-14 03:00:00,288.08432,14.934326,ERCO
2021-11-14 04:00:00,2021-11-14 04:00:00,287.41043,14.260437,ERCO
2021-11-14 05:00:00,2021-11-14 05:00:00,286.83768,13.687683,ERCO
2021-11-14 06:00:00,2021-11-14 06:00:00,286.37424,13.224243,ERCO
2021-11-14 07:00:00,2021-11-14 07:00:00,285.96454,12.814545,ERCO
2021-11-14 08:00:00,2021-11-14 08:00:00,285.58636,12.436371,ERCO
2021-11-14 09:00:00,2021-11-14 09:00:00,285.24948,12.099487,ERCO
2021-11-14 10:00:00,2021-11-14 10:00:00,284.9692,11.819214,ERCO
2021-11-14 11:00:00,2021-11-14 11:00:00,284.71118,11.561188,ERCO
2021-11-14 12:00:00,2021-11-14 12:00:00,284.43597,11.28598,ERCO
2021-11-14 13:00:00,2021-11-14 13:00:00,284.17377,11.023773,ERCO
2021-11-14 14:00:00,2021-11-14 14:00:00,284.90823,11.75824,ERCO
2021-11-14 15:00:00,2021-11-14 15:00:00,286.94867,13.798676,ERCO
2021-11-14 16:00:00,2021-11-14 16:00:00,288.69687,15.546875,ERCO
2021-11-14 17:00:00,2021-11-14 17:00:00,290.334,17.184021,ERCO
2021-11-14 18:00:00,2021-11-14 18:00:00,291.73566,18.585663,ERCO
2021-11-14 19:00:00,2021-11-14 19:00:00,292.86755,19.71756,ERCO
2021-11-14 20:00:00,2021-11-14 20:00:00,293.68076,20.530762,ERCO
2021-11-14 21:00:00,2021-11-14 21:00:00,294.18433,21.034332,ERCO
2021-11-14 22:00:00,2021-11-14 22:00:00,294.37094,21.220947,ERCO
2021-11-14 23:00:00,2021-11-14 23:00:00,294.12332,20.973328,ERCO
2021-11-15 00:00:00,2021-11-15 00:00:00,293.1365,19.986511,ERCO
2021-11-15 01:00:00,2021-11-15 01:00:00,292.03455,18.884552,ERCO
2021-11-15 02:00:00,2021-11-15 02:00:00,291.03333,17.883331,ERCO
2021-11-15 03:00:00,2021-11-15 03:00:00,290.1502,17.000214,ERCO
2021-11-15 04:00:00,2021-11-15 04:00:00,289.35693,16.20694,ERCO
2021-11-15 05:00:00,2021-11-15 05:00:00,288.6655,15.515503,ERCO
2021-11-15 06:00:00,2021-11-15 06:00:00,288.0971,14.947113,ERCO
2021-11-15 07:00:00,2021-11-15 07:00:00,287.59387,14.443878,ERCO
2021-11-15 08:00:00,2021-11-15 08:00:00,287.14954,13.999542,ERCO
2021-11-15 09:00:00,2021-11-15 09:00:00,286.7516,13.601593,ERCO
2021-11-15 10:00:00,2021-11-15 10:00:00,286.40244,13.252441,ERCO
2021-11-15 11:00:00,2021-11-15 11:00:00,286.11737,12.967377,ERCO
2021-11-15 12:00:00,2021-11-15 12:00:00,285.85928,12.70929,ERCO
2021-11-15 13:00:00,2021-11-15 13:00:00,285.63712,12.487122,ERCO
2021-11-15 14:00:00,2021-11-15 14:00:00,286.0901,12.940094,ERCO
2021-11-15 15:00:00,2021-11-15 15:00:00,288.24838,15.098389,ERCO
2021-11-15 16:00:00,2021-11-15 16:00:00,290.47644,17.326447,ERCO
2021-11-15 17:00:00,2021-11-15 17:00:00,292.70462,19.554626,ERCO
2021-11-15 18:00:00,2021-11-15 18:00:00,294.62354,21.473541,ERCO
2021-11-15 19:00:00,2021-11-15 19:00:00,296.13217,22.982178,ERCO
2021-11-15 20:00:00,2021-11-15 20:00:00,297.20825,24.058258,ERCO
2021-11-15 21:00:00,2021-11-15 21:00:00,297.84885,24.698853,ERCO
2021-11-15 22:00:00,2021-11-15 22:00:00,298.0414,24.891418,ERCO
2021-11-15 23:00:00,2021-11-15 23:00:00,297.61392,24.463928,ERCO
2021-11-16 00:00:00,2021-11-16 00:00:00,296.28223,23.132233,ERCO
2021-11-16 01:00:00,2021-11-16 01:00:00,295.02234,21.872345,ERCO
2021-11-16 02:00:00,2021-11-16 02:00:00,293.94724,20.797241,ERCO
2021-11-16 03:00:00,2021-11-16 03:00:00,293.02597,19.875977,ERCO
2021-11-16 04:00:00,2021-11-16 04:00:00,292.22174,19.071747,ERCO
2021-11-16 05:00:00,2021-11-16 05:00:00,291.51978,18.369781,ERCO
2021-11-16 06:00:00,2021-11-16 06:00:00,290.92142,17.771423,ERCO
2021-11-16 07:00:00,2021-11-16 07:00:00,290.38666,17.236664,ERCO
2021-11-16 08:00:00,2021-11-16 08:00:00,289.89285,16.742859,ERCO
2021-11-16 09:00:00,2021-11-16 09:00:00,289.47195,16.32196,ERCO
2021-11-16 10:00:00,2021-11-16 10:00:00,289.119,15.968994,ERCO
2021-11-16 11:00:00,2021-11-16 11:00:00,288.83597,15.685974,ERCO
2021-11-16 12:00:00,2021-11-16 12:00:00,288.5968,15.446808,ERCO
2021-11-16 13:00:00,2021-11-16 13:00:00,288.4499,15.299896,ERCO
2021-11-16 14:00:00,2021-11-16 14:00:00,288.96704,15.817047,ERCO
2021-11-16 15:00:00,2021-11-16 15:00:00,290.48596,17.335968,ERCO
2021-11-16 16:00:00,2021-11-16 16:00:00,292.08905,18.939056,ERCO
2021-11-16 17:00:00,2021-11-16 17:00:00,293.88986,20.739868,ERCO
2021-11-16 18:00:00,2021-11-16 18:00:00,295.6386,22.488617,ERCO
2021-11-16 19:00:00,2021-11-16 19:00:00,297.09094,23.940948,ERCO
2021-11-16 20:00:00,2021-11-16 20:00:00,298.13412,24.98413,ERCO
2021-11-16 21:00:00,2021-11-16 21:00:00,298.72977,25.579773,ERCO
2021-11-16 22:00:00,2021-11-16 22:00:00,298.85733,25.707336,ERCO
2021-11-16 23:00:00,2021-11-16 23:00:00,298.30917,25.15918,ERCO
2021-11-17 00:00:00,2021-11-17 00:00:00,297.04636,23.896362,ERCO
2021-11-17 01:00:00,2021-11-17 01:00:00,295.8656,22.715607,ERCO
2021-11-17 02:00:00,2021-11-17 02:00:00,294.80698,21.656982,ERCO
2021-11-17 03:00:00,2021-11-17 03:00:00,293.8716,20.721619,ERCO
2021-11-17 04:00:00,2021-11-17 04:00:00,293.04745,19.89746,ERCO
2021-11-17 05:00:00,2021-11-17 05:00:00,292.30466,19.154663,ERCO
2021-11-17 06:00:00,2021-11-17 06:00:00,291.6812,18.53122,ERCO
2021-11-17 07:00:00,2021-11-17 07:00:00,291.14783,17.997833,ERCO
2021-11-17 08:00:00,2021-11-17 08:00:00,290.688,17.537994,ERCO
2021-11-17 09:00:00,2021-11-17 09:00:00,290.28162,17.131622,ERCO
2021-11-17 10:00:00,2021-11-17 10:00:00,289.94687,16.796875,ERCO
2021-11-17 11:00:00,2021-11-17 11:00:00,289.62122,16.471222,ERCO
2021-11-17 12:00:00,2021-11-17 12:00:00,289.3018,16.151794,ERCO
2021-11-17 13:00:00,2021-11-17 13:00:00,289.04922,15.899231,ERCO
2021-11-17 14:00:00,2021-11-17 14:00:00,289.36877,16.21878,ERCO
2021-11-17 15:00:00,2021-11-17 15:00:00,290.3417,17.191711,ERCO
2021-11-17 16:00:00,2021-11-17 16:00:00,291.41895,18.268951,ERCO
2021-11-17 17:00:00,2021-11-17 17:00:00,292.65988,19.509888,ERCO
2021-11-17 18:00:00,2021-11-17 18:00:00,293.77972,20.62973,ERCO
2021-11-17 19:00:00,2021-11-17 19:00:00,294.61407,21.46408,ERCO
2021-11-17 20:00:00,2021-11-17 20:00:00,295.1136,21.963593,ERCO
2021-11-17 21:00:00,2021-11-17 21:00:00,295.24915,22.099152,ERCO
2021-11-17 22:00:00,2021-11-17 22:00:00,294.96756,21.817566,ERCO
2021-11-17 23:00:00,2021-11-17 23:00:00,294.1843,21.034302,ERCO
2021-11-18 00:00:00,2021-11-18 00:00:00,292.95743,19.807434,ERCO
2021-11-18 01:00:00,2021-11-18 01:00:00,291.77805,18.628052,ERCO
2021-11-18 02:00:00,2021-11-18 02:00:00,290.65964,17.509644,ERCO
2021-11-18 03:00:00,2021-11-18 03:00:00,289.6111,16.46112,ERCO
2021-11-18 04:00:00,2021-11-18 04:00:00,288.6427,15.492706,ERCO
2021-11-18 05:00:00,2021-11-18 05:00:00,287.7864,14.636414,ERCO
2021-11-18 06:00:00,2021-11-18 06:00:00,287.0474,13.8974,ERCO
2021-11-18 07:00:00,2021-11-18 07:00:00,286.35275,13.202759,ERCO
2021-11-18 08:00:00,2021-11-18 08:00:00,285.68274,12.532745,ERCO
2021-11-18 09:00:00,2021-11-18 09:00:00,285.05963,11.909637,ERCO
2021-11-18 10:00:00,2021-11-18 10:00:00,284.45917,11.309174,ERCO
2021-11-18 11:00:00,2021-11-18 11:00:00,283.89783,10.747833,ERCO
2021-11-18 12:00:00,2021-11-18 12:00:00,283.34152,10.191528,ERCO
2021-11-18 13:00:00,2021-11-18 13:00:00,282.83017,9.680176,ERCO
2021-11-18 14:00:00,2021-11-18 14:00:00,282.71725,9.567261,ERCO
2021-11-18 15:00:00,2021-11-18 15:00:00,283.25543,10.105438,ERCO
2021-11-18 16:00:00,2021-11-18 16:00:00,284.02206,10.87207,ERCO
2021-11-18 17:00:00,2021-11-18 17:00:00,284.92148,11.771484,ERCO
2021-11-18 18:00:00,2021-11-18 18:00:00,285.86362,12.713623,ERCO
2021-11-18 19:00:00,2021-11-18 19:00:00,286.71536,13.565369,ERCO
2021-11-18 20:00:00,2021-11-18 20:00:00,287.3758,14.2258,ERCO
2021-11-18 21:00:00,2021-11-18 21:00:00,287.81323,14.663239,ERCO
2021-11-18 22:00:00,2021-11-18 22:00:00,287.94388,14.793884,ERCO
2021-11-18 23:00:00,2021-11-18 23:00:00,287.66907,14.5190735,ERCO
2021-11-19 00:00:00,2021-11-19 00:00:00,286.97382,13.823822,ERCO
2021-11-19 01:00:00,2021-11-19 01:00:00,286.2382,13.088196,ERCO
2021-11-19 02:00:00,2021-11-19 02:00:00,285.4865,12.336517,ERCO
2021-11-19 03:00:00,2021-11-19 03:00:00,284.7551,11.605103,ERCO
2021-11-19 04:00:00,2021-11-19 04:00:00,284.06418,10.914185,ERCO
2021-11-19 05:00:00,2021-11-19 05:00:00,283.4263,10.276306,ERCO
2021-11-19 06:00:00,2021-11-19 06:00:00,282.8497,9.699707,ERCO
2021-11-19 07:00:00,2021-11-19 07:00:00,282.3051,9.155121,ERCO
2021-11-19 08:00:00,2021-11-19 08:00:00,281.80237,8.652374,ERCO
2021-11-19 09:00:00,2021-11-19 09:00:00,281.3435,8.193512,ERCO
2021-11-19 10:00:00,2021-11-19 10:00:00,280.93237,7.782379,ERCO
2021-11-19 11:00:00,2021-11-19 11:00:00,280.5628,7.4128113,ERCO
2021-11-19 12:00:00,2021-11-19 12:00:00,280.22427,7.07428,ERCO
2021-11-19 13:00:00,2021-11-19 13:00:00,279.91068,6.760681,ERCO
2021-11-19 14:00:00,2021-11-19 14:00:00,280.43616,7.2861633,ERCO
2021-11-19 15:00:00,2021-11-19 15:00:00,281.89236,8.742371,ERCO
2021-11-19 16:00:00,2021-11-19 16:00:00,283.38852,10.238525,ERCO
2021-11-19 17:00:00,2021-11-19 17:00:00,284.93924,11.789246,ERCO
2021-11-19 18:00:00,2021-11-19 18:00:00,286.4135,13.263519,ERCO
2021-11-19 19:00:00,2021-11-19 19:00:00,287.72742,14.577423,ERCO
2021-11-19 20:00:00,2021-11-19 20:00:00,288.7995,15.649506,ERCO
2021-11-19 21:00:00,2021-11-19 21:00:00,289.56577,16.415771,ERCO
2021-11-19 22:00:00,2021-11-19 22:00:00,289.94943,16.799438,ERCO
2021-11-19 23:00:00,2021-11-19 23:00:00,289.82254,16.672546,ERCO
2021-11-20 00:00:00,2021-11-20 00:00:00,288.9827,15.832703,ERCO
2021-11-20 01:00:00,2021-11-20 01:00:00,288.1129,14.962921,ERCO
2021-11-20 02:00:00,2021-11-20 02:00:00,287.31903,14.169037,ERCO
2021-11-20 03:00:00,2021-11-20 03:00:00,286.6042,13.454193,ERCO
2021-11-20 04:00:00,2021-11-20 04:00:00,285.96082,12.810822,ERCO
2021-11-20 05:00:00,2021-11-20 05:00:00,285.39407,12.24408,ERCO
2021-11-20 06:00:00,2021-11-20 06:00:00,284.92154,11.771545,ERCO
2021-11-20 07:00:00,2021-11-20 07:00:00,284.5134,11.363403,ERCO
2021-11-20 08:00:00,2021-11-20 08:00:00,284.13995,10.98996,ERCO
2021-11-20 09:00:00,2021-11-20 09:00:00,283.81906,10.669067,ERCO
2021-11-20 10:00:00,2021-11-20 10:00:00,283.57855,10.428558,ERCO
2021-11-20 11:00:00,2021-11-20 11:00:00,283.40082,10.250824,ERCO
2021-11-20 12:00:00,2021-11-20 12:00:00,283.28027,10.13028,ERCO
2021-11-20 13:00:00,2021-11-20 13:00:00,283.2024,10.052399,ERCO
2021-11-20 14:00:00,2021-11-20 14:00:00,283.971,10.821014,ERCO
2021-11-20 15:00:00,2021-11-20 15:00:00,286.20154,13.051544,ERCO
2021-11-20 16:00:00,2021-11-20 16:00:00,288.2199,15.069916,ERCO
2021-11-20 17:00:00,2021-11-20 17:00:00,290.19492,17.044922,ERCO
2021-11-20 18:00:00,2021-11-20 18:00:00,291.97284,18.822845,ERCO
2021-11-20 19:00:00,2021-11-20 19:00:00,293.43762,20.287628,ERCO
2021-11-20 20:00:00,2021-11-20 20:00:00,294.52295,21.372955,ERCO
2021-11-20 21:00:00,2021-11-20 21:00:00,295.2191,22.069092,ERCO
2021-11-20 22:00:00,2021-11-20 22:00:00,295.49222,22.342224,ERCO
2021-11-20 23:00:00,2021-11-20 23:00:00,295.16846,22.018463,ERCO
2021-11-21 00:00:00,2021-11-21 00:00:00,294.06503,20.91504,ERCO
2021-11-21 01:00:00,2021-11-21 01:00:00,293.0355,19.885498,ERCO
2021-11-21 02:00:00,2021-11-21 02:00:00,292.173,19.02301,ERCO
2021-11-21 03:00:00,2021-11-21 03:00:00,291.44193,18.291931,ERCO
2021-11-21 04:00:00,2021-11-21 04:00:00,290.81277,17.66278,ERCO
2021-11-21 05:00:00,2021-11-21 05:00:00,290.28424,17.134247,ERCO
2021-11-21 06:00:00,2021-11-21 06:00:00,289.8615,16.711517,ERCO
2021-11-21 07:00:00,2021-11-21 07:00:00,289.566,16.416016,ERCO
2021-11-21 08:00:00,2021-11-21 08:00:00,289.3553,16.205292,ERCO
2021-11-21 09:00:00,2021-11-21 09:00:00,289.20575,16.055756,ERCO
2021-11-21 10:00:00,2021-11-21 10:00:00,289.1054,15.955414,ERCO
2021-11-21 11:00:00,2021-11-21 11:00:00,289.03748,15.887482,ERCO
2021-11-21 12:00:00,2021-11-21 12:00:00,288.9443,15.794312,ERCO
2021-11-21 13:00:00,2021-11-21 13:00:00,288.82422,15.674225,ERCO
2021-11-21 14:00:00,2021-11-21 14:00:00,288.949,15.799011,ERCO
2021-11-21 15:00:00,2021-11-21 15:00:00,289.52573,16.375732,ERCO
2021-11-21 16:00:00,2021-11-21 16:00:00,290.15704,17.00705,ERCO
2021-11-21 17:00:00,2021-11-21 17:00:00,290.814,17.664001,ERCO
2021-11-21 18:00:00,2021-11-21 18:00:00,291.48227,18.332275,ERCO
2021-11-21 19:00:00,2021-11-21 19:00:00,292.0392,18.889221,ERCO
2021-11-21 20:00:00,2021-11-21 20:00:00,292.39185,19.241852,ERCO
2021-11-21 21:00:00,2021-11-21 21:00:00,292.54034,19.39035,ERCO
2021-11-21 22:00:00,2021-11-21 22:00:00,292.4248,19.27481,ERCO
2021-11-21 23:00:00,2021-11-21 23:00:00,291.9844,18.834412,ERCO
2021-11-22 00:00:00,2021-11-22 00:00:00,291.22116,18.071167,ERCO
2021-11-22 01:00:00,2021-11-22 01:00:00,290.43726,17.287262,ERCO
2021-11-22 02:00:00,2021-11-22 02:00:00,289.63058,16.48059,ERCO
2021-11-22 03:00:00,2021-11-22 03:00:00,288.80447,15.65448,ERCO
2021-11-22 04:00:00,2021-11-22 04:00:00,287.95145,14.801453,ERCO
2021-11-22 05:00:00,2021-11-22 05:00:00,287.11676,13.966766,ERCO
2021-11-22 06:00:00,2021-11-22 06:00:00,286.32867,13.17868,ERCO
2021-11-22 07:00:00,2021-11-22 07:00:00,285.55124,12.401245,ERCO
2021-11-22 08:00:00,2021-11-22 08:00:00,284.79736,11.647369,ERCO
2021-11-22 09:00:00,2021-11-22 09:00:00,284.0466,10.896606,ERCO
2021-11-22 10:00:00,2021-11-22 10:00:00,283.33224,10.182251,ERCO
2021-11-22 11:00:00,2021-11-22 11:00:00,282.71677,9.566772,ERCO
2021-11-22 12:00:00,2021-11-22 12:00:00,282.15204,9.002045,ERCO
2021-11-22 13:00:00,2021-11-22 13:00:00,281.62994,8.47995,ERCO
2021-11-22 14:00:00,2021-11-22 14:00:00,281.704,8.554016,ERCO
2021-11-22 15:00:00,2021-11-22 15:00:00,282.9701,9.820099,ERCO
2021-11-22 16:00:00,2021-11-22 16:00:00,284.4689,11.318909,ERCO
2021-11-22 17:00:00,2021-11-22 17:00:00,286.0492,12.8992,ERCO
2021-11-22 18:00:00,2021-11-22 18:00:00,287.51382,14.363831,ERCO
2021-11-22 19:00:00,2021-11-22 19:00:00,288.75436,15.60437,ERCO
2021-11-22 20:00:00,2021-11-22 20:00:00,289.7039,16.553894,ERCO
2021-11-22 21:00:00,2021-11-22 21:00:00,290.33456,17.18457,ERCO
2021-11-22 22:00:00,2021-11-22 22:00:00,290.62128,17.471283,ERCO
2021-11-22 23:00:00,2021-11-22 23:00:00,290.45755,17.307556,ERCO
2021-11-23 00:00:00,2021-11-23 00:00:00,289.55746,16.40747,ERCO
2021-11-23 01:00:00,2021-11-23 01:00:00,288.5374,15.387421,ERCO
2021-11-23 02:00:00,2021-11-23 02:00:00,287.56754,14.4175415,ERCO
2021-11-23 03:00:00,2021-11-23 03:00:00,286.67657,13.526581,ERCO
2021-11-23 04:00:00,2021-11-23 04:00:00,285.84314,12.693146,ERCO
2021-11-23 05:00:00,2021-11-23 05:00:00,285.08075,11.930756,ERCO
2021-11-23 06:00:00,2021-11-23 06:00:00,284.4168,11.266815,ERCO
2021-11-23 07:00:00,2021-11-23 07:00:00,283.81503,10.665039,ERCO
2021-11-23 08:00:00,2021-11-23 08:00:00,283.25854,10.108551,ERCO
2021-11-23 09:00:00,2021-11-23 09:00:00,282.75943,9.609436,ERCO
2021-11-23 10:00:00,2021-11-23 10:00:00,282.33002,9.180023,ERCO
2021-11-23 11:00:00,2021-11-23 11:00:00,281.95587,8.805878,ERCO
2021-11-23 12:00:00,2021-11-23 12:00:00,281.61047,8.46048,ERCO
2021-11-23 13:00:00,2021-11-23 13:00:00,281.29678,8.14679,ERCO
2021-11-23 14:00:00,2021-11-23 14:00:00,281.74768,8.597687,ERCO
2021-11-23 15:00:00,2021-11-23 15:00:00,284.2394,11.0894165,ERCO
2021-11-23 16:00:00,2021-11-23 16:00:00,286.42828,13.27829,ERCO
2021-11-23 17:00:00,2021-11-23 17:00:00,288.54074,15.390747,ERCO
2021-11-23 18:00:00,2021-11-23 18:00:00,290.258,17.108002,ERCO
2021-11-23 19:00:00,2021-11-23 19:00:00,291.54477,18.394775,ERCO
2021-11-23 20:00:00,2021-11-23 20:00:00,292.45346,19.303467,ERCO
2021-11-23 21:00:00,2021-11-23 21:00:00,292.9812,19.831207,ERCO
2021-11-23 22:00:00,2021-11-23 22:00:00,293.09595,19.945953,ERCO
2021-11-23 23:00:00,2021-11-23 23:00:00,292.63397,19.483978,ERCO
2021-11-24 00:00:00,2021-11-24 00:00:00,291.54135,18.391357,ERCO
2021-11-24 01:00:00,2021-11-24 01:00:00,290.58087,17.430878,ERCO
2021-11-24 02:00:00,2021-11-24 02:00:00,289.75748,16.607483,ERCO
2021-11-24 03:00:00,2021-11-24 03:00:00,289.05258,15.902588,ERCO
2021-11-24 04:00:00,2021-11-24 04:00:00,288.42917,15.279175,ERCO
2021-11-24 05:00:00,2021-11-24 05:00:00,287.88293,14.732941,ERCO
2021-11-24 06:00:00,2021-11-24 06:00:00,287.4251,14.275116,ERCO
2021-11-24 07:00:00,2021-11-24 07:00:00,287.03726,13.887268,ERCO
2021-11-24 08:00:00,2021-11-24 08:00:00,286.71082,13.560822,ERCO
2021-11-24 09:00:00,2021-11-24 09:00:00,286.48047,13.330475,ERCO
2021-11-24 10:00:00,2021-11-24 10:00:00,286.3667,13.216705,ERCO
2021-11-24 11:00:00,2021-11-24 11:00:00,286.34598,13.195984,ERCO
2021-11-24 12:00:00,2021-11-24 12:00:00,286.37698,13.22699,ERCO
2021-11-24 13:00:00,2021-11-24 13:00:00,286.47656,13.326569,ERCO
2021-11-24 14:00:00,2021-11-24 14:00:00,287.2673,14.11731,ERCO
2021-11-24 15:00:00,2021-11-24 15:00:00,289.08163,15.931641,ERCO
2021-11-24 16:00:00,2021-11-24 16:00:00,290.62677,17.476776,ERCO
2021-11-24 17:00:00,2021-11-24 17:00:00,292.1492,18.999207,ERCO
2021-11-24 18:00:00,2021-11-24 18:00:00,293.47107,20.321075,ERCO
2021-11-24 19:00:00,2021-11-24 19:00:00,294.4564,21.306396,ERCO
2021-11-24 20:00:00,2021-11-24 20:00:00,295.11182,21.961823,ERCO
2021-11-24 21:00:00,2021-11-24 21:00:00,295.4672,22.3172,ERCO
2021-11-24 22:00:00,2021-11-24 22:00:00,295.52353,22.373535,ERCO
2021-11-24 23:00:00,2021-11-24 23:00:00,295.20908,22.059082,ERCO
2021-11-25 00:00:00,2021-11-25 00:00:00,294.39456,21.244568,ERCO
2021-11-25 01:00:00,2021-11-25 01:00:00,293.57114,20.421143,ERCO
2021-11-25 02:00:00,2021-11-25 02:00:00,292.81454,19.66455,ERCO
2021-11-25 03:00:00,2021-11-25 03:00:00,292.119,18.968994,ERCO
2021-11-25 04:00:00,2021-11-25 04:00:00,291.45947,18.309479,ERCO
2021-11-25 05:00:00,2021-11-25 05:00:00,290.88956,17.739563,ERCO
2021-11-25 06:00:00,2021-11-25 06:00:00,290.39386,17.243866,ERCO
2021-11-25 07:00:00,2021-11-25 07:00:00,289.8983,16.748291,ERCO
2021-11-25 08:00:00,2021-11-25 08:00:00,289.38553,16.235535,ERCO
2021-11-25 09:00:00,2021-11-25 09:00:00,288.79886,15.648865,ERCO
2021-11-25 10:00:00,2021-11-25 10:00:00,288.16806,15.018066,ERCO
2021-11-25 11:00:00,2021-11-25 11:00:00,287.5177,14.367706,ERCO
2021-11-25 12:00:00,2021-11-25 12:00:00,286.816,13.666016,ERCO
2021-11-25 13:00:00,2021-11-25 13:00:00,286.07962,12.929626,ERCO
2021-11-25 14:00:00,2021-11-25 14:00:00,285.49353,12.343536,ERCO
2021-11-25 15:00:00,2021-11-25 15:00:00,285.38718,12.237183,ERCO
2021-11-25 16:00:00,2021-11-25 16:00:00,285.61676,12.466766,ERCO
2021-11-25 17:00:00,2021-11-25 17:00:00,286.01352,12.863525,ERCO
2021-11-25 18:00:00,2021-11-25 18:00:00,286.50275,13.352753,ERCO
2021-11-25 19:00:00,2021-11-25 19:00:00,286.9689,13.818909,ERCO
2021-11-25 20:00:00,2021-11-25 20:00:00,287.27335,14.123352,ERCO
2021-11-25 21:00:00,2021-11-25 21:00:00,287.40237,14.25238,ERCO
2021-11-25 22:00:00,2021-11-25 22:00:00,287.25076,14.100769,ERCO
2021-11-25 23:00:00,2021-11-25 23:00:00,286.7529,13.602905,ERCO
2021-11-26 00:00:00,2021-11-26 00:00:00,285.9686,12.8186035,ERCO
2021-11-26 01:00:00,2021-11-26 01:00:00,285.17322,12.023224,ERCO
2021-11-26 02:00:00,2021-11-26 02:00:00,284.3822,11.232208,ERCO
2021-11-26 03:00:00,2021-11-26 03:00:00,283.62466,10.47467,ERCO
2021-11-26 04:00:00,2021-11-26 04:00:00,282.8698,9.719818,ERCO
2021-11-26 05:00:00,2021-11-26 05:00:00,282.16003,9.01004,ERCO
2021-11-26 06:00:00,2021-11-26 06:00:00,281.54248,8.392487,ERCO
2021-11-26 07:00:00,2021-11-26 07:00:00,280.98654,7.836548,ERCO
2021-11-26 08:00:00,2021-11-26 08:00:00,280.475,7.325012,ERCO
2021-11-26 09:00:00,2021-11-26 09:00:00,280.0015,6.8515015,ERCO
2021-11-26 10:00:00,2021-11-26 10:00:00,279.5917,6.4417114,ERCO
2021-11-26 11:00:00,2021-11-26 11:00:00,279.2406,6.0906067,ERCO
2021-11-26 12:00:00,2021-11-26 12:00:00,278.92603,5.7760315,ERCO
2021-11-26 13:00:00,2021-11-26 13:00:00,278.6565,5.5065002,ERCO
2021-11-26 14:00:00,2021-11-26 14:00:00,278.75067,5.6006775,ERCO
2021-11-26 15:00:00,2021-11-26 15:00:00,280.01935,6.8693542,ERCO
2021-11-26 16:00:00,2021-11-26 16:00:00,281.39508,8.245087,ERCO
2021-11-26 17:00:00,2021-11-26 17:00:00,282.87112,9.72113,ERCO
2021-11-26 18:00:00,2021-11-26 18:00:00,284.29053,11.140533,ERCO
2021-11-26 19:00:00,2021-11-26 19:00:00,285.526,12.376007,ERCO
2021-11-26 20:00:00,2021-11-26 20:00:00,286.50253,13.352539,ERCO
2021-11-26 21:00:00,2021-11-26 21:00:00,287.1634,14.013397,ERCO
2021-11-26 22:00:00,2021-11-26 22:00:00,287.4817,14.331696,ERCO
2021-11-26 23:00:00,2021-11-26 23:00:00,287.3727,14.222717,ERCO
2021-11-27 00:00:00,2021-11-27 00:00:00,286.7401,13.590118,ERCO
2021-11-27 01:00:00,2021-11-27 01:00:00,286.10468,12.954681,ERCO
2021-11-27 02:00:00,2021-11-27 02:00:00,285.51212,12.362122,ERCO
2021-11-27 03:00:00,2021-11-27 03:00:00,284.95752,11.807526,ERCO
2021-11-27 04:00:00,2021-11-27 04:00:00,284.44943,11.299438,ERCO
2021-11-27 05:00:00,2021-11-27 05:00:00,284.04108,10.891083,ERCO
2021-11-27 06:00:00,2021-11-27 06:00:00,283.74002,10.590027,ERCO
2021-11-27 07:00:00,2021-11-27 07:00:00,283.50046,10.350464,ERCO
2021-11-27 08:00:00,2021-11-27 08:00:00,283.3239,10.17392,ERCO
2021-11-27 09:00:00,2021-11-27 09:00:00,283.1677,10.0177,ERCO
2021-11-27 10:00:00,2021-11-27 10:00:00,283.00726,9.857269,ERCO
2021-11-27 11:00:00,2021-11-27 11:00:00,282.8175,9.667511,ERCO
2021-11-27 12:00:00,2021-11-27 12:00:00,282.63116,9.481171,ERCO
2021-11-27 13:00:00,2021-11-27 13:00:00,282.4778,9.32782,ERCO
2021-11-27 14:00:00,2021-11-27 14:00:00,282.59668,9.446686,ERCO
2021-11-27 15:00:00,2021-11-27 15:00:00,283.28873,10.138733,ERCO
2021-11-27 16:00:00,2021-11-27 16:00:00,283.96988,10.819885,ERCO
2021-11-27 17:00:00,2021-11-27 17:00:00,284.6454,11.495392,ERCO
2021-11-27 18:00:00,2021-11-27 18:00:00,285.26843,12.118439,ERCO
2021-11-27 19:00:00,2021-11-27 19:00:00,285.72,12.570007,ERCO
2021-11-27 20:00:00,2021-11-27 20:00:00,285.98767,12.837677,ERCO
2021-11-27 21:00:00,2021-11-27 21:00:00,286.097,12.946991,ERCO
2021-11-27 22:00:00,2021-11-27 22:00:00,286.1049,12.954895,ERCO
2021-11-27 23:00:00,2021-11-27 23:00:00,285.9751,12.825104,ERCO
2021-11-28 00:00:00,2021-11-28 00:00:00,285.63947,12.489471,ERCO
2021-11-28 01:00:00,2021-11-28 01:00:00,285.32767,12.177673,ERCO
2021-11-28 02:00:00,2021-11-28 02:00:00,285.0608,11.910797,ERCO
2021-11-28 03:00:00,2021-11-28 03:00:00,284.8137,11.663696,ERCO
2021-11-28 04:00:00,2021-11-28 04:00:00,284.5589,11.408905,ERCO
2021-11-28 05:00:00,2021-11-28 05:00:00,284.30966,11.159668,ERCO
2021-11-28 06:00:00,2021-11-28 06:00:00,284.09085,10.940857,ERCO
2021-11-28 07:00:00,2021-11-28 07:00:00,283.9015,10.751495,ERCO
2021-11-28 08:00:00,2021-11-28 08:00:00,283.69965,10.549652,ERCO
2021-11-28 09:00:00,2021-11-28 09:00:00,283.4615,10.311493,ERCO
2021-11-28 10:00:00,2021-11-28 10:00:00,283.1829,10.032898,ERCO
2021-11-28 11:00:00,2021-11-28 11:00:00,282.84793,9.697937,ERCO
2021-11-28 12:00:00,2021-11-28 12:00:00,282.44165,9.2916565,ERCO
2021-11-28 13:00:00,2021-11-28 13:00:00,281.9976,8.847595,ERCO
2021-11-28 14:00:00,2021-11-28 14:00:00,281.90646,8.75647,ERCO
2021-11-28 15:00:00,2021-11-28 15:00:00,282.75836,9.608368,ERCO
2021-11-28 16:00:00,2021-11-28 16:00:00,283.88782,10.7378235,ERCO
2021-11-28 17:00:00,2021-11-28 17:00:00,285.27585,12.1258545,ERCO
2021-11-28 18:00:00,2021-11-28 18:00:00,286.66022,13.510223,ERCO
2021-11-28 19:00:00,2021-11-28 19:00:00,287.8802,14.730194,ERCO
2021-11-28 20:00:00,2021-11-28 20:00:00,288.8284,15.678406,ERCO
2021-11-28 21:00:00,2021-11-28 21:00:00,289.44766,16.297668,ERCO
2021-11-28 22:00:00,2021-11-28 22:00:00,289.70203,16.552032,ERCO
2021-11-28 23:00:00,2021-11-28 23:00:00,289.48544,16.33545,ERCO
2021-11-29 00:00:00,2021-11-29 00:00:00,288.56934,15.419342,ERCO
2021-11-29 01:00:00,2021-11-29 01:00:00,287.59534,14.445343,ERCO
2021-11-29 02:00:00,2021-11-29 02:00:00,286.68542,13.535431,ERCO
2021-11-29 03:00:00,2021-11-29 03:00:00,285.87415,12.724152,ERCO
2021-11-29 04:00:00,2021-11-29 04:00:00,285.14145,11.991455,ERCO
2021-11-29 05:00:00,2021-11-29 05:00:00,284.4716,11.321594,ERCO
2021-11-29 06:00:00,2021-11-29 06:00:00,283.88354,10.733551,ERCO
2021-11-29 07:00:00,2021-11-29 07:00:00,283.3518,10.201813,ERCO
2021-11-29 08:00:00,2021-11-29 08:00:00,282.8647,9.714691,ERCO
2021-11-29 09:00:00,2021-11-29 09:00:00,282.4179,9.267914,ERCO
2021-11-29 10:00:00,2021-11-29 10:00:00,282.0288,8.878815,ERCO
2021-11-29 11:00:00,2021-11-29 11:00:00,281.68372,8.533722,ERCO
2021-11-29 12:00:00,2021-11-29 12:00:00,281.3492,8.199219,ERCO
2021-11-29 13:00:00,2021-11-29 13:00:00,281.05026,7.9002686,ERCO
2021-11-29 14:00:00,2021-11-29 14:00:00,281.16995,8.0199585,ERCO
2021-11-29 15:00:00,2021-11-29 15:00:00,283.3736,10.223602,ERCO
2021-11-29 16:00:00,2021-11-29 16:00:00,285.6567,12.506714,ERCO
2021-11-29 17:00:00,2021-11-29 17:00:00,287.86346,14.71347,ERCO
2021-11-29 18:00:00,2021-11-29 18:00:00,289.76157,16.611572,ERCO
2021-11-29 19:00:00,2021-11-29 19:00:00,291.22495,18.074951,ERCO
2021-11-29 20:00:00,2021-11-29 20:00:00,292.29193,19.141937,ERCO
2021-11-29 21:00:00,2021-11-29 21:00:00,292.95728,19.807281,ERCO
2021-11-29 22:00:00,2021-11-29 22:00:00,293.1799,20.029907,ERCO
2021-11-29 23:00:00,2021-11-29 23:00:00,292.77155,19.621552,ERCO
2021-11-30 00:00:00,2021-11-30 00:00:00,291.3852,18.235199,ERCO
2021-11-30 01:00:00,2021-11-30 01:00:00,290.04553,16.895538,ERCO
2021-11-30 02:00:00,2021-11-30 02:00:00,288.9299,15.779907,ERCO
2021-11-30 03:00:00,2021-11-30 03:00:00,287.99634,14.846344,ERCO
2021-11-30 04:00:00,2021-11-30 04:00:00,287.17288,14.022888,ERCO
2021-11-30 05:00:00,2021-11-30 05:00:00,286.4423,13.292297,ERCO
2021-11-30 06:00:00,2021-11-30 06:00:00,285.82498,12.674988,ERCO
2021-11-30 07:00:00,2021-11-30 07:00:00,285.25946,12.109467,ERCO
2021-11-30 08:00:00,2021-11-30 08:00:00,284.73685,11.586853,ERCO
2021-11-30 09:00:00,2021-11-30 09:00:00,284.27118,11.121185,ERCO
2021-11-30 10:00:00,2021-11-30 10:00:00,283.8582,10.708191,ERCO
2021-11-30 11:00:00,2021-11-30 11:00:00,283.49463,10.344635,ERCO
2021-11-30 12:00:00,2021-11-30 12:00:00,283.15924,10.009247,ERCO
2021-11-30 13:00:00,2021-11-30 13:00:00,282.86206,9.712067,ERCO
2021-11-30 14:00:00,2021-11-30 14:00:00,282.90692,9.7569275,ERCO
2021-11-30 15:00:00,2021-11-30 15:00:00,284.78436,11.634369,ERCO
2021-11-30 16:00:00,2021-11-30 16:00:00,286.95496,13.804962,ERCO
2021-11-30 17:00:00,2021-11-30 17:00:00,289.21582,16.065826,ERCO
2021-11-30 18:00:00,2021-11-30 18:00:00,291.1117,17.9617,ERCO
2021-11-30 19:00:00,2021-11-30 19:00:00,292.50934,19.359344,ERCO
2021-11-30 20:00:00,2021-11-30 20:00:00,293.44913,20.299133,ERCO
2021-11-30 21:00:00,2021-11-30 21:00:00,293.97107,20.821075,ERCO
2021-11-30 22:00:00,2021-11-30 22:00:00,294.06357,20.913574,ERCO
2021-11-30 23:00:00,2021-11-30 23:00:00,293.56836,20.418365,ERCO
2021-12-01 00:00:00,2021-12-01 00:00:00,292.25143,19.10144,ERCO
2021-12-01 01:00:00,2021-12-01 01:00:00,291.03662,17.886627,ERCO
2021-12-01 02:00:00,2021-12-01 02:00:00,290.01855,16.86856,ERCO
2021-12-01 03:00:00,2021-12-01 03:00:00,289.14493,15.994934,ERCO
2021-12-01 04:00:00,2021-12-01 04:00:00,288.3651,15.215118,ERCO
2021-12-01 05:00:00,2021-12-01 05:00:00,287.67798,14.527985,ERCO
2021-12-01 06:00:00,2021-12-01 06:00:00,287.10223,13.95224,ERCO
2021-12-01 07:00:00,2021-12-01 07:00:00,286.6067,13.456696,ERCO
2021-12-01 08:00:00,2021-12-01 08:00:00,286.2162,13.066193,ERCO
2021-12-01 09:00:00,2021-12-01 09:00:00,285.92194,12.771942,ERCO
2021-12-01 10:00:00,2021-12-01 10:00:00,285.7122,12.562195,ERCO
2021-12-01 11:00:00,2021-12-01 11:00:00,285.54822,12.398224,ERCO
2021-12-01 12:00:00,2021-12-01 12:00:00,285.3942,12.244202,ERCO
2021-12-01 13:00:00,2021-12-01 13:00:00,285.21494,12.064941,ERCO
2021-12-01 14:00:00,2021-12-01 14:00:00,285.27182,12.121826,ERCO
2021-12-01 15:00:00,2021-12-01 15:00:00,286.5465,13.396515,ERCO
2021-12-01 16:00:00,2021-12-01 16:00:00,288.11896,14.968964,ERCO
2021-12-01 17:00:00,2021-12-01 17:00:00,289.8643,16.714294,ERCO
2021-12-01 18:00:00,2021-12-01 18:00:00,291.45813,18.308136,ERCO
2021-12-01 19:00:00,2021-12-01 19:00:00,292.74057,19.590576,ERCO
2021-12-01 20:00:00,2021-12-01 20:00:00,293.68887,20.53888,ERCO
2021-12-01 21:00:00,2021-12-01 21:00:00,294.2872,21.137207,ERCO
2021-12-01 22:00:00,2021-12-01 22:00:00,294.5188,21.368805,ERCO
2021-12-01 23:00:00,2021-12-01 23:00:00,294.28586,21.135864,ERCO
2021-12-02 00:00:00,2021-12-02 00:00:00,293.30356,20.153564,ERCO
2021-12-02 01:00:00,2021-12-02 01:00:00,292.25168,19.101685,ERCO
2021-12-02 02:00:00,2021-12-02 02:00:00,291.3131,18.163116,ERCO
2021-12-02 03:00:00,2021-12-02 03:00:00,290.46204,17.312042,ERCO
2021-12-02 04:00:00,2021-12-02 04:00:00,289.65988,16.509888,ERCO
2021-12-02 05:00:00,2021-12-02 05:00:00,288.92535,15.77536,ERCO
2021-12-02 06:00:00,2021-12-02 06:00:00,288.28738,15.13739,ERCO
2021-12-02 07:00:00,2021-12-02 07:00:00,287.7113,14.56131,ERCO
2021-12-02 08:00:00,2021-12-02 08:00:00,287.20145,14.051453,ERCO
2021-12-02 09:00:00,2021-12-02 09:00:00,286.76807,13.6180725,ERCO
2021-12-02 10:00:00,2021-12-02 10:00:00,286.40665,13.256653,ERCO
2021-12-02 11:00:00,2021-12-02 11:00:00,286.11176,12.961761,ERCO
2021-12-02 12:00:00,2021-12-02 12:00:00,285.87378,12.723785,ERCO
2021-12-02 13:00:00,2021-12-02 13:00:00,285.6853,12.535309,ERCO
2021-12-02 14:00:00,2021-12-02 14:00:00,285.6726,12.522614,ERCO
2021-12-02 15:00:00,2021-12-02 15:00:00,286.6515,13.501495,ERCO
2021-12-02 16:00:00,2021-12-02 16:00:00,288.41272,15.262726,ERCO
2021-12-02 17:00:00,2021-12-02 17:00:00,290.556,17.406006,ERCO
2021-12-02 18:00:00,2021-12-02 18:00:00,292.62598,19.475983,ERCO
2021-12-02 19:00:00,2021-12-02 19:00:00,294.2771,21.127106,ERCO
2021-12-02 20:00:00,2021-12-02 20:00:00,295.40604,22.256042,ERCO
2021-12-02 21:00:00,2021-12-02 21:00:00,296.06802,22.91803,ERCO
2021-12-02 22:00:00,2021-12-02 22:00:00,296.27258,23.12259,ERCO
2021-12-02 23:00:00,2021-12-02 23:00:00,295.86496,22.714966,ERCO
2021-12-03 00:00:00,2021-12-03 00:00:00,294.6594,21.5094,ERCO
2021-12-03 01:00:00,2021-12-03 01:00:00,293.53265,20.38266,ERCO
2021-12-03 02:00:00,2021-12-03 02:00:00,292.58817,19.438171,ERCO
2021-12-03 03:00:00,2021-12-03 03:00:00,291.81824,18.668243,ERCO
2021-12-03 04:00:00,2021-12-03 04:00:00,291.17834,18.02835,ERCO
2021-12-03 05:00:00,2021-12-03 05:00:00,290.66208,17.512085,ERCO
2021-12-03 06:00:00,2021-12-03 06:00:00,290.27432,17.124329,ERCO
2021-12-03 07:00:00,2021-12-03 07:00:00,289.99304,16.843048,ERCO
2021-12-03 08:00:00,2021-12-03 08:00:00,289.79477,16.644775,ERCO
2021-12-03 09:00:00,2021-12-03 09:00:00,289.65274,16.502747,ERCO
2021-12-03 10:00:00,2021-12-03 10:00:00,289.5415,16.39151,ERCO
2021-12-03 11:00:00,2021-12-03 11:00:00,289.4518,16.301819,ERCO
2021-12-03 12:00:00,2021-12-03 12:00:00,289.36172,16.211731,ERCO
2021-12-03 13:00:00,2021-12-03 13:00:00,289.26407,16.114075,ERCO
2021-12-03 14:00:00,2021-12-03 14:00:00,289.3098,16.15982,ERCO
2021-12-03 15:00:00,2021-12-03 15:00:00,290.25784,17.10785,ERCO
2021-12-03 16:00:00,2021-12-03 16:00:00,291.46555,18.315552,ERCO
2021-12-03 17:00:00,2021-12-03 17:00:00,292.8003,19.6503,ERCO
2021-12-03 18:00:00,2021-12-03 18:00:00,294.14514,20.995148,ERCO
2021-12-03 19:00:00,2021-12-03 19:00:00,295.3346,22.1846,ERCO
2021-12-03 20:00:00,2021-12-03 20:00:00,296.2308,23.08081,ERCO
2021-12-03 21:00:00,2021-12-03 21:00:00,296.78528,23.635284,ERCO
2021-12-03 22:00:00,2021-12-03 22:00:00,296.93738,23.787384,ERCO
2021-12-03 23:00:00,2021-12-03 23:00:00,296.5218,23.371796,ERCO
2021-12-04 00:00:00,2021-12-04 00:00:00,295.39307,22.243073,ERCO
2021-12-04 01:00:00,2021-12-04 01:00:00,294.3401,21.190094,ERCO
2021-12-04 02:00:00,2021-12-04 02:00:00,293.42816,20.278168,ERCO
2021-12-04 03:00:00,2021-12-04 03:00:00,292.66022,19.510223,ERCO
2021-12-04 04:00:00,2021-12-04 04:00:00,291.98538,18.835388,ERCO
2021-12-04 05:00:00,2021-12-04 05:00:00,291.42078,18.270782,ERCO
2021-12-04 06:00:00,2021-12-04 06:00:00,290.97583,17.825836,ERCO
2021-12-04 07:00:00,2021-12-04 07:00:00,290.6182,17.4682,ERCO
2021-12-04 08:00:00,2021-12-04 08:00:00,290.33102,17.18103,ERCO
2021-12-04 09:00:00,2021-12-04 09:00:00,290.11008,16.960083,ERCO
2021-12-04 10:00:00,2021-12-04 10:00:00,289.9227,16.772705,ERCO
2021-12-04 11:00:00,2021-12-04 11:00:00,289.72818,16.578186,ERCO
2021-12-04 12:00:00,2021-12-04 12:00:00,289.4908,16.34082,ERCO
2021-12-04 13:00:00,2021-12-04 13:00:00,289.22955,16.07956,ERCO
2021-12-04 14:00:00,2021-12-04 14:00:00,289.04065,15.8906555,ERCO
2021-12-04 15:00:00,2021-12-04 15:00:00,289.36896,16.218964,ERCO
2021-12-04 16:00:00,2021-12-04 16:00:00,289.9188,16.768799,ERCO
2021-12-04 17:00:00,2021-12-04 17:00:00,290.64716,17.497162,ERCO
2021-12-04 18:00:00,2021-12-04 18:00:00,291.46524,18.315247,ERCO
2021-12-04 19:00:00,2021-12-04 19:00:00,292.2626,19.11261,ERCO
2021-12-04 20:00:00,2021-12-04 20:00:00,292.8966,19.746613,ERCO
2021-12-04 21:00:00,2021-12-04 21:00:00,293.30933,20.159332,ERCO
2021-12-04 22:00:00,2021-12-04 22:00:00,293.46106,20.311066,ERCO
2021-12-04 23:00:00,2021-12-04 23:00:00,293.2725,20.122498,ERCO
2021-12-05 00:00:00,2021-12-05 00:00:00,292.66574,19.515747,ERCO
2021-12-05 01:00:00,2021-12-05 01:00:00,292.0011,18.851105,ERCO
2021-12-05 02:00:00,2021-12-05 02:00:00,291.38293,18.23294,ERCO
2021-12-05 03:00:00,2021-12-05 03:00:00,290.83575,17.68576,ERCO
2021-12-05 04:00:00,2021-12-05 04:00:00,290.34805,17.19806,ERCO
2021-12-05 05:00:00,2021-12-05 05:00:00,289.9588,16.808807,ERCO
2021-12-05 06:00:00,2021-12-05 06:00:00,289.694,16.544006,ERCO
2021-12-05 07:00:00,2021-12-05 07:00:00,289.49835,16.348358,ERCO
2021-12-05 08:00:00,2021-12-05 08:00:00,289.37125,16.221252,ERCO
2021-12-05 09:00:00,2021-12-05 09:00:00,289.29584,16.145844,ERCO
2021-12-05 10:00:00,2021-12-05 10:00:00,289.2501,16.100098,ERCO
2021-12-05 11:00:00,2021-12-05 11:00:00,289.2484,16.09842,ERCO
2021-12-05 12:00:00,2021-12-05 12:00:00,289.2756,16.12561,ERCO
2021-12-05 13:00:00,2021-12-05 13:00:00,289.32935,16.179352,ERCO
2021-12-05 14:00:00,2021-12-05 14:00:00,289.5701,16.420105,ERCO
2021-12-05 15:00:00,2021-12-05 15:00:00,290.70645,17.556458,ERCO
2021-12-05 16:00:00,2021-12-05 16:00:00,291.9045,18.754517,ERCO
2021-12-05 17:00:00,2021-12-05 17:00:00,293.06696,19.916962,ERCO
2021-12-05 18:00:00,2021-12-05 18:00:00,294.16907,21.019073,ERCO
2021-12-05 19:00:00,2021-12-05 19:00:00,295.14252,21.992523,ERCO
2021-12-05 20:00:00,2021-12-05 20:00:00,295.88727,22.737274,ERCO
2021-12-05 21:00:00,2021-12-05 21:00:00,296.34756,23.19757,ERCO
2021-12-05 22:00:00,2021-12-05 22:00:00,296.4786,23.328613,ERCO
2021-12-05 23:00:00,2021-12-05 23:00:00,296.13916,22.989166,ERCO
2021-12-06 00:00:00,2021-12-06 00:00:00,295.2324,22.082397,ERCO
2021-12-06 01:00:00,2021-12-06 01:00:00,294.37152,21.221527,ERCO
2021-12-06 02:00:00,2021-12-06 02:00:00,293.6255,20.475494,ERCO
2021-12-06 03:00:00,2021-12-06 03:00:00,292.9714,19.821411,ERCO
2021-12-06 04:00:00,2021-12-06 04:00:00,292.37125,19.221252,ERCO
2021-12-06 05:00:00,2021-12-06 05:00:00,291.83087,18.680878,ERCO
2021-12-06 06:00:00,2021-12-06 06:00:00,291.28818,18.138184,ERCO
2021-12-06 07:00:00,2021-12-06 07:00:00,290.70593,17.555939,ERCO
2021-12-06 08:00:00,2021-12-06 08:00:00,290.06995,16.919952,ERCO
2021-12-06 09:00:00,2021-12-06 09:00:00,289.4135,16.26352,ERCO
2021-12-06 10:00:00,2021-12-06 10:00:00,288.73016,15.58017,ERCO
2021-12-06 11:00:00,2021-12-06 11:00:00,287.996,14.846008,ERCO
2021-12-06 12:00:00,2021-12-06 12:00:00,287.17688,14.026886,ERCO
2021-12-06 13:00:00,2021-12-06 13:00:00,286.30853,13.158539,ERCO
2021-12-06 14:00:00,2021-12-06 14:00:00,285.56696,12.416962,ERCO
2021-12-06 15:00:00,2021-12-06 15:00:00,285.2542,12.104218,ERCO
2021-12-06 16:00:00,2021-12-06 16:00:00,285.21817,12.068176,ERCO
2021-12-06 17:00:00,2021-12-06 17:00:00,285.42352,12.273529,ERCO
2021-12-06 18:00:00,2021-12-06 18:00:00,285.7428,12.592804,ERCO
2021-12-06 19:00:00,2021-12-06 19:00:00,286.00812,12.858124,ERCO
2021-12-06 20:00:00,2021-12-06 20:00:00,286.13083,12.980835,ERCO
2021-12-06 21:00:00,2021-12-06 21:00:00,286.137,12.9869995,ERCO
2021-12-06 22:00:00,2021-12-06 22:00:00,285.9376,12.787598,ERCO
2021-12-06 23:00:00,2021-12-06 23:00:00,285.44717,12.29718,ERCO
2021-12-07 00:00:00,2021-12-07 00:00:00,284.71948,11.569489,ERCO
2021-12-07 01:00:00,2021-12-07 01:00:00,283.96423,10.8142395,ERCO
2021-12-07 02:00:00,2021-12-07 02:00:00,283.2072,10.05722,ERCO
2021-12-07 03:00:00,2021-12-07 03:00:00,282.4755,9.3255005,ERCO
2021-12-07 04:00:00,2021-12-07 04:00:00,281.7815,8.6315,ERCO
2021-12-07 05:00:00,2021-12-07 05:00:00,281.15536,8.005371,ERCO
2021-12-07 06:00:00,2021-12-07 06:00:00,280.59885,7.4488525,ERCO
2021-12-07 07:00:00,2021-12-07 07:00:00,280.11737,6.9673767,ERCO
2021-12-07 08:00:00,2021-12-07 08:00:00,279.71085,6.560852,ERCO
2021-12-07 09:00:00,2021-12-07 09:00:00,279.36932,6.21933,ERCO
2021-12-07 10:00:00,2021-12-07 10:00:00,279.10428,5.9542847,ERCO
2021-12-07 11:00:00,2021-12-07 11:00:00,278.9139,5.763916,ERCO
2021-12-07 12:00:00,2021-12-07 12:00:00,278.75626,5.606262,ERCO
2021-12-07 13:00:00,2021-12-07 13:00:00,278.62268,5.472687,ERCO
2021-12-07 14:00:00,2021-12-07 14:00:00,278.82913,5.679138,ERCO
2021-12-07 15:00:00,2021-12-07 15:00:00,280.22873,7.0787354,ERCO
2021-12-07 16:00:00,2021-12-07 16:00:00,281.97025,8.820251,ERCO
2021-12-07 17:00:00,2021-12-07 17:00:00,283.90967,10.759674,ERCO
2021-12-07 18:00:00,2021-12-07 18:00:00,285.82108,12.671082,ERCO
2021-12-07 19:00:00,2021-12-07 19:00:00,287.50702,14.357025,ERCO
2021-12-07 20:00:00,2021-12-07 20:00:00,288.85095,15.700958,ERCO
2021-12-07 21:00:00,2021-12-07 21:00:00,289.77658,16.626587,ERCO
2021-12-07 22:00:00,2021-12-07 22:00:00,290.23904,17.08905,ERCO
2021-12-07 23:00:00,2021-12-07 23:00:00,290.1092,16.959198,ERCO
2021-12-08 00:00:00,2021-12-08 00:00:00,289.1664,16.016418,ERCO
2021-12-08 01:00:00,2021-12-08 01:00:00,288.22314,15.073151,ERCO
2021-12-08 02:00:00,2021-12-08 02:00:00,287.42358,14.27359,ERCO
2021-12-08 03:00:00,2021-12-08 03:00:00,286.7183,13.568298,ERCO
2021-12-08 04:00:00,2021-12-08 04:00:00,286.0646,12.914612,ERCO
2021-12-08 05:00:00,2021-12-08 05:00:00,285.48706,12.337067,ERCO
2021-12-08 06:00:00,2021-12-08 06:00:00,284.97763,11.827637,ERCO
2021-12-08 07:00:00,2021-12-08 07:00:00,284.50717,11.357178,ERCO
2021-12-08 08:00:00,2021-12-08 08:00:00,284.06085,10.910858,ERCO
2021-12-08 09:00:00,2021-12-08 09:00:00,283.64795,10.497955,ERCO
2021-12-08 10:00:00,2021-12-08 10:00:00,283.2755,10.125519,ERCO
2021-12-08 11:00:00,2021-12-08 11:00:00,282.94275,9.792755,ERCO
2021-12-08 12:00:00,2021-12-08 12:00:00,282.61398,9.463989,ERCO
2021-12-08 13:00:00,2021-12-08 13:00:00,282.28644,9.136444,ERCO
2021-12-08 14:00:00,2021-12-08 14:00:00,282.17603,9.0260315,ERCO
2021-12-08 15:00:00,2021-12-08 15:00:00,283.68744,10.537445,ERCO
2021-12-08 16:00:00,2021-12-08 16:00:00,285.7337,12.58371,ERCO
2021-12-08 17:00:00,2021-12-08 17:00:00,287.7359,14.585907,ERCO
2021-12-08 18:00:00,2021-12-08 18:00:00,289.5451,16.395111,ERCO
2021-12-08 19:00:00,2021-12-08 19:00:00,291.04492,17.894928,ERCO
2021-12-08 20:00:00,2021-12-08 20:00:00,292.1958,19.045807,ERCO
2021-12-08 21:00:00,2021-12-08 21:00:00,292.9765,19.826508,ERCO
2021-12-08 22:00:00,2021-12-08 22:00:00,293.32632,20.17633,ERCO
2021-12-08 23:00:00,2021-12-08 23:00:00,293.05148,19.90149,ERCO
2021-12-09 00:00:00,2021-12-09 00:00:00,291.88504,18.735046,ERCO
2021-12-09 01:00:00,2021-12-09 01:00:00,290.85553,17.705536,ERCO
2021-12-09 02:00:00,2021-12-09 02:00:00,290.08545,16.935455,ERCO
2021-12-09 03:00:00,2021-12-09 03:00:00,289.50726,16.35727,ERCO
2021-12-09 04:00:00,2021-12-09 04:00:00,289.06274,15.91275,ERCO
2021-12-09 05:00:00,2021-12-09 05:00:00,288.75424,15.604248,ERCO
2021-12-09 06:00:00,2021-12-09 06:00:00,288.57983,15.42984,ERCO
2021-12-09 07:00:00,2021-12-09 07:00:00,288.49548,15.3454895,ERCO
2021-12-09 08:00:00,2021-12-09 08:00:00,288.46146,15.311462,ERCO
2021-12-09 09:00:00,2021-12-09 09:00:00,288.4561,15.306091,ERCO
2021-12-09 10:00:00,2021-12-09 10:00:00,288.4826,15.332611,ERCO
2021-12-09 11:00:00,2021-12-09 11:00:00,288.5178,15.367798,ERCO
2021-12-09 12:00:00,2021-12-09 12:00:00,288.53387,15.383881,ERCO
2021-12-09 13:00:00,2021-12-09 13:00:00,288.54312,15.393127,ERCO
2021-12-09 14:00:00,2021-12-09 14:00:00,288.66245,15.512451,ERCO
2021-12-09 15:00:00,2021-12-09 15:00:00,289.7798,16.629791,ERCO
2021-12-09 16:00:00,2021-12-09 16:00:00,291.18942,18.039429,ERCO
2021-12-09 17:00:00,2021-12-09 17:00:00,292.5028,19.352814,ERCO
2021-12-09 18:00:00,2021-12-09 18:00:00,293.88898,20.738983,ERCO
2021-12-09 19:00:00,2021-12-09 19:00:00,295.12372,21.973724,ERCO
2021-12-09 20:00:00,2021-12-09 20:00:00,296.04297,22.892975,ERCO
2021-12-09 21:00:00,2021-12-09 21:00:00,296.64948,23.499481,ERCO
2021-12-09 22:00:00,2021-12-09 22:00:00,296.8842,23.734192,ERCO
2021-12-09 23:00:00,2021-12-09 23:00:00,296.47742,23.327423,ERCO
2021-12-10 00:00:00,2021-12-10 00:00:00,295.27078,22.120789,ERCO
2021-12-10 01:00:00,2021-12-10 01:00:00,294.16928,21.019287,ERCO
2021-12-10 02:00:00,2021-12-10 02:00:00,293.2657,20.115692,ERCO
2021-12-10 03:00:00,2021-12-10 03:00:00,292.5315,19.3815,ERCO
2021-12-10 04:00:00,2021-12-10 04:00:00,291.94418,18.79419,ERCO
2021-12-10 05:00:00,2021-12-10 05:00:00,291.50415,18.354156,ERCO
2021-12-10 06:00:00,2021-12-10 06:00:00,291.21558,18.065582,ERCO
2021-12-10 07:00:00,2021-12-10 07:00:00,291.02042,17.870422,ERCO
2021-12-10 08:00:00,2021-12-10 08:00:00,290.8914,17.741394,ERCO
2021-12-10 09:00:00,2021-12-10 09:00:00,290.79456,17.644562,ERCO
2021-12-10 10:00:00,2021-12-10 10:00:00,290.72842,17.57843,ERCO
2021-12-10 11:00:00,2021-12-10 11:00:00,290.69424,17.54425,ERCO
2021-12-10 12:00:00,2021-12-10 12:00:00,290.65305,17.503052,ERCO
2021-12-10 13:00:00,2021-12-10 13:00:00,290.5559,17.405914,ERCO
2021-12-10 14:00:00,2021-12-10 14:00:00,290.52267,17.37268,ERCO
2021-12-10 15:00:00,2021-12-10 15:00:00,291.57486,18.424866,ERCO
2021-12-10 16:00:00,2021-12-10 16:00:00,292.79184,19.641846,ERCO
2021-12-10 17:00:00,2021-12-10 17:00:00,293.9968,20.846802,ERCO
2021-12-10 18:00:00,2021-12-10 18:00:00,295.09717,21.947174,ERCO
2021-12-10 19:00:00,2021-12-10 19:00:00,295.99475,22.844757,ERCO
2021-12-10 20:00:00,2021-12-10 20:00:00,296.61737,23.467377,ERCO
2021-12-10 21:00:00,2021-12-10 21:00:00,296.94705,23.797058,ERCO
2021-12-10 22:00:00,2021-12-10 22:00:00,296.9435,23.793518,ERCO
2021-12-10 23:00:00,2021-12-10 23:00:00,296.4436,23.29361,ERCO
2021-12-11 00:00:00,2021-12-11 00:00:00,295.4268,22.276794,ERCO
2021-12-11 01:00:00,2021-12-11 01:00:00,294.42715,21.27716,ERCO
2021-12-11 02:00:00,2021-12-11 02:00:00,293.4397,20.289703,ERCO
2021-12-11 03:00:00,2021-12-11 03:00:00,292.5237,19.373718,ERCO
2021-12-11 04:00:00,2021-12-11 04:00:00,291.64304,18.493042,ERCO
2021-12-11 05:00:00,2021-12-11 05:00:00,290.83548,17.685486,ERCO
2021-12-11 06:00:00,2021-12-11 06:00:00,290.00192,16.851929,ERCO
2021-12-11 07:00:00,2021-12-11 07:00:00,289.04526,15.895264,ERCO
2021-12-11 08:00:00,2021-12-11 08:00:00,287.98184,14.831848,ERCO
2021-12-11 09:00:00,2021-12-11 09:00:00,286.9391,13.789093,ERCO
2021-12-11 10:00:00,2021-12-11 10:00:00,285.8536,12.703613,ERCO
2021-12-11 11:00:00,2021-12-11 11:00:00,284.72757,11.577576,ERCO
2021-12-11 12:00:00,2021-12-11 12:00:00,283.6029,10.452911,ERCO
2021-12-11 13:00:00,2021-12-11 13:00:00,282.53314,9.383148,ERCO
2021-12-11 14:00:00,2021-12-11 14:00:00,281.6894,8.539398,ERCO
2021-12-11 15:00:00,2021-12-11 15:00:00,281.73923,8.589233,ERCO
2021-12-11 16:00:00,2021-12-11 16:00:00,282.05487,8.904877,ERCO
2021-12-11 17:00:00,2021-12-11 17:00:00,282.56018,9.410187,ERCO
2021-12-11 18:00:00,2021-12-11 18:00:00,283.16656,10.016571,ERCO
2021-12-11 19:00:00,2021-12-11 19:00:00,283.76144,10.61145,ERCO
2021-12-11 20:00:00,2021-12-11 20:00:00,284.26993,11.119934,ERCO
2021-12-11 21:00:00,2021-12-11 21:00:00,284.6362,11.486206,ERCO
2021-12-11 22:00:00,2021-12-11 22:00:00,284.77438,11.62439,ERCO
2021-12-11 23:00:00,2021-12-11 23:00:00,284.5903,11.440308,ERCO
2021-12-12 00:00:00,2021-12-12 00:00:00,283.9268,10.776794,ERCO
2021-12-12 01:00:00,2021-12-12 01:00:00,283.1498,9.999817,ERCO
2021-12-12 02:00:00,2021-12-12 02:00:00,282.36102,9.211029,ERCO
2021-12-12 03:00:00,2021-12-12 03:00:00,281.5977,8.447693,ERCO
2021-12-12 04:00:00,2021-12-12 04:00:00,280.86945,7.719452,ERCO
2021-12-12 05:00:00,2021-12-12 05:00:00,280.21326,7.063263,ERCO
2021-12-12 06:00:00,2021-12-12 06:00:00,279.62735,6.477356,ERCO
2021-12-12 07:00:00,2021-12-12 07:00:00,279.07983,5.92984,ERCO
2021-12-12 08:00:00,2021-12-12 08:00:00,278.58008,5.430084,ERCO
2021-12-12 09:00:00,2021-12-12 09:00:00,278.12344,4.9734497,ERCO
2021-12-12 10:00:00,2021-12-12 10:00:00,277.72006,4.5700684,ERCO
2021-12-12 11:00:00,2021-12-12 11:00:00,277.36884,4.2188416,ERCO
2021-12-12 12:00:00,2021-12-12 12:00:00,277.04523,3.8952332,ERCO
2021-12-12 13:00:00,2021-12-12 13:00:00,276.75137,3.6013794,ERCO
2021-12-12 14:00:00,2021-12-12 14:00:00,276.8878,3.737793,ERCO
2021-12-12 15:00:00,2021-12-12 15:00:00,278.9487,5.798706,ERCO
2021-12-12 16:00:00,2021-12-12 16:00:00,280.88763,7.7376404,ERCO
2021-12-12 17:00:00,2021-12-12 17:00:00,282.74966,9.59967,ERCO
2021-12-12 18:00:00,2021-12-12 18:00:00,284.50446,11.354462,ERCO
2021-12-12 19:00:00,2021-12-12 19:00:00,286.02975,12.879761,ERCO
2021-12-12 20:00:00,2021-12-12 20:00:00,287.2285,14.078491,ERCO
2021-12-12 21:00:00,2021-12-12 21:00:00,288.03732,14.887329,ERCO
2021-12-12 22:00:00,2021-12-12 22:00:00,288.40576,15.255768,ERCO
2021-12-12 23:00:00,2021-12-12 23:00:00,288.14856,14.998566,ERCO
2021-12-13 00:00:00,2021-12-13 00:00:00,287.0548,13.904816,ERCO
2021-12-13 01:00:00,2021-12-13 01:00:00,286.02893,12.878937,ERCO
2021-12-13 02:00:00,2021-12-13 02:00:00,285.14633,11.996338,ERCO
2021-12-13 03:00:00,2021-12-13 03:00:00,284.38113,11.23114,ERCO
2021-12-13 04:00:00,2021-12-13 04:00:00,283.728,10.578003,ERCO
2021-12-13 05:00:00,2021-12-13 05:00:00,283.17932,10.029327,ERCO
2021-12-13 06:00:00,2021-12-13 06:00:00,282.75018,9.600189,ERCO
2021-12-13 07:00:00,2021-12-13 07:00:00,282.4027,9.252716,ERCO
2021-12-13 08:00:00,2021-12-13 08:00:00,282.09274,8.942749,ERCO
2021-12-13 09:00:00,2021-12-13 09:00:00,281.83124,8.681244,ERCO
2021-12-13 10:00:00,2021-12-13 10:00:00,281.63834,8.488342,ERCO
2021-12-13 11:00:00,2021-12-13 11:00:00,281.50223,8.352234,ERCO
2021-12-13 12:00:00,2021-12-13 12:00:00,281.40833,8.258331,ERCO
2021-12-13 13:00:00,2021-12-13 13:00:00,281.35086,8.200867,ERCO
2021-12-13 14:00:00,2021-12-13 14:00:00,281.48874,8.338745,ERCO
2021-12-13 15:00:00,2021-12-13 15:00:00,283.32547,10.175476,ERCO
2021-12-13 16:00:00,2021-12-13 16:00:00,285.18872,12.038727,ERCO
2021-12-13 17:00:00,2021-12-13 17:00:00,286.98904,13.83905,ERCO
2021-12-13 18:00:00,2021-12-13 18:00:00,288.62778,15.477783,ERCO
2021-12-13 19:00:00,2021-12-13 19:00:00,289.93588,16.785889,ERCO
2021-12-13 20:00:00,2021-12-13 20:00:00,290.86407,17.71408,ERCO
2021-12-13 21:00:00,2021-12-13 21:00:00,291.43573,18.285736,ERCO
2021-12-13 22:00:00,2021-12-13 22:00:00,291.64575,18.495758,ERCO
2021-12-13 23:00:00,2021-12-13 23:00:00,291.37405,18.22406,ERCO
2021-12-14 00:00:00,2021-12-14 00:00:00,290.4304,17.280396,ERCO
2021-12-14 01:00:00,2021-12-14 01:00:00,289.59448,16.444489,ERCO
2021-12-14 02:00:00,2021-12-14 02:00:00,288.9546,15.804596,ERCO
2021-12-14 03:00:00,2021-12-14 03:00:00,288.46393,15.313934,ERCO
2021-12-14 04:00:00,2021-12-14 04:00:00,288.07422,14.924225,ERCO
2021-12-14 05:00:00,2021-12-14 05:00:00,287.7771,14.627106,ERCO
2021-12-14 06:00:00,2021-12-14 06:00:00,287.57632,14.426331,ERCO
2021-12-14 07:00:00,2021-12-14 07:00:00,287.42688,14.276886,ERCO
2021-12-14 08:00:00,2021-12-14 08:00:00,287.29944,14.149445,ERCO
2021-12-14 09:00:00,2021-12-14 09:00:00,287.20718,14.05719,ERCO
2021-12-14 10:00:00,2021-12-14 10:00:00,287.176,14.026001,ERCO
2021-12-14 11:00:00,2021-12-14 11:00:00,287.19006,14.04007,ERCO
2021-12-14 12:00:00,2021-12-14 12:00:00,287.2173,14.067291,ERCO
2021-12-14 13:00:00,2021-12-14 13:00:00,287.25226,14.102264,ERCO
2021-12-14 14:00:00,2021-12-14 14:00:00,287.41913,14.2691345,ERCO
2021-12-14 15:00:00,2021-12-14 15:00:00,288.33105,15.181061,ERCO
2021-12-14 16:00:00,2021-12-14 16:00:00,289.56418,16.414185,ERCO
2021-12-14 17:00:00,2021-12-14 17:00:00,290.91382,17.763824,ERCO
2021-12-14 18:00:00,2021-12-14 18:00:00,292.36526,19.215271,ERCO
2021-12-14 19:00:00,2021-12-14 19:00:00,293.6519,20.501892,ERCO
2021-12-14 20:00:00,2021-12-14 20:00:00,294.66013,21.510132,ERCO
2021-12-14 21:00:00,2021-12-14 21:00:00,295.32983,22.17984,ERCO
2021-12-14 22:00:00,2021-12-14 22:00:00,295.56796,22.417969,ERCO
2021-12-14 23:00:00,2021-12-14 23:00:00,295.2473,22.09732,ERCO
2021-12-15 00:00:00,2021-12-15 00:00:00,294.30612,21.156128,ERCO
2021-12-15 01:00:00,2021-12-15 01:00:00,293.51016,20.360168,ERCO
2021-12-15 02:00:00,2021-12-15 02:00:00,292.88254,19.732544,ERCO
2021-12-15 03:00:00,2021-12-15 03:00:00,292.37982,19.229828,ERCO
2021-12-15 04:00:00,2021-12-15 04:00:00,292.0016,18.851593,ERCO
2021-12-15 05:00:00,2021-12-15 05:00:00,291.75363,18.603638,ERCO
2021-12-15 06:00:00,2021-12-15 06:00:00,291.59134,18.441345,ERCO
2021-12-15 07:00:00,2021-12-15 07:00:00,291.47098,18.320984,ERCO
2021-12-15 08:00:00,2021-12-15 08:00:00,291.3829,18.23291,ERCO
2021-12-15 09:00:00,2021-12-15 09:00:00,291.33072,18.180725,ERCO
2021-12-15 10:00:00,2021-12-15 10:00:00,291.30606,18.156067,ERCO
2021-12-15 11:00:00,2021-12-15 11:00:00,291.3012,18.151215,ERCO
2021-12-15 12:00:00,2021-12-15 12:00:00,291.27942,18.129425,ERCO
2021-12-15 13:00:00,2021-12-15 13:00:00,291.24847,18.09848,ERCO
2021-12-15 14:00:00,2021-12-15 14:00:00,291.29886,18.148865,ERCO
2021-12-15 15:00:00,2021-12-15 15:00:00,291.9268,18.776794,ERCO
2021-12-15 16:00:00,2021-12-15 16:00:00,292.8121,19.66211,ERCO
2021-12-15 17:00:00,2021-12-15 17:00:00,293.88824,20.73825,ERCO
2021-12-15 18:00:00,2021-12-15 18:00:00,295.00095,21.850952,ERCO
2021-12-15 19:00:00,2021-12-15 19:00:00,295.96118,22.811188,ERCO
2021-12-15 20:00:00,2021-12-15 20:00:00,296.68024,23.530243,ERCO
2021-12-15 21:00:00,2021-12-15 21:00:00,297.11377,23.963776,ERCO
2021-12-15 22:00:00,2021-12-15 22:00:00,297.18646,24.036469,ERCO
2021-12-15 23:00:00,2021-12-15 23:00:00,296.74097,23.590973,ERCO
2021-12-16 00:00:00,2021-12-16 00:00:00,295.6651,22.515106,ERCO
2021-12-16 01:00:00,2021-12-16 01:00:00,294.66263,21.512634,ERCO
2021-12-16 02:00:00,2021-12-16 02:00:00,293.79755,20.647552,ERCO
2021-12-16 03:00:00,2021-12-16 03:00:00,293.08377,19.933777,ERCO
2021-12-16 04:00:00,2021-12-16 04:00:00,292.4999,19.349915,ERCO
2021-12-16 05:00:00,2021-12-16 05:00:00,292.0265,18.876495,ERCO
2021-12-16 06:00:00,2021-12-16 06:00:00,291.66156,18.511566,ERCO
2021-12-16 07:00:00,2021-12-16 07:00:00,291.3193,18.169312,ERCO
2021-12-16 08:00:00,2021-12-16 08:00:00,290.96948,17.819489,ERCO
2021-12-16 09:00:00,2021-12-16 09:00:00,290.65454,17.504547,ERCO
2021-12-16 10:00:00,2021-12-16 10:00:00,290.3493,17.19931,ERCO
2021-12-16 11:00:00,2021-12-16 11:00:00,290.0449,16.894897,ERCO
2021-12-16 12:00:00,2021-12-16 12:00:00,289.6866,16.536621,ERCO
2021-12-16 13:00:00,2021-12-16 13:00:00,289.27597,16.125977,ERCO
2021-12-16 14:00:00,2021-12-16 14:00:00,288.93692,15.786926,ERCO
2021-12-16 15:00:00,2021-12-16 15:00:00,289.28842,16.138428,ERCO
2021-12-16 16:00:00,2021-12-16 16:00:00,289.93155,16.781555,ERCO
2021-12-16 17:00:00,2021-12-16 17:00:00,290.75018,17.60019,ERCO
2021-12-16 18:00:00,2021-12-16 18:00:00,291.5714,18.421417,ERCO
2021-12-16 19:00:00,2021-12-16 19:00:00,292.31436,19.164368,ERCO
2021-12-16 20:00:00,2021-12-16 20:00:00,292.89127,19.741272,ERCO
2021-12-16 21:00:00,2021-12-16 21:00:00,293.26572,20.115723,ERCO
2021-12-16 22:00:00,2021-12-16 22:00:00,293.36673,20.216736,ERCO
2021-12-16 23:00:00,2021-12-16 23:00:00,293.11246,19.962463,ERCO
2021-12-17 00:00:00,2021-12-17 00:00:00,292.43185,19.28186,ERCO
2021-12-17 01:00:00,2021-12-17 01:00:00,291.73148,18.581482,ERCO
2021-12-17 02:00:00,2021-12-17 02:00:00,291.1124,17.962402,ERCO
2021-12-17 03:00:00,2021-12-17 03:00:00,290.58,17.429993,ERCO
2021-12-17 04:00:00,2021-12-17 04:00:00,290.14423,16.994232,ERCO
2021-12-17 05:00:00,2021-12-17 05:00:00,289.84134,16.691345,ERCO
2021-12-17 06:00:00,2021-12-17 06:00:00,289.67593,16.52594,ERCO
2021-12-17 07:00:00,2021-12-17 07:00:00,289.5775,16.42752,ERCO
2021-12-17 08:00:00,2021-12-17 08:00:00,289.52924,16.379242,ERCO
2021-12-17 09:00:00,2021-12-17 09:00:00,289.52466,16.374664,ERCO
2021-12-17 10:00:00,2021-12-17 10:00:00,289.57513,16.42514,ERCO
2021-12-17 11:00:00,2021-12-17 11:00:00,289.65912,16.509125,ERCO
2021-12-17 12:00:00,2021-12-17 12:00:00,289.7407,16.590698,ERCO
2021-12-17 13:00:00,2021-12-17 13:00:00,289.79907,16.649078,ERCO
2021-12-17 14:00:00,2021-12-17 14:00:00,289.9422,16.792206,ERCO
2021-12-17 15:00:00,2021-12-17 15:00:00,290.5873,17.437317,ERCO
2021-12-17 16:00:00,2021-12-17 16:00:00,291.42764,18.277649,ERCO
2021-12-17 17:00:00,2021-12-17 17:00:00,292.40436,19.254364,ERCO
2021-12-17 18:00:00,2021-12-17 18:00:00,293.41766,20.26767,ERCO
2021-12-17 19:00:00,2021-12-17 19:00:00,294.3193,21.169312,ERCO
2021-12-17 20:00:00,2021-12-17 20:00:00,294.9946,21.844604,ERCO
2021-12-17 21:00:00,2021-12-17 21:00:00,295.424,22.274017,ERCO
2021-12-17 22:00:00,2021-12-17 22:00:00,295.5429,22.392914,ERCO
2021-12-17 23:00:00,2021-12-17 23:00:00,295.2295,22.079498,ERCO
2021-12-18 00:00:00,2021-12-18 00:00:00,294.41217,21.262177,ERCO
2021-12-18 01:00:00,2021-12-18 01:00:00,293.5981,20.44812,ERCO
2021-12-18 02:00:00,2021-12-18 02:00:00,292.8594,19.709412,ERCO
2021-12-18 03:00:00,2021-12-18 03:00:00,292.1792,19.029205,ERCO
2021-12-18 04:00:00,2021-12-18 04:00:00,291.5684,18.418396,ERCO
2021-12-18 05:00:00,2021-12-18 05:00:00,291.03726,17.887268,ERCO
2021-12-18 06:00:00,2021-12-18 06:00:00,290.57294,17.422943,ERCO
2021-12-18 07:00:00,2021-12-18 07:00:00,290.1098,16.959808,ERCO
2021-12-18 08:00:00,2021-12-18 08:00:00,289.67975,16.529755,ERCO
2021-12-18 09:00:00,2021-12-18 09:00:00,289.25375,16.10376,ERCO
2021-12-18 10:00:00,2021-12-18 10:00:00,288.79733,15.647339,ERCO
2021-12-18 11:00:00,2021-12-18 11:00:00,288.27,15.119995,ERCO
2021-12-18 12:00:00,2021-12-18 12:00:00,287.6588,14.50882,ERCO
2021-12-18 13:00:00,2021-12-18 13:00:00,286.9611,13.811096,ERCO
2021-12-18 14:00:00,2021-12-18 14:00:00,286.19922,13.049225,ERCO
2021-12-18 15:00:00,2021-12-18 15:00:00,285.78793,12.637939,ERCO
2021-12-18 16:00:00,2021-12-18 16:00:00,285.75357,12.603577,ERCO
2021-12-18 17:00:00,2021-12-18 17:00:00,285.8314,12.6813965,ERCO
2021-12-18 18:00:00,2021-12-18 18:00:00,285.94336,12.7933655,ERCO
2021-12-18 19:00:00,2021-12-18 19:00:00,286.06766,12.917664,ERCO
2021-12-18 20:00:00,2021-12-18 20:00:00,286.08078,12.930786,ERCO
2021-12-18 21:00:00,2021-12-18 21:00:00,285.92783,12.777832,ERCO
2021-12-18 22:00:00,2021-12-18 22:00:00,285.56522,12.415222,ERCO
2021-12-18 23:00:00,2021-12-18 23:00:00,284.88327,11.733276,ERCO
2021-12-19 00:00:00,2021-12-19 00:00:00,283.92227,10.772278,ERCO
2021-12-19 01:00:00,2021-12-19 01:00:00,282.98825,9.838257,ERCO
2021-12-19 02:00:00,2021-12-19 02:00:00,282.125,8.975006,ERCO
2021-12-19 03:00:00,2021-12-19 03:00:00,281.32852,8.178528,ERCO
2021-12-19 04:00:00,2021-12-19 04:00:00,280.5678,7.417816,ERCO
2021-12-19 05:00:00,2021-12-19 05:00:00,279.8431,6.693115,ERCO
2021-12-19 06:00:00,2021-12-19 06:00:00,279.1757,6.025696,ERCO
2021-12-19 07:00:00,2021-12-19 07:00:00,278.51355,5.363556,ERCO
2021-12-19 08:00:00,2021-12-19 08:00:00,277.86276,4.7127686,ERCO
2021-12-19 09:00:00,2021-12-19 09:00:00,277.2916,4.1416016,ERCO
2021-12-19 10:00:00,2021-12-19 10:00:00,276.80566,3.6556702,ERCO
2021-12-19 11:00:00,2021-12-19 11:00:00,276.39066,3.2406616,ERCO
2021-12-19 12:00:00,2021-12-19 12:00:00,275.9937,2.8437195,ERCO
2021-12-19 13:00:00,2021-12-19 13:00:00,275.6358,2.4858093,ERCO
2021-12-19 14:00:00,2021-12-19 14:00:00,275.4124,2.2624207,ERCO
2021-12-19 15:00:00,2021-12-19 15:00:00,275.94067,2.79068,ERCO
2021-12-19 16:00:00,2021-12-19 16:00:00,276.8595,3.7095032,ERCO
2021-12-19 17:00:00,2021-12-19 17:00:00,277.91165,4.7616577,ERCO
2021-12-19 18:00:00,2021-12-19 18:00:00,278.96194,5.8119507,ERCO
2021-12-19 19:00:00,2021-12-19 19:00:00,279.86612,6.7161255,ERCO
2021-12-19 20:00:00,2021-12-19 20:00:00,280.5872,7.437195,ERCO
2021-12-19 21:00:00,2021-12-19 21:00:00,281.12698,7.9769897,ERCO
2021-12-19 22:00:00,2021-12-19 22:00:00,281.4381,8.288116,ERCO
2021-12-19 23:00:00,2021-12-19 23:00:00,281.4447,8.294708,ERCO
2021-12-20 00:00:00,2021-12-20 00:00:00,281.08524,7.9352417,ERCO
2021-12-20 01:00:00,2021-12-20 01:00:00,280.68393,7.5339355,ERCO
2021-12-20 02:00:00,2021-12-20 02:00:00,280.3125,7.162506,ERCO
2021-12-20 03:00:00,2021-12-20 03:00:00,279.96524,6.8152466,ERCO
2021-12-20 04:00:00,2021-12-20 04:00:00,279.61285,6.46286,ERCO
2021-12-20 05:00:00,2021-12-20 05:00:00,279.28027,6.1302795,ERCO
2021-12-20 06:00:00,2021-12-20 06:00:00,279.0092,5.859192,ERCO
2021-12-20 07:00:00,2021-12-20 07:00:00,278.77368,5.6236877,ERCO
2021-12-20 08:00:00,2021-12-20 08:00:00,278.5525,5.4024963,ERCO
2021-12-20 09:00:00,2021-12-20 09:00:00,278.33917,5.1891785,ERCO
2021-12-20 10:00:00,2021-12-20 10:00:00,278.14807,4.9980774,ERCO
2021-12-20 11:00:00,2021-12-20 11:00:00,277.96094,4.8109436,ERCO
2021-12-20 12:00:00,2021-12-20 12:00:00,277.77808,4.6280823,ERCO
2021-12-20 13:00:00,2021-12-20 13:00:00,277.5937,4.443695,ERCO
2021-12-20 14:00:00,2021-12-20 14:00:00,277.50238,4.3523865,ERCO
2021-12-20 15:00:00,2021-12-20 15:00:00,278.60693,5.4569397,ERCO
2021-12-20 16:00:00,2021-12-20 16:00:00,280.1506,7.0006104,ERCO
2021-12-20 17:00:00,2021-12-20 17:00:00,281.69614,8.546143,ERCO
2021-12-20 18:00:00,2021-12-20 18:00:00,283.16342,10.013428,ERCO
2021-12-20 19:00:00,2021-12-20 19:00:00,284.45544,11.30545,ERCO
2021-12-20 20:00:00,2021-12-20 20:00:00,285.49313,12.34314,ERCO
2021-12-20 21:00:00,2021-12-20 21:00:00,286.22226,13.072266,ERCO
2021-12-20 22:00:00,2021-12-20 22:00:00,286.60342,13.45343,ERCO
2021-12-20 23:00:00,2021-12-20 23:00:00,286.52267,13.372681,ERCO
2021-12-21 00:00:00,2021-12-21 00:00:00,285.616,12.466003,ERCO
2021-12-21 01:00:00,2021-12-21 01:00:00,284.51096,11.360962,ERCO
2021-12-21 02:00:00,2021-12-21 02:00:00,283.5029,10.352905,ERCO
2021-12-21 03:00:00,2021-12-21 03:00:00,282.57916,9.429169,ERCO
2021-12-21 04:00:00,2021-12-21 04:00:00,281.72842,8.57843,ERCO
2021-12-21 05:00:00,2021-12-21 05:00:00,280.9749,7.8249207,ERCO
2021-12-21 06:00:00,2021-12-21 06:00:00,280.32767,7.1776733,ERCO
2021-12-21 07:00:00,2021-12-21 07:00:00,279.747,6.5970154,ERCO
2021-12-21 08:00:00,2021-12-21 08:00:00,279.2038,6.0538025,ERCO
2021-12-21 09:00:00,2021-12-21 09:00:00,278.6853,5.535309,ERCO
2021-12-21 10:00:00,2021-12-21 10:00:00,278.21124,5.061249,ERCO
2021-12-21 11:00:00,2021-12-21 11:00:00,277.768,4.6180115,ERCO
2021-12-21 12:00:00,2021-12-21 12:00:00,277.35498,4.2049866,ERCO
2021-12-21 13:00:00,2021-12-21 13:00:00,276.96082,3.8108215,ERCO
2021-12-21 14:00:00,2021-12-21 14:00:00,276.74493,3.5949402,ERCO
2021-12-21 15:00:00,2021-12-21 15:00:00,278.3304,5.18042,ERCO
2021-12-21 16:00:00,2021-12-21 16:00:00,280.68787,7.5378723,ERCO
2021-12-21 17:00:00,2021-12-21 17:00:00,283.0305,9.880493,ERCO
2021-12-21 18:00:00,2021-12-21 18:00:00,285.14072,11.990723,ERCO
2021-12-21 19:00:00,2021-12-21 19:00:00,286.90057,13.75058,ERCO
2021-12-21 20:00:00,2021-12-21 20:00:00,288.26483,15.114838,ERCO
2021-12-21 21:00:00,2021-12-21 21:00:00,289.22406,16.074066,ERCO
2021-12-21 22:00:00,2021-12-21 22:00:00,289.73483,16.584839,ERCO
2021-12-21 23:00:00,2021-12-21 23:00:00,289.6009,16.450897,ERCO
2021-12-22 00:00:00,2021-12-22 00:00:00,288.3383,15.188293,ERCO
2021-12-22 01:00:00,2021-12-22 01:00:00,286.98807,13.838074,ERCO
2021-12-22 02:00:00,2021-12-22 02:00:00,285.83484,12.684845,ERCO
2021-12-22 03:00:00,2021-12-22 03:00:00,284.85306,11.703064,ERCO
2021-12-22 04:00:00,2021-12-22 04:00:00,284.01215,10.862152,ERCO
2021-12-22 05:00:00,2021-12-22 05:00:00,283.26627,10.116272,ERCO
2021-12-22 06:00:00,2021-12-22 06:00:00,282.61188,9.461884,ERCO
2021-12-22 07:00:00,2021-12-22 07:00:00,282.01746,8.867462,ERCO
2021-12-22 08:00:00,2021-12-22 08:00:00,281.47348,8.323486,ERCO
2021-12-22 09:00:00,2021-12-22 09:00:00,280.9547,7.804718,ERCO
2021-12-22 10:00:00,2021-12-22 10:00:00,280.45248,7.30249,ERCO
2021-12-22 11:00:00,2021-12-22 11:00:00,279.96118,6.8111877,ERCO
2021-12-22 12:00:00,2021-12-22 12:00:00,279.5029,6.3529053,ERCO
2021-12-22 13:00:00,2021-12-22 13:00:00,279.12738,5.9773865,ERCO
2021-12-22 14:00:00,2021-12-22 14:00:00,278.98227,5.8322754,ERCO
2021-12-22 15:00:00,2021-12-22 15:00:00,280.3575,7.2075195,ERCO
2021-12-22 16:00:00,2021-12-22 16:00:00,282.64786,9.497864,ERCO
2021-12-22 17:00:00,2021-12-22 17:00:00,285.10498,11.954987,ERCO
2021-12-22 18:00:00,2021-12-22 18:00:00,287.347,14.196991,ERCO
2021-12-22 19:00:00,2021-12-22 19:00:00,289.14682,15.996826,ERCO
2021-12-22 20:00:00,2021-12-22 20:00:00,290.4903,17.340302,ERCO
2021-12-22 21:00:00,2021-12-22 21:00:00,291.36993,18.21994,ERCO
2021-12-22 22:00:00,2021-12-22 22:00:00,291.76282,18.612823,ERCO
2021-12-22 23:00:00,2021-12-22 23:00:00,291.49277,18.342773,ERCO
2021-12-23 00:00:00,2021-12-23 00:00:00,290.1796,17.029602,ERCO
2021-12-23 01:00:00,2021-12-23 01:00:00,288.86136,15.711365,ERCO
2021-12-23 02:00:00,2021-12-23 02:00:00,287.74048,14.590485,ERCO
2021-12-23 03:00:00,2021-12-23 03:00:00,286.78842,13.638428,ERCO
2021-12-23 04:00:00,2021-12-23 04:00:00,285.9804,12.830414,ERCO
2021-12-23 05:00:00,2021-12-23 05:00:00,285.3292,12.179199,ERCO
2021-12-23 06:00:00,2021-12-23 06:00:00,284.84958,11.699585,ERCO
2021-12-23 07:00:00,2021-12-23 07:00:00,284.53177,11.381775,ERCO
2021-12-23 08:00:00,2021-12-23 08:00:00,284.3414,11.191406,ERCO
2021-12-23 09:00:00,2021-12-23 09:00:00,284.22986,11.0798645,ERCO
2021-12-23 10:00:00,2021-12-23 10:00:00,284.16776,11.017761,ERCO
2021-12-23 11:00:00,2021-12-23 11:00:00,284.15768,11.00769,ERCO
2021-12-23 12:00:00,2021-12-23 12:00:00,284.16888,11.01889,ERCO
2021-12-23 13:00:00,2021-12-23 13:00:00,284.20883,11.058838,ERCO
2021-12-23 14:00:00,2021-12-23 14:00:00,284.38687,11.236877,ERCO
2021-12-23 15:00:00,2021-12-23 15:00:00,285.76233,12.612335,ERCO
2021-12-23 16:00:00,2021-12-23 16:00:00,287.6544,14.504395,ERCO
2021-12-23 17:00:00,2021-12-23 17:00:00,289.42188,16.271881,ERCO
2021-12-23 18:00:00,2021-12-23 18:00:00,291.21393,18.063934,ERCO
2021-12-23 19:00:00,2021-12-23 19:00:00,292.76382,19.61383,ERCO
2021-12-23 20:00:00,2021-12-23 20:00:00,293.94778,20.79779,ERCO
2021-12-23 21:00:00,2021-12-23 21:00:00,294.71643,21.566437,ERCO
2021-12-23 22:00:00,2021-12-23 22:00:00,294.99072,21.840729,ERCO
2021-12-23 23:00:00,2021-12-23 23:00:00,294.51614,21.36615,ERCO
2021-12-24 00:00:00,2021-12-24 00:00:00,293.1611,20.011108,ERCO
2021-12-24 01:00:00,2021-12-24 01:00:00,291.99594,18.845947,ERCO
2021-12-24 02:00:00,2021-12-24 02:00:00,291.05948,17.909485,ERCO
2021-12-24 03:00:00,2021-12-24 03:00:00,290.27728,17.127289,ERCO
2021-12-24 04:00:00,2021-12-24 04:00:00,289.62405,16.47406,ERCO
2021-12-24 05:00:00,2021-12-24 05:00:00,289.09607,15.946075,ERCO
2021-12-24 06:00:00,2021-12-24 06:00:00,288.72717,15.577179,ERCO
2021-12-24 07:00:00,2021-12-24 07:00:00,288.48245,15.3324585,ERCO
2021-12-24 08:00:00,2021-12-24 08:00:00,288.35098,15.200989,ERCO
2021-12-24 09:00:00,2021-12-24 09:00:00,288.26282,15.1128235,ERCO
2021-12-24 10:00:00,2021-12-24 10:00:00,288.18997,15.039978,ERCO
2021-12-24 11:00:00,2021-12-24 11:00:00,288.1128,14.962799,ERCO
2021-12-24 12:00:00,2021-12-24 12:00:00,288.00937,14.859375,ERCO
2021-12-24 13:00:00,2021-12-24 13:00:00,287.90594,14.755951,ERCO
2021-12-24 14:00:00,2021-12-24 14:00:00,287.9195,14.769501,ERCO
2021-12-24 15:00:00,2021-12-24 15:00:00,289.03427,15.884277,ERCO
2021-12-24 16:00:00,2021-12-24 16:00:00,290.59497,17.444977,ERCO
2021-12-24 17:00:00,2021-12-24 17:00:00,292.21637,19.066376,ERCO
2021-12-24 18:00:00,2021-12-24 18:00:00,293.91626,20.766266,ERCO
2021-12-24 19:00:00,2021-12-24 19:00:00,295.43198,22.281982,ERCO
2021-12-24 20:00:00,2021-12-24 20:00:00,296.59845,23.448456,ERCO
2021-12-24 21:00:00,2021-12-24 21:00:00,297.31476,24.164764,ERCO
2021-12-24 22:00:00,2021-12-24 22:00:00,297.51746,24.367462,ERCO
2021-12-24 23:00:00,2021-12-24 23:00:00,297.01462,23.864624,ERCO
2021-12-25 00:00:00,2021-12-25 00:00:00,295.74286,22.592865,ERCO
2021-12-25 01:00:00,2021-12-25 01:00:00,294.58075,21.430756,ERCO
2021-12-25 02:00:00,2021-12-25 02:00:00,293.57376,20.423767,ERCO
2021-12-25 03:00:00,2021-12-25 03:00:00,292.72327,19.573273,ERCO
2021-12-25 04:00:00,2021-12-25 04:00:00,291.9897,18.839691,ERCO
2021-12-25 05:00:00,2021-12-25 05:00:00,291.36636,18.21637,ERCO
2021-12-25 06:00:00,2021-12-25 06:00:00,290.87646,17.72647,ERCO
2021-12-25 07:00:00,2021-12-25 07:00:00,290.4452,17.295197,ERCO
2021-12-25 08:00:00,2021-12-25 08:00:00,290.07025,16.920258,ERCO
2021-12-25 09:00:00,2021-12-25 09:00:00,289.78412,16.634125,ERCO
2021-12-25 10:00:00,2021-12-25 10:00:00,289.5534,16.403412,ERCO
2021-12-25 11:00:00,2021-12-25 11:00:00,289.33948,16.189484,ERCO
2021-12-25 12:00:00,2021-12-25 12:00:00,289.11328,15.963287,ERCO
2021-12-25 13:00:00,2021-12-25 13:00:00,288.88718,15.737183,ERCO
2021-12-25 14:00:00,2021-12-25 14:00:00,288.73764,15.5876465,ERCO
2021-12-25 15:00:00,2021-12-25 15:00:00,289.66092,16.510925,ERCO
2021-12-25 16:00:00,2021-12-25 16:00:00,291.18646,18.036469,ERCO
2021-12-25 17:00:00,2021-12-25 17:00:00,292.59445,19.444458,ERCO
2021-12-25 18:00:00,2021-12-25 18:00:00,293.98892,20.838928,ERCO
2021-12-25 19:00:00,2021-12-25 19:00:00,295.1467,21.996704,ERCO
2021-12-25 20:00:00,2021-12-25 20:00:00,296.0429,22.892914,ERCO
2021-12-25 21:00:00,2021-12-25 21:00:00,296.63174,23.48175,ERCO
2021-12-25 22:00:00,2021-12-25 22:00:00,296.85477,23.704773,ERCO
2021-12-25 23:00:00,2021-12-25 23:00:00,296.54868,23.398682,ERCO
2021-12-26 00:00:00,2021-12-26 00:00:00,295.3882,22.23822,ERCO
2021-12-26 01:00:00,2021-12-26 01:00:00,294.18338,21.033386,ERCO
2021-12-26 02:00:00,2021-12-26 02:00:00,293.142,19.992004,ERCO
2021-12-26 03:00:00,2021-12-26 03:00:00,292.23904,19.08905,ERCO
2021-12-26 04:00:00,2021-12-26 04:00:00,291.45117,18.301178,ERCO
2021-12-26 05:00:00,2021-12-26 05:00:00,290.81128,17.661285,ERCO
2021-12-26 06:00:00,2021-12-26 06:00:00,290.34625,17.196259,ERCO
2021-12-26 07:00:00,2021-12-26 07:00:00,289.99466,16.844666,ERCO
2021-12-26 08:00:00,2021-12-26 08:00:00,289.73154,16.581543,ERCO
2021-12-26 09:00:00,2021-12-26 09:00:00,289.5208,16.37082,ERCO
2021-12-26 10:00:00,2021-12-26 10:00:00,289.3814,16.231415,ERCO
2021-12-26 11:00:00,2021-12-26 11:00:00,289.2921,16.14212,ERCO
2021-12-26 12:00:00,2021-12-26 12:00:00,289.2151,16.065094,ERCO
2021-12-26 13:00:00,2021-12-26 13:00:00,289.13586,15.98587,ERCO
2021-12-26 14:00:00,2021-12-26 14:00:00,289.14227,15.992279,ERCO
2021-12-26 15:00:00,2021-12-26 15:00:00,290.05728,16.907288,ERCO
2021-12-26 16:00:00,2021-12-26 16:00:00,291.68216,18.532166,ERCO
2021-12-26 17:00:00,2021-12-26 17:00:00,293.15448,20.004486,ERCO
2021-12-26 18:00:00,2021-12-26 18:00:00,294.59244,21.442444,ERCO
2021-12-26 19:00:00,2021-12-26 19:00:00,295.81686,22.66687,ERCO
2021-12-26 20:00:00,2021-12-26 20:00:00,296.73407,23.584076,ERCO
2021-12-26 21:00:00,2021-12-26 21:00:00,297.30484,24.154846,ERCO
2021-12-26 22:00:00,2021-12-26 22:00:00,297.46918,24.319183,ERCO
2021-12-26 23:00:00,2021-12-26 23:00:00,297.05826,23.908264,ERCO
2021-12-27 00:00:00,2021-12-27 00:00:00,295.896,22.746002,ERCO
2021-12-27 01:00:00,2021-12-27 01:00:00,294.7525,21.602509,ERCO
2021-12-27 02:00:00,2021-12-27 02:00:00,293.74612,20.59613,ERCO
2021-12-27 03:00:00,2021-12-27 03:00:00,292.84207,19.692078,ERCO
2021-12-27 04:00:00,2021-12-27 04:00:00,292.05557,18.905579,ERCO
2021-12-27 05:00:00,2021-12-27 05:00:00,291.42047,18.270477,ERCO
2021-12-27 06:00:00,2021-12-27 06:00:00,290.95364,17.80365,ERCO
2021-12-27 07:00:00,2021-12-27 07:00:00,290.56946,17.419464,ERCO
2021-12-27 08:00:00,2021-12-27 08:00:00,290.21237,17.062378,ERCO
2021-12-27 09:00:00,2021-12-27 09:00:00,289.86087,16.710876,ERCO
2021-12-27 10:00:00,2021-12-27 10:00:00,289.56412,16.414124,ERCO
2021-12-27 11:00:00,2021-12-27 11:00:00,289.29388,16.14389,ERCO
2021-12-27 12:00:00,2021-12-27 12:00:00,289.0157,15.865692,ERCO
2021-12-27 13:00:00,2021-12-27 13:00:00,288.69955,15.549561,ERCO
2021-12-27 14:00:00,2021-12-27 14:00:00,288.41272,15.262726,ERCO
2021-12-27 15:00:00,2021-12-27 15:00:00,288.91132,15.761322,ERCO
2021-12-27 16:00:00,2021-12-27 16:00:00,289.71857,16.568573,ERCO
2021-12-27 17:00:00,2021-12-27 17:00:00,290.6354,17.485413,ERCO
2021-12-27 18:00:00,2021-12-27 18:00:00,291.65027,18.500275,ERCO
2021-12-27 19:00:00,2021-12-27 19:00:00,292.65314,19.503143,ERCO
2021-12-27 20:00:00,2021-12-27 20:00:00,293.49472,20.344727,ERCO
2021-12-27 21:00:00,2021-12-27 21:00:00,294.10345,20.95346,ERCO
2021-12-27 22:00:00,2021-12-27 22:00:00,294.3862,21.236206,ERCO
2021-12-27 23:00:00,2021-12-27 23:00:00,294.1904,21.040405,ERCO
2021-12-28 00:00:00,2021-12-28 00:00:00,293.27856,20.12857,ERCO
2021-12-28 01:00:00,2021-12-28 01:00:00,292.33633,19.18634,ERCO
2021-12-28 02:00:00,2021-12-28 02:00:00,291.54794,18.39795,ERCO
2021-12-28 03:00:00,2021-12-28 03:00:00,290.89377,17.743774,ERCO
2021-12-28 04:00:00,2021-12-28 04:00:00,290.3667,17.216705,ERCO
2021-12-28 05:00:00,2021-12-28 05:00:00,289.98108,16.831085,ERCO
2021-12-28 06:00:00,2021-12-28 06:00:00,289.76236,16.612366,ERCO
2021-12-28 07:00:00,2021-12-28 07:00:00,289.62897,16.478973,ERCO
2021-12-28 08:00:00,2021-12-28 08:00:00,289.50806,16.358063,ERCO
2021-12-28 09:00:00,2021-12-28 09:00:00,289.4266,16.276611,ERCO
2021-12-28 10:00:00,2021-12-28 10:00:00,289.33813,16.18814,ERCO
2021-12-28 11:00:00,2021-12-28 11:00:00,289.22772,16.077728,ERCO
2021-12-28 12:00:00,2021-12-28 12:00:00,289.07352,15.923523,ERCO
2021-12-28 13:00:00,2021-12-28 13:00:00,288.88983,15.739838,ERCO
2021-12-28 14:00:00,2021-12-28 14:00:00,288.72986,15.5798645,ERCO
2021-12-28 15:00:00,2021-12-28 15:00:00,289.52658,16.376587,ERCO
2021-12-28 16:00:00,2021-12-28 16:00:00,290.5429,17.392914,ERCO
2021-12-28 17:00:00,2021-12-28 17:00:00,291.53625,18.386261,ERCO
2021-12-28 18:00:00,2021-12-28 18:00:00,292.4566,19.30661,ERCO
2021-12-28 19:00:00,2021-12-28 19:00:00,293.25467,20.104675,ERCO
2021-12-28 20:00:00,2021-12-28 20:00:00,293.8725,20.722504,ERCO
2021-12-28 21:00:00,2021-12-28 21:00:00,294.3193,21.169312,ERCO
2021-12-28 22:00:00,2021-12-28 22:00:00,294.54468,21.394684,ERCO
2021-12-28 23:00:00,2021-12-28 23:00:00,294.3865,21.236511,ERCO
2021-12-29 00:00:00,2021-12-29 00:00:00,293.4736,20.323608,ERCO
2021-12-29 01:00:00,2021-12-29 01:00:00,292.4449,19.294891,ERCO
2021-12-29 02:00:00,2021-12-29 02:00:00,291.5187,18.368713,ERCO
2021-12-29 03:00:00,2021-12-29 03:00:00,290.70813,17.558136,ERCO
2021-12-29 04:00:00,2021-12-29 04:00:00,290.00223,16.852234,ERCO
2021-12-29 05:00:00,2021-12-29 05:00:00,289.41235,16.26236,ERCO
2021-12-29 06:00:00,2021-12-29 06:00:00,288.9699,15.819916,ERCO
2021-12-29 07:00:00,2021-12-29 07:00:00,288.67352,15.523529,ERCO
2021-12-29 08:00:00,2021-12-29 08:00:00,288.52292,15.372925,ERCO
2021-12-29 09:00:00,2021-12-29 09:00:00,288.5062,15.356201,ERCO
2021-12-29 10:00:00,2021-12-29 10:00:00,288.49167,15.341675,ERCO
2021-12-29 11:00:00,2021-12-29 11:00:00,288.42392,15.273926,ERCO
2021-12-29 12:00:00,2021-12-29 12:00:00,288.28632,15.136322,ERCO
2021-12-29 13:00:00,2021-12-29 13:00:00,288.08966,14.939667,ERCO
2021-12-29 14:00:00,2021-12-29 14:00:00,287.92755,14.777557,ERCO
2021-12-29 15:00:00,2021-12-29 15:00:00,288.71573,15.565735,ERCO
2021-12-29 16:00:00,2021-12-29 16:00:00,289.9101,16.760101,ERCO
2021-12-29 17:00:00,2021-12-29 17:00:00,291.26242,18.112427,ERCO
2021-12-29 18:00:00,2021-12-29 18:00:00,292.56326,19.413269,ERCO
2021-12-29 19:00:00,2021-12-29 19:00:00,293.65204,20.502045,ERCO
2021-12-29 20:00:00,2021-12-29 20:00:00,294.47577,21.325775,ERCO
2021-12-29 21:00:00,2021-12-29 21:00:00,294.99838,21.848389,ERCO
2021-12-29 22:00:00,2021-12-29 22:00:00,295.19226,22.042267,ERCO
2021-12-29 23:00:00,2021-12-29 23:00:00,294.95956,21.80957,ERCO
2021-12-30 00:00:00,2021-12-30 00:00:00,293.90588,20.75589,ERCO
2021-12-30 01:00:00,2021-12-30 01:00:00,292.726,19.57602,ERCO
2021-12-30 02:00:00,2021-12-30 02:00:00,291.67737,18.527374,ERCO
2021-12-30 03:00:00,2021-12-30 03:00:00,290.75714,17.607147,ERCO
2021-12-30 04:00:00,2021-12-30 04:00:00,289.92673,16.776733,ERCO
2021-12-30 05:00:00,2021-12-30 05:00:00,289.16614,16.016144,ERCO
2021-12-30 06:00:00,2021-12-30 06:00:00,288.48575,15.335754,ERCO
2021-12-30 07:00:00,2021-12-30 07:00:00,287.86545,14.715454,ERCO
2021-12-30 08:00:00,2021-12-30 08:00:00,287.2801,14.130096,ERCO
2021-12-30 09:00:00,2021-12-30 09:00:00,286.79486,13.644867,ERCO
2021-12-30 10:00:00,2021-12-30 10:00:00,286.37866,13.228668,ERCO
2021-12-30 11:00:00,2021-12-30 11:00:00,285.9909,12.840912,ERCO
2021-12-30 12:00:00,2021-12-30 12:00:00,285.6378,12.487793,ERCO
2021-12-30 13:00:00,2021-12-30 13:00:00,285.34177,12.191772,ERCO
2021-12-30 14:00:00,2021-12-30 14:00:00,285.18558,12.0355835,ERCO
2021-12-30 15:00:00,2021-12-30 15:00:00,286.27612,13.126129,ERCO
2021-12-30 16:00:00,2021-12-30 16:00:00,287.9143,14.764313,ERCO
2021-12-30 17:00:00,2021-12-30 17:00:00,289.64417,16.494171,ERCO
2021-12-30 18:00:00,2021-12-30 18:00:00,291.28778,18.137787,ERCO
2021-12-30 19:00:00,2021-12-30 19:00:00,292.61044,19.46045,ERCO
2021-12-30 20:00:00,2021-12-30 20:00:00,293.60638,20.45639,ERCO
2021-12-30 21:00:00,2021-12-30 21:00:00,294.28232,21.132324,ERCO
2021-12-30 22:00:00,2021-12-30 22:00:00,294.6087,21.45871,ERCO
2021-12-30 23:00:00,2021-12-30 23:00:00,294.4665,21.316498,ERCO
2021-12-31 00:00:00,2021-12-31 00:00:00,293.55612,20.406128,ERCO
2021-12-31 01:00:00,2021-12-31 01:00:00,292.5875,19.4375,ERCO
2021-12-31 02:00:00,2021-12-31 02:00:00,291.73657,18.586578,ERCO
2021-12-31 03:00:00,2021-12-31 03:00:00,291.01514,17.865143,ERCO
2021-12-31 04:00:00,2021-12-31 04:00:00,290.42075,17.270752,ERCO
2021-12-31 05:00:00,2021-12-31 05:00:00,289.926,16.776001,ERCO
2021-12-31 06:00:00,2021-12-31 06:00:00,289.53796,16.38797,ERCO
2021-12-31 07:00:00,2021-12-31 07:00:00,289.22018,16.07019,ERCO
2021-12-31 08:00:00,2021-12-31 08:00:00,288.93924,15.789246,ERCO
2021-12-31 09:00:00,2021-12-31 09:00:00,288.7092,15.559204,ERCO
2021-12-31 10:00:00,2021-12-31 10:00:00,288.52863,15.378632,ERCO
2021-12-31 11:00:00,2021-12-31 11:00:00,288.37955,15.229553,ERCO
2021-12-31 12:00:00,2021-12-31 12:00:00,288.25797,15.107971,ERCO
2021-12-31 13:00:00,2021-12-31 13:00:00,288.22012,15.070129,ERCO
2021-12-31 14:00:00,2021-12-31 14:00:00,288.29312,15.143127,ERCO
2021-12-31 15:00:00,2021-12-31 15:00:00,288.95242,15.802429,ERCO
2021-12-31 16:00:00,2021-12-31 16:00:00,290.06982,16.91983,ERCO
2021-12-31 17:00:00,2021-12-31 17:00:00,291.2088,18.058807,ERCO
2021-12-31 18:00:00,2021-12-31 18:00:00,292.39005,19.240051,ERCO
2021-12-31 19:00:00,2021-12-31 19:00:00,293.4081,20.258118,ERCO
2021-12-31 20:00:00,2021-12-31 20:00:00,294.15784,21.007843,ERCO
2021-12-31 21:00:00,2021-12-31 21:00:00,294.64502,21.495026,ERCO
2021-12-31 22:00:00,2021-12-31 22:00:00,294.71283,21.562836,ERCO
2021-12-31 23:00:00,2021-12-31 23:00:00,294.34152,21.191528,ERCO
2022-01-01 00:00:00,2022-01-01 00:00:00,293.5155,20.365509,ERCO
2022-01-01 01:00:00,2022-01-01 01:00:00,292.76794,19.61795,ERCO
2022-01-01 02:00:00,2022-01-01 02:00:00,292.16458,19.014587,ERCO
2022-01-01 03:00:00,2022-01-01 03:00:00,291.7433,18.593292,ERCO
2022-01-01 04:00:00,2022-01-01 04:00:00,291.4425,18.292511,ERCO
2022-01-01 05:00:00,2022-01-01 05:00:00,291.20404,18.054047,ERCO
2022-01-01 06:00:00,2022-01-01 06:00:00,290.98703,17.837036,ERCO
2022-01-01 07:00:00,2022-01-01 07:00:00,290.7483,17.598297,ERCO
2022-01-01 08:00:00,2022-01-01 08:00:00,290.54294,17.392944,ERCO
2022-01-01 09:00:00,2022-01-01 09:00:00,290.3458,17.1958,ERCO
2022-01-01 10:00:00,2022-01-01 10:00:00,290.11588,16.965881,ERCO
2022-01-01 11:00:00,2022-01-01 11:00:00,289.82858,16.678589,ERCO
2022-01-01 12:00:00,2022-01-01 12:00:00,289.49252,16.34253,ERCO
2022-01-01 13:00:00,2022-01-01 13:00:00,289.048,15.89801,ERCO
2022-01-01 14:00:00,2022-01-01 14:00:00,288.56372,15.413727,ERCO
2022-01-01 15:00:00,2022-01-01 15:00:00,288.98413,15.834137,ERCO
2022-01-01 16:00:00,2022-01-01 16:00:00,289.5791,16.429108,ERCO
2022-01-01 17:00:00,2022-01-01 17:00:00,290.29044,17.140442,ERCO
2022-01-01 18:00:00,2022-01-01 18:00:00,290.94852,17.798523,ERCO
2022-01-01 19:00:00,2022-01-01 19:00:00,291.4263,18.276306,ERCO
2022-01-01 20:00:00,2022-01-01 20:00:00,291.6323,18.4823,ERCO
2022-01-01 21:00:00,2022-01-01 21:00:00,291.48654,18.336548,ERCO
2022-01-01 22:00:00,2022-01-01 22:00:00,290.91864,17.768646,ERCO
2022-01-01 23:00:00,2022-01-01 23:00:00,289.8046,16.654602,ERCO
2022-01-02 00:00:00,2022-01-02 00:00:00,288.00394,14.853943,ERCO
2022-01-02 01:00:00,2022-01-02 01:00:00,286.12982,12.979828,ERCO
2022-01-02 02:00:00,2022-01-02 02:00:00,284.35657,11.2065735,ERCO
2022-01-02 03:00:00,2022-01-02 03:00:00,282.62582,9.47583,ERCO
2022-01-02 04:00:00,2022-01-02 04:00:00,280.89706,7.7470703,ERCO
2022-01-02 05:00:00,2022-01-02 05:00:00,279.19034,6.040344,ERCO
2022-01-02 06:00:00,2022-01-02 06:00:00,277.6645,4.514496,ERCO
2022-01-02 07:00:00,2022-01-02 07:00:00,276.25058,3.100586,ERCO
2022-01-02 08:00:00,2022-01-02 08:00:00,274.8592,1.709198,ERCO
2022-01-02 09:00:00,2022-01-02 09:00:00,273.5581,0.40811157,ERCO
2022-01-02 10:00:00,2022-01-02 10:00:00,272.48926,-0.6607361,ERCO
2022-01-02 11:00:00,2022-01-02 11:00:00,271.6269,-1.5231018,ERCO
2022-01-02 12:00:00,2022-01-02 12:00:00,270.87375,-2.276245,ERCO
2022-01-02 13:00:00,2022-01-02 13:00:00,270.22607,-2.9239197,ERCO
2022-01-02 14:00:00,2022-01-02 14:00:00,269.78214,-3.367859,ERCO
2022-01-02 15:00:00,2022-01-02 15:00:00,270.0957,-3.0542908,ERCO
2022-01-02 16:00:00,2022-01-02 16:00:00,271.04285,-2.1071472,ERCO
2022-01-02 17:00:00,2022-01-02 17:00:00,272.409,-0.7409973,ERCO
2022-01-02 18:00:00,2022-01-02 18:00:00,273.90158,0.7515869,ERCO
2022-01-02 19:00:00,2022-01-02 19:00:00,275.30963,2.1596375,ERCO
2022-01-02 20:00:00,2022-01-02 20:00:00,276.50027,3.3502808,ERCO
2022-01-02 21:00:00,2022-01-02 21:00:00,277.4186,4.2686157,ERCO
2022-01-02 22:00:00,2022-01-02 22:00:00,277.98727,4.8372803,ERCO
2022-01-02 23:00:00,2022-01-02 23:00:00,278.11246,4.9624634,ERCO
2022-01-03 00:00:00,2022-01-03 00:00:00,277.64917,4.499176,ERCO
2022-01-03 01:00:00,2022-01-03 01:00:00,277.03168,3.8816833,ERCO
2022-01-03 02:00:00,2022-01-03 02:00:00,276.40872,3.258728,ERCO
2022-01-03 03:00:00,2022-01-03 03:00:00,275.803,2.6530151,ERCO
2022-01-03 04:00:00,2022-01-03 04:00:00,275.22095,2.0709534,ERCO
2022-01-03 05:00:00,2022-01-03 05:00:00,274.6853,1.5353088,ERCO
2022-01-03 06:00:00,2022-01-03 06:00:00,274.21103,1.0610352,ERCO
2022-01-03 07:00:00,2022-01-03 07:00:00,273.77823,0.62823486,ERCO
2022-01-03 08:00:00,2022-01-03 08:00:00,273.36707,0.21707153,ERCO
2022-01-03 09:00:00,2022-01-03 09:00:00,272.98447,-0.16552734,ERCO
2022-01-03 10:00:00,2022-01-03 10:00:00,272.6539,-0.49609375,ERCO
2022-01-03 11:00:00,2022-01-03 11:00:00,272.3646,-0.7854004,ERCO
2022-01-03 12:00:00,2022-01-03 12:00:00,272.11453,-1.0354614,ERCO
2022-01-03 13:00:00,2022-01-03 13:00:00,271.9213,-1.2286987,ERCO
2022-01-03 14:00:00,2022-01-03 14:00:00,271.92102,-1.2289734,ERCO
2022-01-03 15:00:00,2022-01-03 15:00:00,273.7877,0.6376953,ERCO
2022-01-03 16:00:00,2022-01-03 16:00:00,275.97842,2.8284302,ERCO
2022-01-03 17:00:00,2022-01-03 17:00:00,278.05368,4.9036865,ERCO
2022-01-03 18:00:00,2022-01-03 18:00:00,279.86517,6.7151794,ERCO
2022-01-03 19:00:00,2022-01-03 19:00:00,281.35065,8.200653,ERCO
2022-01-03 20:00:00,2022-01-03 20:00:00,282.49493,9.34494,ERCO
2022-01-03 21:00:00,2022-01-03 21:00:00,283.30292,10.152924,ERCO
2022-01-03 22:00:00,2022-01-03 22:00:00,283.7422,10.592194,ERCO
2022-01-03 23:00:00,2022-01-03 23:00:00,283.6891,10.539093,ERCO
2022-01-04 00:00:00,2022-01-04 00:00:00,282.7478,9.597809,ERCO
2022-01-04 01:00:00,2022-01-04 01:00:00,281.62134,8.471344,ERCO
2022-01-04 02:00:00,2022-01-04 02:00:00,280.61212,7.4621277,ERCO
2022-01-04 03:00:00,2022-01-04 03:00:00,279.7185,6.568512,ERCO
2022-01-04 04:00:00,2022-01-04 04:00:00,278.9185,5.7684937,ERCO
2022-01-04 05:00:00,2022-01-04 05:00:00,278.22223,5.072235,ERCO
2022-01-04 06:00:00,2022-01-04 06:00:00,277.64114,4.49115,ERCO
2022-01-04 07:00:00,2022-01-04 07:00:00,277.12637,3.9763794,ERCO
2022-01-04 08:00:00,2022-01-04 08:00:00,276.6743,3.524292,ERCO
2022-01-04 09:00:00,2022-01-04 09:00:00,276.2871,3.1371155,ERCO
2022-01-04 10:00:00,2022-01-04 10:00:00,275.9501,2.8001099,ERCO
2022-01-04 11:00:00,2022-01-04 11:00:00,275.67517,2.525177,ERCO
2022-01-04 12:00:00,2022-01-04 12:00:00,275.47174,2.3217468,ERCO
2022-01-04 13:00:00,2022-01-04 13:00:00,275.34244,2.1924438,ERCO
2022-01-04 14:00:00,2022-01-04 14:00:00,275.4836,2.3336182,ERCO
2022-01-04 15:00:00,2022-01-04 15:00:00,278.09247,4.9424744,ERCO
2022-01-04 16:00:00,2022-01-04 16:00:00,280.7533,7.603302,ERCO
2022-01-04 17:00:00,2022-01-04 17:00:00,283.19943,10.049438,ERCO
2022-01-04 18:00:00,2022-01-04 18:00:00,285.4618,12.311798,ERCO
2022-01-04 19:00:00,2022-01-04 19:00:00,287.3979,14.247894,ERCO
2022-01-04 20:00:00,2022-01-04 20:00:00,288.9246,15.774597,ERCO
2022-01-04 21:00:00,2022-01-04 21:00:00,290.0061,16.85611,ERCO
2022-01-04 22:00:00,2022-01-04 22:00:00,290.60022,17.450226,ERCO
2022-01-04 23:00:00,2022-01-04 23:00:00,290.43646,17.286469,ERCO
2022-01-05 00:00:00,2022-01-05 00:00:00,289.09344,15.943451,ERCO
2022-01-05 01:00:00,2022-01-05 01:00:00,287.74805,14.598053,ERCO
2022-01-05 02:00:00,2022-01-05 02:00:00,286.65256,13.502563,ERCO
2022-01-05 03:00:00,2022-01-05 03:00:00,285.74094,12.590942,ERCO
2022-01-05 04:00:00,2022-01-05 04:00:00,284.93958,11.789581,ERCO
2022-01-05 05:00:00,2022-01-05 05:00:00,284.20447,11.054474,ERCO
2022-01-05 06:00:00,2022-01-05 06:00:00,283.5851,10.43512,ERCO
2022-01-05 07:00:00,2022-01-05 07:00:00,283.00073,9.850739,ERCO
2022-01-05 08:00:00,2022-01-05 08:00:00,282.42914,9.279144,ERCO
2022-01-05 09:00:00,2022-01-05 09:00:00,281.8706,8.720612,ERCO
2022-01-05 10:00:00,2022-01-05 10:00:00,281.32126,8.171265,ERCO
2022-01-05 11:00:00,2022-01-05 11:00:00,280.76556,7.61557,ERCO
2022-01-05 12:00:00,2022-01-05 12:00:00,280.1862,7.036194,ERCO
2022-01-05 13:00:00,2022-01-05 13:00:00,279.5684,6.418396,ERCO
2022-01-05 14:00:00,2022-01-05 14:00:00,279.03085,5.8808594,ERCO
2022-01-05 15:00:00,2022-01-05 15:00:00,279.8123,6.6622925,ERCO
2022-01-05 16:00:00,2022-01-05 16:00:00,280.96048,7.810486,ERCO
2022-01-05 17:00:00,2022-01-05 17:00:00,282.49518,9.345184,ERCO
2022-01-05 18:00:00,2022-01-05 18:00:00,284.18225,11.032257,ERCO
2022-01-05 19:00:00,2022-01-05 19:00:00,285.67612,12.526123,ERCO
2022-01-05 20:00:00,2022-01-05 20:00:00,286.8207,13.670715,ERCO
2022-01-05 21:00:00,2022-01-05 21:00:00,287.5953,14.4453125,ERCO
2022-01-05 22:00:00,2022-01-05 22:00:00,287.96576,14.815765,ERCO
2022-01-05 23:00:00,2022-01-05 23:00:00,287.85034,14.700348,ERCO
2022-01-06 00:00:00,2022-01-06 00:00:00,286.94864,13.798645,ERCO
2022-01-06 01:00:00,2022-01-06 01:00:00,285.77682,12.626831,ERCO
2022-01-06 02:00:00,2022-01-06 02:00:00,284.7357,11.585693,ERCO
2022-01-06 03:00:00,2022-01-06 03:00:00,283.84604,10.696045,ERCO
2022-01-06 04:00:00,2022-01-06 04:00:00,283.052,9.902008,ERCO
2022-01-06 05:00:00,2022-01-06 05:00:00,282.33994,9.189941,ERCO
2022-01-06 06:00:00,2022-01-06 06:00:00,281.69635,8.546356,ERCO
2022-01-06 07:00:00,2022-01-06 07:00:00,281.10214,7.9521484,ERCO
2022-01-06 08:00:00,2022-01-06 08:00:00,280.5081,7.3580933,ERCO
2022-01-06 09:00:00,2022-01-06 09:00:00,279.90598,6.7559814,ERCO
2022-01-06 10:00:00,2022-01-06 10:00:00,279.27078,6.1207886,ERCO
2022-01-06 11:00:00,2022-01-06 11:00:00,278.583,5.433014,ERCO
2022-01-06 12:00:00,2022-01-06 12:00:00,277.8524,4.7023926,ERCO
2022-01-06 13:00:00,2022-01-06 13:00:00,277.13574,3.9857483,ERCO
2022-01-06 14:00:00,2022-01-06 14:00:00,276.5163,3.3663025,ERCO
2022-01-06 15:00:00,2022-01-06 15:00:00,276.79037,3.6403809,ERCO
2022-01-06 16:00:00,2022-01-06 16:00:00,277.5188,4.368805,ERCO
2022-01-06 17:00:00,2022-01-06 17:00:00,278.33624,5.186249,ERCO
2022-01-06 18:00:00,2022-01-06 18:00:00,279.17487,6.024872,ERCO
2022-01-06 19:00:00,2022-01-06 19:00:00,279.87497,6.7249756,ERCO
2022-01-06 20:00:00,2022-01-06 20:00:00,280.35208,7.2020874,ERCO
2022-01-06 21:00:00,2022-01-06 21:00:00,280.54657,7.396576,ERCO
2022-01-06 22:00:00,2022-01-06 22:00:00,280.39874,7.248749,ERCO
2022-01-06 23:00:00,2022-01-06 23:00:00,279.81232,6.662323,ERCO
2022-01-07 00:00:00,2022-01-07 00:00:00,278.81595,5.6659546,ERCO
2022-01-07 01:00:00,2022-01-07 01:00:00,277.8564,4.706421,ERCO
2022-01-07 02:00:00,2022-01-07 02:00:00,276.95816,3.8081665,ERCO
2022-01-07 03:00:00,2022-01-07 03:00:00,276.11676,2.9667664,ERCO
2022-01-07 04:00:00,2022-01-07 04:00:00,275.33493,2.1849365,ERCO
2022-01-07 05:00:00,2022-01-07 05:00:00,274.62527,1.4752808,ERCO
2022-01-07 06:00:00,2022-01-07 06:00:00,274.01114,0.861145,ERCO
2022-01-07 07:00:00,2022-01-07 07:00:00,273.47833,0.32833862,ERCO
2022-01-07 08:00:00,2022-01-07 08:00:00,272.99954,-0.15045166,ERCO
2022-01-07 09:00:00,2022-01-07 09:00:00,272.58176,-0.5682373,ERCO
2022-01-07 10:00:00,2022-01-07 10:00:00,272.25168,-0.8983154,ERCO
2022-01-07 11:00:00,2022-01-07 11:00:00,271.9905,-1.1594849,ERCO
2022-01-07 12:00:00,2022-01-07 12:00:00,271.78625,-1.363739,ERCO
2022-01-07 13:00:00,2022-01-07 13:00:00,271.64014,-1.5098572,ERCO
2022-01-07 14:00:00,2022-01-07 14:00:00,271.68765,-1.4623413,ERCO
2022-01-07 15:00:00,2022-01-07 15:00:00,272.83124,-0.3187561,ERCO
2022-01-07 16:00:00,2022-01-07 16:00:00,274.43213,1.282135,ERCO
2022-01-07 17:00:00,2022-01-07 17:00:00,276.2033,3.0533142,ERCO
2022-01-07 18:00:00,2022-01-07 18:00:00,277.99612,4.8461304,ERCO
2022-01-07 19:00:00,2022-01-07 19:00:00,279.65945,6.5094604,ERCO
2022-01-07 20:00:00,2022-01-07 20:00:00,281.1012,7.9512024,ERCO
2022-01-07 21:00:00,2022-01-07 21:00:00,282.23535,9.085358,ERCO
2022-01-07 22:00:00,2022-01-07 22:00:00,282.93988,9.789886,ERCO
2022-01-07 23:00:00,2022-01-07 23:00:00,283.11618,9.966187,ERCO
2022-01-08 00:00:00,2022-01-08 00:00:00,282.56824,9.418243,ERCO
2022-01-08 01:00:00,2022-01-08 01:00:00,282.00583,8.855835,ERCO
2022-01-08 02:00:00,2022-01-08 02:00:00,281.6602,8.510193,ERCO
2022-01-08 03:00:00,2022-01-08 03:00:00,281.492,8.3420105,ERCO
2022-01-08 04:00:00,2022-01-08 04:00:00,281.4375,8.287506,ERCO
2022-01-08 05:00:00,2022-01-08 05:00:00,281.45874,8.308746,ERCO
2022-01-08 06:00:00,2022-01-08 06:00:00,281.54684,8.396851,ERCO
2022-01-08 07:00:00,2022-01-08 07:00:00,281.66983,8.519836,ERCO
2022-01-08 08:00:00,2022-01-08 08:00:00,281.7772,8.627197,ERCO
2022-01-08 09:00:00,2022-01-08 09:00:00,281.91614,8.766144,ERCO
2022-01-08 10:00:00,2022-01-08 10:00:00,282.1179,8.9678955,ERCO
2022-01-08 11:00:00,2022-01-08 11:00:00,282.31732,9.167328,ERCO
2022-01-08 12:00:00,2022-01-08 12:00:00,282.51105,9.361053,ERCO
2022-01-08 13:00:00,2022-01-08 13:00:00,282.71475,9.564758,ERCO
2022-01-08 14:00:00,2022-01-08 14:00:00,282.9629,9.812897,ERCO
2022-01-08 15:00:00,2022-01-08 15:00:00,283.9353,10.785309,ERCO
2022-01-08 16:00:00,2022-01-08 16:00:00,285.3561,12.206116,ERCO
2022-01-08 17:00:00,2022-01-08 17:00:00,286.72607,13.57608,ERCO
2022-01-08 18:00:00,2022-01-08 18:00:00,288.19388,15.043884,ERCO
2022-01-08 19:00:00,2022-01-08 19:00:00,289.6335,16.48352,ERCO
2022-01-08 20:00:00,2022-01-08 20:00:00,290.8375,17.6875,ERCO
2022-01-08 21:00:00,2022-01-08 21:00:00,291.73627,18.586273,ERCO
2022-01-08 22:00:00,2022-01-08 22:00:00,292.29123,19.141235,ERCO
2022-01-08 23:00:00,2022-01-08 23:00:00,292.34207,19.192078,ERCO
2022-01-09 00:00:00,2022-01-09 00:00:00,291.52603,18.376038,ERCO
2022-01-09 01:00:00,2022-01-09 01:00:00,290.57947,17.429474,ERCO
2022-01-09 02:00:00,2022-01-09 02:00:00,289.7978,16.647797,ERCO
2022-01-09 03:00:00,2022-01-09 03:00:00,289.12643,15.97644,ERCO
2022-01-09 04:00:00,2022-01-09 04:00:00,288.50394,15.353943,ERCO
2022-01-09 05:00:00,2022-01-09 05:00:00,287.91336,14.763367,ERCO
2022-01-09 06:00:00,2022-01-09 06:00:00,287.3383,14.188293,ERCO
2022-01-09 07:00:00,2022-01-09 07:00:00,286.7048,13.55481,ERCO
2022-01-09 08:00:00,2022-01-09 08:00:00,286.02264,12.87265,ERCO
2022-01-09 09:00:00,2022-01-09 09:00:00,285.33237,12.182373,ERCO
2022-01-09 10:00:00,2022-01-09 10:00:00,284.68283,11.532837,ERCO
2022-01-09 11:00:00,2022-01-09 11:00:00,284.0571,10.9071045,ERCO
2022-01-09 12:00:00,2022-01-09 12:00:00,283.36646,10.216461,ERCO
2022-01-09 13:00:00,2022-01-09 13:00:00,282.6226,9.472595,ERCO
2022-01-09 14:00:00,2022-01-09 14:00:00,281.9539,8.803894,ERCO
2022-01-09 15:00:00,2022-01-09 15:00:00,281.95132,8.801331,ERCO
2022-01-09 16:00:00,2022-01-09 16:00:00,282.3828,9.232819,ERCO
2022-01-09 17:00:00,2022-01-09 17:00:00,283.07678,9.926788,ERCO
2022-01-09 18:00:00,2022-01-09 18:00:00,283.8787,10.728699,ERCO
2022-01-09 19:00:00,2022-01-09 19:00:00,284.61438,11.464386,ERCO
2022-01-09 20:00:00,2022-01-09 20:00:00,285.13797,11.987976,ERCO
2022-01-09 21:00:00,2022-01-09 21:00:00,285.38058,12.230591,ERCO
2022-01-09 22:00:00,2022-01-09 22:00:00,285.28625,12.136261,ERCO
2022-01-09 23:00:00,2022-01-09 23:00:00,284.8119,11.661896,ERCO
2022-01-10 00:00:00,2022-01-10 00:00:00,283.97064,10.820648,ERCO
2022-01-10 01:00:00,2022-01-10 01:00:00,283.06088,9.910889,ERCO
2022-01-10 02:00:00,2022-01-10 02:00:00,282.13623,8.986237,ERCO
2022-01-10 03:00:00,2022-01-10 03:00:00,281.19025,8.040253,ERCO
2022-01-10 04:00:00,2022-01-10 04:00:00,280.25418,7.104187,ERCO
2022-01-10 05:00:00,2022-01-10 05:00:00,279.37473,6.2247314,ERCO
2022-01-10 06:00:00,2022-01-10 06:00:00,278.5922,5.4421997,ERCO
2022-01-10 07:00:00,2022-01-10 07:00:00,277.87854,4.728546,ERCO
2022-01-10 08:00:00,2022-01-10 08:00:00,277.23087,4.0808716,ERCO
2022-01-10 09:00:00,2022-01-10 09:00:00,276.64435,3.4943542,ERCO
2022-01-10 10:00:00,2022-01-10 10:00:00,276.1112,2.9612122,ERCO
2022-01-10 11:00:00,2022-01-10 11:00:00,275.6327,2.4826965,ERCO
2022-01-10 12:00:00,2022-01-10 12:00:00,275.1832,2.0332031,ERCO
2022-01-10 13:00:00,2022-01-10 13:00:00,274.78577,1.6357727,ERCO
2022-01-10 14:00:00,2022-01-10 14:00:00,274.5612,1.4111938,ERCO
2022-01-10 15:00:00,2022-01-10 15:00:00,275.43604,2.2860413,ERCO
2022-01-10 16:00:00,2022-01-10 16:00:00,276.93506,3.7850647,ERCO
2022-01-10 17:00:00,2022-01-10 17:00:00,278.65543,5.505432,ERCO
2022-01-10 18:00:00,2022-01-10 18:00:00,280.38544,7.235443,ERCO
2022-01-10 19:00:00,2022-01-10 19:00:00,281.9085,8.758514,ERCO
2022-01-10 20:00:00,2022-01-10 20:00:00,283.12512,9.975128,ERCO
2022-01-10 21:00:00,2022-01-10 21:00:00,283.97195,10.82196,ERCO
2022-01-10 22:00:00,2022-01-10 22:00:00,284.41544,11.265442,ERCO
2022-01-10 23:00:00,2022-01-10 23:00:00,284.4198,11.269806,ERCO
2022-01-11 00:00:00,2022-01-11 00:00:00,283.76794,10.61795,ERCO
2022-01-11 01:00:00,2022-01-11 01:00:00,282.86664,9.716644,ERCO
2022-01-11 02:00:00,2022-01-11 02:00:00,282.00378,8.85379,ERCO
2022-01-11 03:00:00,2022-01-11 03:00:00,281.203,8.053009,ERCO
2022-01-11 04:00:00,2022-01-11 04:00:00,280.47003,7.320038,ERCO
2022-01-11 05:00:00,2022-01-11 05:00:00,279.8143,6.6643066,ERCO
2022-01-11 06:00:00,2022-01-11 06:00:00,279.25748,6.107483,ERCO
2022-01-11 07:00:00,2022-01-11 07:00:00,278.7717,5.621704,ERCO
2022-01-11 08:00:00,2022-01-11 08:00:00,278.35007,5.2000732,ERCO
2022-01-11 09:00:00,2022-01-11 09:00:00,277.9707,4.820709,ERCO
2022-01-11 10:00:00,2022-01-11 10:00:00,277.6293,4.479309,ERCO
2022-01-11 11:00:00,2022-01-11 11:00:00,277.3463,4.1963196,ERCO
2022-01-11 12:00:00,2022-01-11 12:00:00,277.08896,3.9389648,ERCO
2022-01-11 13:00:00,2022-01-11 13:00:00,276.86838,3.7183838,ERCO
2022-01-11 14:00:00,2022-01-11 14:00:00,276.84055,3.6905518,ERCO
2022-01-11 15:00:00,2022-01-11 15:00:00,278.2981,5.148102,ERCO
2022-01-11 16:00:00,2022-01-11 16:00:00,280.11472,6.9647217,ERCO
2022-01-11 17:00:00,2022-01-11 17:00:00,281.7508,8.6008,ERCO
2022-01-11 18:00:00,2022-01-11 18:00:00,283.0196,9.869598,ERCO
2022-01-11 19:00:00,2022-01-11 19:00:00,283.9102,10.760193,ERCO
2022-01-11 20:00:00,2022-01-11 20:00:00,284.52353,11.373535,ERCO
2022-01-11 21:00:00,2022-01-11 21:00:00,284.93805,11.788055,ERCO
2022-01-11 22:00:00,2022-01-11 22:00:00,285.1547,12.0047,ERCO
2022-01-11 23:00:00,2022-01-11 23:00:00,285.05182,11.901825,ERCO
2022-01-12 00:00:00,2022-01-12 00:00:00,284.43723,11.287231,ERCO
2022-01-12 01:00:00,2022-01-12 01:00:00,283.6831,10.533112,ERCO
2022-01-12 02:00:00,2022-01-12 02:00:00,283.02768,9.877686,ERCO
2022-01-12 03:00:00,2022-01-12 03:00:00,282.43674,9.286743,ERCO
2022-01-12 04:00:00,2022-01-12 04:00:00,281.88312,8.733124,ERCO
2022-01-12 05:00:00,2022-01-12 05:00:00,281.39627,8.246277,ERCO
2022-01-12 06:00:00,2022-01-12 06:00:00,280.98584,7.835846,ERCO
2022-01-12 07:00:00,2022-01-12 07:00:00,280.61758,7.4675903,ERCO
2022-01-12 08:00:00,2022-01-12 08:00:00,280.28775,7.1377563,ERCO
2022-01-12 09:00:00,2022-01-12 09:00:00,279.96982,6.819824,ERCO
2022-01-12 10:00:00,2022-01-12 10:00:00,279.6643,6.5143127,ERCO
2022-01-12 11:00:00,2022-01-12 11:00:00,279.38293,6.2329407,ERCO
2022-01-12 12:00:00,2022-01-12 12:00:00,279.09085,5.940857,ERCO
2022-01-12 13:00:00,2022-01-12 13:00:00,278.8048,5.6548157,ERCO
2022-01-12 14:00:00,2022-01-12 14:00:00,278.61307,5.4630737,ERCO
2022-01-12 15:00:00,2022-01-12 15:00:00,279.98718,6.8371887,ERCO
2022-01-12 16:00:00,2022-01-12 16:00:00,281.78677,8.63678,ERCO
2022-01-12 17:00:00,2022-01-12 17:00:00,283.6094,10.459412,ERCO
2022-01-12 18:00:00,2022-01-12 18:00:00,285.34,12.190002,ERCO
2022-01-12 19:00:00,2022-01-12 19:00:00,286.80936,13.659363,ERCO
2022-01-12 20:00:00,2022-01-12 20:00:00,287.96585,14.815857,ERCO
2022-01-12 21:00:00,2022-01-12 21:00:00,288.80502,15.655029,ERCO
2022-01-12 22:00:00,2022-01-12 22:00:00,289.30176,16.151764,ERCO
2022-01-12 23:00:00,2022-01-12 23:00:00,289.37906,16.229065,ERCO
2022-01-13 00:00:00,2022-01-13 00:00:00,288.5797,15.429718,ERCO
2022-01-13 01:00:00,2022-01-13 01:00:00,287.38428,14.234283,ERCO
2022-01-13 02:00:00,2022-01-13 02:00:00,286.2865,13.136505,ERCO
2022-01-13 03:00:00,2022-01-13 03:00:00,285.28033,12.130341,ERCO
2022-01-13 04:00:00,2022-01-13 04:00:00,284.33487,11.1848755,ERCO
2022-01-13 05:00:00,2022-01-13 05:00:00,283.4748,10.324799,ERCO
2022-01-13 06:00:00,2022-01-13 06:00:00,282.7454,9.595398,ERCO
2022-01-13 07:00:00,2022-01-13 07:00:00,282.0805,8.930511,ERCO
2022-01-13 08:00:00,2022-01-13 08:00:00,281.4648,8.314819,ERCO
2022-01-13 09:00:00,2022-01-13 09:00:00,280.89545,7.745453,ERCO
2022-01-13 10:00:00,2022-01-13 10:00:00,280.3734,7.223419,ERCO
2022-01-13 11:00:00,2022-01-13 11:00:00,279.8934,6.743408,ERCO
2022-01-13 12:00:00,2022-01-13 12:00:00,279.42715,6.2771606,ERCO
2022-01-13 13:00:00,2022-01-13 13:00:00,279.00308,5.8530884,ERCO
2022-01-13 14:00:00,2022-01-13 14:00:00,278.7852,5.635193,ERCO
2022-01-13 15:00:00,2022-01-13 15:00:00,280.61105,7.4610596,ERCO
2022-01-13 16:00:00,2022-01-13 16:00:00,283.44852,10.298523,ERCO
2022-01-13 17:00:00,2022-01-13 17:00:00,286.09274,12.942749,ERCO
2022-01-13 18:00:00,2022-01-13 18:00:00,288.52817,15.378174,ERCO
2022-01-13 19:00:00,2022-01-13 19:00:00,290.4618,17.311798,ERCO
2022-01-13 20:00:00,2022-01-13 20:00:00,291.8267,18.676697,ERCO
2022-01-13 21:00:00,2022-01-13 21:00:00,292.678,19.528015,ERCO
2022-01-13 22:00:00,2022-01-13 22:00:00,293.08542,19.935425,ERCO
2022-01-13 23:00:00,2022-01-13 23:00:00,292.99042,19.840424,ERCO
2022-01-14 00:00:00,2022-01-14 00:00:00,291.91757,18.767578,ERCO
2022-01-14 01:00:00,2022-01-14 01:00:00,290.47217,17.322174,ERCO
2022-01-14 02:00:00,2022-01-14 02:00:00,289.18506,16.035065,ERCO
2022-01-14 03:00:00,2022-01-14 03:00:00,288.0442,14.894196,ERCO
2022-01-14 04:00:00,2022-01-14 04:00:00,286.98724,13.83725,ERCO
2022-01-14 05:00:00,2022-01-14 05:00:00,286.00974,12.859741,ERCO
2022-01-14 06:00:00,2022-01-14 06:00:00,285.13757,11.987579,ERCO
2022-01-14 07:00:00,2022-01-14 07:00:00,284.3455,11.195496,ERCO
2022-01-14 08:00:00,2022-01-14 08:00:00,283.6227,10.472717,ERCO
2022-01-14 09:00:00,2022-01-14 09:00:00,282.93744,9.787445,ERCO
2022-01-14 10:00:00,2022-01-14 10:00:00,282.32797,9.1779785,ERCO
2022-01-14 11:00:00,2022-01-14 11:00:00,281.8161,8.666107,ERCO
2022-01-14 12:00:00,2022-01-14 12:00:00,281.3564,8.206421,ERCO
2022-01-14 13:00:00,2022-01-14 13:00:00,280.93073,7.780731,ERCO
2022-01-14 14:00:00,2022-01-14 14:00:00,280.7173,7.5672913,ERCO
2022-01-14 15:00:00,2022-01-14 15:00:00,282.66144,9.511444,ERCO
2022-01-14 16:00:00,2022-01-14 16:00:00,285.3473,12.197296,ERCO
2022-01-14 17:00:00,2022-01-14 17:00:00,287.88245,14.732452,ERCO
2022-01-14 18:00:00,2022-01-14 18:00:00,290.2393,17.089294,ERCO
2022-01-14 19:00:00,2022-01-14 19:00:00,292.08917,18.939178,ERCO
2022-01-14 20:00:00,2022-01-14 20:00:00,293.35687,20.206879,ERCO
2022-01-14 21:00:00,2022-01-14 21:00:00,294.0918,20.941803,ERCO
2022-01-14 22:00:00,2022-01-14 22:00:00,294.3014,21.151398,ERCO
2022-01-14 23:00:00,2022-01-14 23:00:00,293.9042,20.754211,ERCO
2022-01-15 00:00:00,2022-01-15 00:00:00,292.56097,19.41098,ERCO
2022-01-15 01:00:00,2022-01-15 01:00:00,291.04434,17.894348,ERCO
2022-01-15 02:00:00,2022-01-15 02:00:00,289.70248,16.55249,ERCO
2022-01-15 03:00:00,2022-01-15 03:00:00,288.48758,15.337585,ERCO
2022-01-15 04:00:00,2022-01-15 04:00:00,287.36478,14.214783,ERCO
2022-01-15 05:00:00,2022-01-15 05:00:00,286.33383,13.183838,ERCO
2022-01-15 06:00:00,2022-01-15 06:00:00,285.4064,12.256409,ERCO
2022-01-15 07:00:00,2022-01-15 07:00:00,284.50397,11.353973,ERCO
2022-01-15 08:00:00,2022-01-15 08:00:00,283.5912,10.441193,ERCO
2022-01-15 09:00:00,2022-01-15 09:00:00,282.6781,9.528107,ERCO
2022-01-15 10:00:00,2022-01-15 10:00:00,281.6741,8.524109,ERCO
2022-01-15 11:00:00,2022-01-15 11:00:00,280.57788,7.427887,ERCO
2022-01-15 12:00:00,2022-01-15 12:00:00,279.50394,6.353943,ERCO
2022-01-15 13:00:00,2022-01-15 13:00:00,278.5095,5.359497,ERCO
2022-01-15 14:00:00,2022-01-15 14:00:00,277.6764,4.5263977,ERCO
2022-01-15 15:00:00,2022-01-15 15:00:00,277.51743,4.3674316,ERCO
2022-01-15 16:00:00,2022-01-15 16:00:00,277.65103,4.5010376,ERCO
2022-01-15 17:00:00,2022-01-15 17:00:00,278.0583,4.9082947,ERCO
2022-01-15 18:00:00,2022-01-15 18:00:00,278.61035,5.4603577,ERCO
2022-01-15 19:00:00,2022-01-15 19:00:00,279.15582,6.005829,ERCO
2022-01-15 20:00:00,2022-01-15 20:00:00,279.61273,6.462738,ERCO
2022-01-15 21:00:00,2022-01-15 21:00:00,279.91846,6.768463,ERCO
2022-01-15 22:00:00,2022-01-15 22:00:00,280.024,6.873993,ERCO
2022-01-15 23:00:00,2022-01-15 23:00:00,279.87585,6.7258606,ERCO
2022-01-16 00:00:00,2022-01-16 00:00:00,279.33792,6.1879272,ERCO
2022-01-16 01:00:00,2022-01-16 01:00:00,278.77988,5.629883,ERCO
2022-01-16 02:00:00,2022-01-16 02:00:00,278.23267,5.082672,ERCO
2022-01-16 03:00:00,2022-01-16 03:00:00,277.6498,4.499817,ERCO
2022-01-16 04:00:00,2022-01-16 04:00:00,277.04257,3.8925781,ERCO
2022-01-16 05:00:00,2022-01-16 05:00:00,276.4545,3.3045044,ERCO
2022-01-16 06:00:00,2022-01-16 06:00:00,275.8784,2.7283936,ERCO
2022-01-16 07:00:00,2022-01-16 07:00:00,275.31805,2.1680603,ERCO
2022-01-16 08:00:00,2022-01-16 08:00:00,274.7755,1.6255188,ERCO
2022-01-16 09:00:00,2022-01-16 09:00:00,274.24982,1.099823,ERCO
2022-01-16 10:00:00,2022-01-16 10:00:00,273.75793,0.6079407,ERCO
2022-01-16 11:00:00,2022-01-16 11:00:00,273.322,0.17199707,ERCO
2022-01-16 12:00:00,2022-01-16 12:00:00,272.92444,-0.22555542,ERCO
2022-01-16 13:00:00,2022-01-16 13:00:00,272.5925,-0.5574951,ERCO
2022-01-16 14:00:00,2022-01-16 14:00:00,272.57263,-0.57736206,ERCO
2022-01-16 15:00:00,2022-01-16 15:00:00,274.33936,1.1893616,ERCO
2022-01-16 16:00:00,2022-01-16 16:00:00,276.49963,3.34964,ERCO
2022-01-16 17:00:00,2022-01-16 17:00:00,278.84558,5.695587,ERCO
2022-01-16 18:00:00,2022-01-16 18:00:00,281.16116,8.011169,ERCO
2022-01-16 19:00:00,2022-01-16 19:00:00,283.23044,10.080444,ERCO
2022-01-16 20:00:00,2022-01-16 20:00:00,284.9038,11.753815,ERCO
2022-01-16 21:00:00,2022-01-16 21:00:00,286.14862,12.998627,ERCO
2022-01-16 22:00:00,2022-01-16 22:00:00,286.92267,13.772675,ERCO
2022-01-16 23:00:00,2022-01-16 23:00:00,287.1312,13.981201,ERCO
2022-01-17 00:00:00,2022-01-17 00:00:00,286.2974,13.1474,ERCO
2022-01-17 01:00:00,2022-01-17 01:00:00,284.93546,11.785461,ERCO
2022-01-17 02:00:00,2022-01-17 02:00:00,283.70554,10.555542,ERCO
2022-01-17 03:00:00,2022-01-17 03:00:00,282.62146,9.471466,ERCO
2022-01-17 04:00:00,2022-01-17 04:00:00,281.6532,8.503204,ERCO
2022-01-17 05:00:00,2022-01-17 05:00:00,280.83847,7.6884766,ERCO
2022-01-17 06:00:00,2022-01-17 06:00:00,280.16397,7.013977,ERCO
2022-01-17 07:00:00,2022-01-17 07:00:00,279.5168,6.3668213,ERCO
2022-01-17 08:00:00,2022-01-17 08:00:00,278.904,5.753998,ERCO
2022-01-17 09:00:00,2022-01-17 09:00:00,278.32657,5.1765747,ERCO
2022-01-17 10:00:00,2022-01-17 10:00:00,277.79407,4.6440735,ERCO
2022-01-17 11:00:00,2022-01-17 11:00:00,277.29584,4.1458435,ERCO
2022-01-17 12:00:00,2022-01-17 12:00:00,276.80887,3.6588745,ERCO
2022-01-17 13:00:00,2022-01-17 13:00:00,276.35944,3.2094421,ERCO
2022-01-17 14:00:00,2022-01-17 14:00:00,276.08905,2.9390564,ERCO
2022-01-17 15:00:00,2022-01-17 15:00:00,277.85947,4.7094727,ERCO
2022-01-17 16:00:00,2022-01-17 16:00:00,280.4621,7.3121033,ERCO
2022-01-17 17:00:00,2022-01-17 17:00:00,282.93283,9.782837,ERCO
2022-01-17 18:00:00,2022-01-17 18:00:00,285.12512,11.975128,ERCO
2022-01-17 19:00:00,2022-01-17 19:00:00,286.89676,13.746765,ERCO
2022-01-17 20:00:00,2022-01-17 20:00:00,288.26263,15.11264,ERCO
2022-01-17 21:00:00,2022-01-17 21:00:00,289.2388,16.088806,ERCO
2022-01-17 22:00:00,2022-01-17 22:00:00,289.7957,16.64569,ERCO
2022-01-17 23:00:00,2022-01-17 23:00:00,289.8222,16.67221,ERCO
2022-01-18 00:00:00,2022-01-18 00:00:00,288.73032,15.580322,ERCO
2022-01-18 01:00:00,2022-01-18 01:00:00,287.1557,14.005707,ERCO
2022-01-18 02:00:00,2022-01-18 02:00:00,285.81577,12.6657715,ERCO
2022-01-18 03:00:00,2022-01-18 03:00:00,284.70123,11.551239,ERCO
2022-01-18 04:00:00,2022-01-18 04:00:00,283.76904,10.619049,ERCO
2022-01-18 05:00:00,2022-01-18 05:00:00,283.00122,9.851227,ERCO
2022-01-18 06:00:00,2022-01-18 06:00:00,282.36954,9.219543,ERCO
2022-01-18 07:00:00,2022-01-18 07:00:00,281.82242,8.672424,ERCO
2022-01-18 08:00:00,2022-01-18 08:00:00,281.36005,8.2100525,ERCO
2022-01-18 09:00:00,2022-01-18 09:00:00,281.00153,7.851532,ERCO
2022-01-18 10:00:00,2022-01-18 10:00:00,280.73557,7.5855713,ERCO
2022-01-18 11:00:00,2022-01-18 11:00:00,280.55942,7.409424,ERCO
2022-01-18 12:00:00,2022-01-18 12:00:00,280.45544,7.3054504,ERCO
2022-01-18 13:00:00,2022-01-18 13:00:00,280.41367,7.263672,ERCO
2022-01-18 14:00:00,2022-01-18 14:00:00,280.6827,7.532715,ERCO
2022-01-18 15:00:00,2022-01-18 15:00:00,282.92596,9.77597,ERCO
2022-01-18 16:00:00,2022-01-18 16:00:00,285.29553,12.145538,ERCO
2022-01-18 17:00:00,2022-01-18 17:00:00,287.63083,14.480835,ERCO
2022-01-18 18:00:00,2022-01-18 18:00:00,289.77515,16.625153,ERCO
2022-01-18 19:00:00,2022-01-18 19:00:00,291.5081,18.358093,ERCO
2022-01-18 20:00:00,2022-01-18 20:00:00,292.79184,19.641846,ERCO
2022-01-18 21:00:00,2022-01-18 21:00:00,293.66672,20.516724,ERCO
2022-01-18 22:00:00,2022-01-18 22:00:00,294.1403,20.990295,ERCO
2022-01-18 23:00:00,2022-01-18 23:00:00,294.0564,20.906403,ERCO
2022-01-19 00:00:00,2022-01-19 00:00:00,292.99954,19.849548,ERCO
2022-01-19 01:00:00,2022-01-19 01:00:00,291.67572,18.525726,ERCO
2022-01-19 02:00:00,2022-01-19 02:00:00,290.49762,17.347626,ERCO
2022-01-19 03:00:00,2022-01-19 03:00:00,289.46436,16.314362,ERCO
2022-01-19 04:00:00,2022-01-19 04:00:00,288.6032,15.453217,ERCO
2022-01-19 05:00:00,2022-01-19 05:00:00,287.86554,14.715546,ERCO
2022-01-19 06:00:00,2022-01-19 06:00:00,287.25583,14.105835,ERCO
2022-01-19 07:00:00,2022-01-19 07:00:00,286.74283,13.592834,ERCO
2022-01-19 08:00:00,2022-01-19 08:00:00,286.2701,13.120117,ERCO
2022-01-19 09:00:00,2022-01-19 09:00:00,285.8486,12.698608,ERCO
2022-01-19 10:00:00,2022-01-19 10:00:00,285.50647,12.356476,ERCO
2022-01-19 11:00:00,2022-01-19 11:00:00,285.19348,12.043488,ERCO
2022-01-19 12:00:00,2022-01-19 12:00:00,284.88943,11.739441,ERCO
2022-01-19 13:00:00,2022-01-19 13:00:00,284.58856,11.438568,ERCO
2022-01-19 14:00:00,2022-01-19 14:00:00,284.3779,11.227905,ERCO
2022-01-19 15:00:00,2022-01-19 15:00:00,285.09042,11.94043,ERCO
2022-01-19 16:00:00,2022-01-19 16:00:00,286.0188,12.868805,ERCO
2022-01-19 17:00:00,2022-01-19 17:00:00,286.9523,13.802307,ERCO
2022-01-19 18:00:00,2022-01-19 18:00:00,287.71298,14.562988,ERCO
2022-01-19 19:00:00,2022-01-19 19:00:00,288.13364,14.983643,ERCO
2022-01-19 20:00:00,2022-01-19 20:00:00,288.19464,15.044647,ERCO
2022-01-19 21:00:00,2022-01-19 21:00:00,287.93298,14.7829895,ERCO
2022-01-19 22:00:00,2022-01-19 22:00:00,287.36548,14.215485,ERCO
2022-01-19 23:00:00,2022-01-19 23:00:00,286.40305,13.253052,ERCO
2022-01-20 00:00:00,2022-01-20 00:00:00,284.9681,11.818115,ERCO
2022-01-20 01:00:00,2022-01-20 01:00:00,283.41272,10.262726,ERCO
2022-01-20 02:00:00,2022-01-20 02:00:00,281.91974,8.769745,ERCO
2022-01-20 03:00:00,2022-01-20 03:00:00,280.4854,7.3354187,ERCO
2022-01-20 04:00:00,2022-01-20 04:00:00,279.10513,5.955139,ERCO
2022-01-20 05:00:00,2022-01-20 05:00:00,277.85315,4.7031555,ERCO
2022-01-20 06:00:00,2022-01-20 06:00:00,276.7708,3.620819,ERCO
2022-01-20 07:00:00,2022-01-20 07:00:00,275.84238,2.6923828,ERCO
2022-01-20 08:00:00,2022-01-20 08:00:00,275.0087,1.8587036,ERCO
2022-01-20 09:00:00,2022-01-20 09:00:00,274.26135,1.1113586,ERCO
2022-01-20 10:00:00,2022-01-20 10:00:00,273.58408,0.43408203,ERCO
2022-01-20 11:00:00,2022-01-20 11:00:00,272.9804,-0.16958618,ERCO
2022-01-20 12:00:00,2022-01-20 12:00:00,272.44122,-0.70877075,ERCO
2022-01-20 13:00:00,2022-01-20 13:00:00,271.97556,-1.1744385,ERCO
2022-01-20 14:00:00,2022-01-20 14:00:00,271.60788,-1.5421143,ERCO
2022-01-20 15:00:00,2022-01-20 15:00:00,271.57684,-1.5731506,ERCO
2022-01-20 16:00:00,2022-01-20 16:00:00,271.8745,-1.2754822,ERCO
2022-01-20 17:00:00,2022-01-20 17:00:00,272.4068,-0.7431946,ERCO
2022-01-20 18:00:00,2022-01-20 18:00:00,273.0833,-0.06668091,ERCO
2022-01-20 19:00:00,2022-01-20 19:00:00,273.77652,0.6265259,ERCO
2022-01-20 20:00:00,2022-01-20 20:00:00,274.39795,1.2479553,ERCO
2022-01-20 21:00:00,2022-01-20 21:00:00,274.88586,1.7358704,ERCO
2022-01-20 22:00:00,2022-01-20 22:00:00,275.1751,2.025116,ERCO
2022-01-20 23:00:00,2022-01-20 23:00:00,275.19946,2.049469,ERCO
2022-01-21 00:00:00,2022-01-21 00:00:00,274.92636,1.7763672,ERCO
2022-01-21 01:00:00,2022-01-21 01:00:00,274.5803,1.4302979,ERCO
2022-01-21 02:00:00,2022-01-21 02:00:00,274.20404,1.0540466,ERCO
2022-01-21 03:00:00,2022-01-21 03:00:00,273.78638,0.63638306,ERCO
2022-01-21 04:00:00,2022-01-21 04:00:00,273.31494,0.16494751,ERCO
2022-01-21 05:00:00,2022-01-21 05:00:00,272.84058,-0.30941772,ERCO
2022-01-21 06:00:00,2022-01-21 06:00:00,272.3843,-0.76568604,ERCO
2022-01-21 07:00:00,2022-01-21 07:00:00,271.9093,-1.2406921,ERCO
2022-01-21 08:00:00,2022-01-21 08:00:00,271.4418,-1.7081909,ERCO
2022-01-21 09:00:00,2022-01-21 09:00:00,271.0183,-2.1316833,ERCO
2022-01-21 10:00:00,2022-01-21 10:00:00,270.62885,-2.5211487,ERCO
2022-01-21 11:00:00,2022-01-21 11:00:00,270.2901,-2.8598938,ERCO
2022-01-21 12:00:00,2022-01-21 12:00:00,269.96326,-3.186737,ERCO
2022-01-21 13:00:00,2022-01-21 13:00:00,269.66882,-3.4811707,ERCO
2022-01-21 14:00:00,2022-01-21 14:00:00,269.56125,-3.588745,ERCO
2022-01-21 15:00:00,2022-01-21 15:00:00,270.5167,-2.6333008,ERCO
2022-01-21 16:00:00,2022-01-21 16:00:00,271.9107,-1.2392883,ERCO
2022-01-21 17:00:00,2022-01-21 17:00:00,273.51114,0.36114502,ERCO
2022-01-21 18:00:00,2022-01-21 18:00:00,275.12308,1.9730835,ERCO
2022-01-21 19:00:00,2022-01-21 19:00:00,276.60074,3.4507446,ERCO
2022-01-21 20:00:00,2022-01-21 20:00:00,277.86536,4.7153625,ERCO
2022-01-21 21:00:00,2022-01-21 21:00:00,278.8544,5.7044067,ERCO
2022-01-21 22:00:00,2022-01-21 22:00:00,279.47952,6.329529,ERCO
2022-01-21 23:00:00,2022-01-21 23:00:00,279.65482,6.504822,ERCO
2022-01-22 00:00:00,2022-01-22 00:00:00,279.20563,6.0556335,ERCO
2022-01-22 01:00:00,2022-01-22 01:00:00,278.3716,5.2216187,ERCO
2022-01-22 02:00:00,2022-01-22 02:00:00,277.52512,4.375122,ERCO
2022-01-22 03:00:00,2022-01-22 03:00:00,276.67606,3.526062,ERCO
2022-01-22 04:00:00,2022-01-22 04:00:00,275.86017,2.7101746,ERCO
2022-01-22 05:00:00,2022-01-22 05:00:00,275.1289,1.9789124,ERCO
2022-01-22 06:00:00,2022-01-22 06:00:00,274.48532,1.3353271,ERCO
2022-01-22 07:00:00,2022-01-22 07:00:00,273.9001,0.75009155,ERCO
2022-01-22 08:00:00,2022-01-22 08:00:00,273.3875,0.23751831,ERCO
2022-01-22 09:00:00,2022-01-22 09:00:00,272.93988,-0.21011353,ERCO
2022-01-22 10:00:00,2022-01-22 10:00:00,272.54984,-0.6001587,ERCO
2022-01-22 11:00:00,2022-01-22 11:00:00,272.20346,-0.9465332,ERCO
2022-01-22 12:00:00,2022-01-22 12:00:00,271.89203,-1.2579651,ERCO
2022-01-22 13:00:00,2022-01-22 13:00:00,271.6035,-1.5465088,ERCO
2022-01-22 14:00:00,2022-01-22 14:00:00,271.60507,-1.5449219,ERCO
2022-01-22 15:00:00,2022-01-22 15:00:00,273.03983,-0.11016846,ERCO
2022-01-22 16:00:00,2022-01-22 16:00:00,274.82346,1.6734619,ERCO
2022-01-22 17:00:00,2022-01-22 17:00:00,276.57706,3.427063,ERCO
2022-01-22 18:00:00,2022-01-22 18:00:00,278.15793,5.0079346,ERCO
2022-01-22 19:00:00,2022-01-22 19:00:00,279.49493,6.34494,ERCO
2022-01-22 20:00:00,2022-01-22 20:00:00,280.54657,7.396576,ERCO
2022-01-22 21:00:00,2022-01-22 21:00:00,281.30746,8.157471,ERCO
2022-01-22 22:00:00,2022-01-22 22:00:00,281.75348,8.603485,ERCO
2022-01-22 23:00:00,2022-01-22 23:00:00,281.8604,8.710419,ERCO
2022-01-23 00:00:00,2022-01-23 00:00:00,281.50314,8.353149,ERCO
2022-01-23 01:00:00,2022-01-23 01:00:00,280.84747,7.6974792,ERCO
2022-01-23 02:00:00,2022-01-23 02:00:00,280.2129,7.0628967,ERCO
2022-01-23 03:00:00,2022-01-23 03:00:00,279.6147,6.464691,ERCO
2022-01-23 04:00:00,2022-01-23 04:00:00,279.07138,5.9213867,ERCO
2022-01-23 05:00:00,2022-01-23 05:00:00,278.6176,5.467621,ERCO
2022-01-23 06:00:00,2022-01-23 06:00:00,278.26477,5.1147766,ERCO
2022-01-23 07:00:00,2022-01-23 07:00:00,277.96426,4.81427,ERCO
2022-01-23 08:00:00,2022-01-23 08:00:00,277.7078,4.5578003,ERCO
2022-01-23 09:00:00,2022-01-23 09:00:00,277.50385,4.3538513,ERCO
2022-01-23 10:00:00,2022-01-23 10:00:00,277.33133,4.1813354,ERCO
2022-01-23 11:00:00,2022-01-23 11:00:00,277.18323,4.0332336,ERCO
2022-01-23 12:00:00,2022-01-23 12:00:00,277.04715,3.8971558,ERCO
2022-01-23 13:00:00,2022-01-23 13:00:00,276.9371,3.7871094,ERCO
2022-01-23 14:00:00,2022-01-23 14:00:00,276.96127,3.8112793,ERCO
2022-01-23 15:00:00,2022-01-23 15:00:00,278.27682,5.126831,ERCO
2022-01-23 16:00:00,2022-01-23 16:00:00,279.59344,6.443451,ERCO
2022-01-23 17:00:00,2022-01-23 17:00:00,280.9425,7.792511,ERCO
2022-01-23 18:00:00,2022-01-23 18:00:00,282.13654,8.986542,ERCO
2022-01-23 19:00:00,2022-01-23 19:00:00,283.08658,9.936584,ERCO
2022-01-23 20:00:00,2022-01-23 20:00:00,283.78128,10.631287,ERCO
2022-01-23 21:00:00,2022-01-23 21:00:00,284.25284,11.102844,ERCO
2022-01-23 22:00:00,2022-01-23 22:00:00,284.5073,11.3573,ERCO
2022-01-23 23:00:00,2022-01-23 23:00:00,284.49503,11.345032,ERCO
2022-01-24 00:00:00,2022-01-24 00:00:00,284.00793,10.857941,ERCO
2022-01-24 01:00:00,2022-01-24 01:00:00,283.32602,10.176025,ERCO
2022-01-24 02:00:00,2022-01-24 02:00:00,282.6893,9.539307,ERCO
2022-01-24 03:00:00,2022-01-24 03:00:00,282.10074,8.950745,ERCO
2022-01-24 04:00:00,2022-01-24 04:00:00,281.5677,8.417694,ERCO
2022-01-24 05:00:00,2022-01-24 05:00:00,281.09518,7.9451904,ERCO
2022-01-24 06:00:00,2022-01-24 06:00:00,280.69113,7.5411377,ERCO
2022-01-24 07:00:00,2022-01-24 07:00:00,280.3243,7.1743164,ERCO
2022-01-24 08:00:00,2022-01-24 08:00:00,280.00217,6.852173,ERCO
2022-01-24 09:00:00,2022-01-24 09:00:00,279.7492,6.5992126,ERCO
2022-01-24 10:00:00,2022-01-24 10:00:00,279.56073,6.410736,ERCO
2022-01-24 11:00:00,2022-01-24 11:00:00,279.404,6.253998,ERCO
2022-01-24 12:00:00,2022-01-24 12:00:00,279.24417,6.0941772,ERCO
2022-01-24 13:00:00,2022-01-24 13:00:00,279.06003,5.910034,ERCO
2022-01-24 14:00:00,2022-01-24 14:00:00,278.92703,5.7770386,ERCO
2022-01-24 15:00:00,2022-01-24 15:00:00,279.83743,6.687439,ERCO
2022-01-24 16:00:00,2022-01-24 16:00:00,280.91965,7.7696533,ERCO
2022-01-24 17:00:00,2022-01-24 17:00:00,282.09238,8.942383,ERCO
2022-01-24 18:00:00,2022-01-24 18:00:00,283.259,10.109009,ERCO
2022-01-24 19:00:00,2022-01-24 19:00:00,284.3119,11.161896,ERCO
2022-01-24 20:00:00,2022-01-24 20:00:00,285.19727,12.047272,ERCO
2022-01-24 21:00:00,2022-01-24 21:00:00,285.89285,12.742859,ERCO
2022-01-24 22:00:00,2022-01-24 22:00:00,286.36017,13.210175,ERCO
2022-01-24 23:00:00,2022-01-24 23:00:00,286.50787,13.35788,ERCO
2022-01-25 00:00:00,2022-01-25 00:00:00,286.08884,12.938843,ERCO
2022-01-25 01:00:00,2022-01-25 01:00:00,285.18536,12.03537,ERCO
2022-01-25 02:00:00,2022-01-25 02:00:00,284.29428,11.144287,ERCO
2022-01-25 03:00:00,2022-01-25 03:00:00,283.4649,10.314911,ERCO
2022-01-25 04:00:00,2022-01-25 04:00:00,282.70193,9.551941,ERCO
2022-01-25 05:00:00,2022-01-25 05:00:00,282.00912,8.859131,ERCO
2022-01-25 06:00:00,2022-01-25 06:00:00,281.3721,8.222107,ERCO
2022-01-25 07:00:00,2022-01-25 07:00:00,280.7262,7.5762024,ERCO
2022-01-25 08:00:00,2022-01-25 08:00:00,280.07278,6.9227905,ERCO
2022-01-25 09:00:00,2022-01-25 09:00:00,279.42636,6.276367,ERCO
2022-01-25 10:00:00,2022-01-25 10:00:00,278.8136,5.6636047,ERCO
2022-01-25 11:00:00,2022-01-25 11:00:00,278.24353,5.0935364,ERCO
2022-01-25 12:00:00,2022-01-25 12:00:00,277.68823,4.5382385,ERCO
2022-01-25 13:00:00,2022-01-25 13:00:00,277.17523,4.025238,ERCO
2022-01-25 14:00:00,2022-01-25 14:00:00,276.84235,3.6923523,ERCO
2022-01-25 15:00:00,2022-01-25 15:00:00,277.9969,4.8468933,ERCO
2022-01-25 16:00:00,2022-01-25 16:00:00,279.55206,6.402069,ERCO
2022-01-25 17:00:00,2022-01-25 17:00:00,281.3053,8.155304,ERCO
2022-01-25 18:00:00,2022-01-25 18:00:00,282.9366,9.786621,ERCO
2022-01-25 19:00:00,2022-01-25 19:00:00,284.23425,11.084259,ERCO
2022-01-25 20:00:00,2022-01-25 20:00:00,285.2038,12.0538025,ERCO
2022-01-25 21:00:00,2022-01-25 21:00:00,285.86673,12.716736,ERCO
2022-01-25 22:00:00,2022-01-25 22:00:00,286.1538,13.003815,ERCO
2022-01-25 23:00:00,2022-01-25 23:00:00,285.97864,12.828644,ERCO
2022-01-26 00:00:00,2022-01-26 00:00:00,285.15982,12.009827,ERCO
2022-01-26 01:00:00,2022-01-26 01:00:00,284.00705,10.857056,ERCO
2022-01-26 02:00:00,2022-01-26 02:00:00,282.8976,9.74762,ERCO
2022-01-26 03:00:00,2022-01-26 03:00:00,281.82605,8.676056,ERCO
2022-01-26 04:00:00,2022-01-26 04:00:00,280.7807,7.630707,ERCO
2022-01-26 05:00:00,2022-01-26 05:00:00,279.7983,6.6483154,ERCO
2022-01-26 06:00:00,2022-01-26 06:00:00,278.92178,5.7717896,ERCO
2022-01-26 07:00:00,2022-01-26 07:00:00,278.10767,4.957672,ERCO
2022-01-26 08:00:00,2022-01-26 08:00:00,277.3428,4.19281,ERCO
2022-01-26 09:00:00,2022-01-26 09:00:00,276.65417,3.504181,ERCO
2022-01-26 10:00:00,2022-01-26 10:00:00,276.05505,2.9050598,ERCO
2022-01-26 11:00:00,2022-01-26 11:00:00,275.4987,2.3486938,ERCO
2022-01-26 12:00:00,2022-01-26 12:00:00,274.97812,1.828125,ERCO
2022-01-26 13:00:00,2022-01-26 13:00:00,274.5146,1.3645935,ERCO
2022-01-26 14:00:00,2022-01-26 14:00:00,274.2632,1.1132202,ERCO
2022-01-26 15:00:00,2022-01-26 15:00:00,274.5835,1.4335022,ERCO
2022-01-26 16:00:00,2022-01-26 16:00:00,275.23407,2.084076,ERCO
2022-01-26 17:00:00,2022-01-26 17:00:00,276.07925,2.9292603,ERCO
2022-01-26 18:00:00,2022-01-26 18:00:00,277.00797,3.8579712,ERCO
2022-01-26 19:00:00,2022-01-26 19:00:00,277.90204,4.7520447,ERCO
2022-01-26 20:00:00,2022-01-26 20:00:00,278.6874,5.5374146,ERCO
2022-01-26 21:00:00,2022-01-26 21:00:00,279.3105,6.160492,ERCO
2022-01-26 22:00:00,2022-01-26 22:00:00,279.69678,6.5467834,ERCO
2022-01-26 23:00:00,2022-01-26 23:00:00,279.80298,6.6529846,ERCO
2022-01-27 00:00:00,2022-01-27 00:00:00,279.5472,6.397217,ERCO
2022-01-27 01:00:00,2022-01-27 01:00:00,279.13385,5.983856,ERCO
2022-01-27 02:00:00,2022-01-27 02:00:00,278.74963,5.59964,ERCO
2022-01-27 03:00:00,2022-01-27 03:00:00,278.3955,5.245514,ERCO
2022-01-27 04:00:00,2022-01-27 04:00:00,278.09406,4.9440613,ERCO
2022-01-27 05:00:00,2022-01-27 05:00:00,277.86304,4.713043,ERCO
2022-01-27 06:00:00,2022-01-27 06:00:00,277.698,4.548004,ERCO
2022-01-27 07:00:00,2022-01-27 07:00:00,277.5548,4.4048157,ERCO
2022-01-27 08:00:00,2022-01-27 08:00:00,277.41934,4.269348,ERCO
2022-01-27 09:00:00,2022-01-27 09:00:00,277.26474,4.114746,ERCO
2022-01-27 10:00:00,2022-01-27 10:00:00,277.09613,3.9461365,ERCO
2022-01-27 11:00:00,2022-01-27 11:00:00,276.89026,3.740265,ERCO
2022-01-27 12:00:00,2022-01-27 12:00:00,276.61862,3.468628,ERCO
2022-01-27 13:00:00,2022-01-27 13:00:00,276.33328,3.1832886,ERCO
2022-01-27 14:00:00,2022-01-27 14:00:00,276.16293,3.0129395,ERCO
2022-01-27 15:00:00,2022-01-27 15:00:00,277.26605,4.1160583,ERCO
2022-01-27 16:00:00,2022-01-27 16:00:00,278.81293,5.6629333,ERCO
2022-01-27 17:00:00,2022-01-27 17:00:00,280.40778,7.257782,ERCO
2022-01-27 18:00:00,2022-01-27 18:00:00,281.87497,8.724976,ERCO
2022-01-27 19:00:00,2022-01-27 19:00:00,283.09195,9.941956,ERCO
2022-01-27 20:00:00,2022-01-27 20:00:00,284.01886,10.868866,ERCO
2022-01-27 21:00:00,2022-01-27 21:00:00,284.66675,11.516754,ERCO
2022-01-27 22:00:00,2022-01-27 22:00:00,284.99707,11.847076,ERCO
2022-01-27 23:00:00,2022-01-27 23:00:00,284.98282,11.832825,ERCO
2022-01-28 00:00:00,2022-01-28 00:00:00,284.52774,11.377747,ERCO
2022-01-28 01:00:00,2022-01-28 01:00:00,283.7556,10.605621,ERCO
2022-01-28 02:00:00,2022-01-28 02:00:00,282.98248,9.832489,ERCO
2022-01-28 03:00:00,2022-01-28 03:00:00,282.22336,9.073364,ERCO
2022-01-28 04:00:00,2022-01-28 04:00:00,281.47498,8.324982,ERCO
2022-01-28 05:00:00,2022-01-28 05:00:00,280.76007,7.610077,ERCO
2022-01-28 06:00:00,2022-01-28 06:00:00,280.0814,6.9313965,ERCO
2022-01-28 07:00:00,2022-01-28 07:00:00,279.4229,6.2729187,ERCO
2022-01-28 08:00:00,2022-01-28 08:00:00,278.7843,5.634308,ERCO
2022-01-28 09:00:00,2022-01-28 09:00:00,278.15793,5.0079346,ERCO
2022-01-28 10:00:00,2022-01-28 10:00:00,277.56125,4.411255,ERCO
2022-01-28 11:00:00,2022-01-28 11:00:00,276.9929,3.8428955,ERCO
2022-01-28 12:00:00,2022-01-28 12:00:00,276.43066,3.2806702,ERCO
2022-01-28 13:00:00,2022-01-28 13:00:00,275.87997,2.7299805,ERCO
2022-01-28 14:00:00,2022-01-28 14:00:00,275.57422,2.4242249,ERCO
2022-01-28 15:00:00,2022-01-28 15:00:00,276.62585,3.4758606,ERCO
2022-01-28 16:00:00,2022-01-28 16:00:00,277.9253,4.775299,ERCO
2022-01-28 17:00:00,2022-01-28 17:00:00,279.38736,6.2373657,ERCO
2022-01-28 18:00:00,2022-01-28 18:00:00,280.7655,7.615509,ERCO
2022-01-28 19:00:00,2022-01-28 19:00:00,281.96182,8.811829,ERCO
2022-01-28 20:00:00,2022-01-28 20:00:00,282.91928,9.769287,ERCO
2022-01-28 21:00:00,2022-01-28 21:00:00,283.64816,10.498169,ERCO
2022-01-28 22:00:00,2022-01-28 22:00:00,284.1277,10.977692,ERCO
2022-01-28 23:00:00,2022-01-28 23:00:00,284.28873,11.138733,ERCO
2022-01-29 00:00:00,2022-01-29 00:00:00,283.82895,10.678955,ERCO
2022-01-29 01:00:00,2022-01-29 01:00:00,282.82324,9.673248,ERCO
2022-01-29 02:00:00,2022-01-29 02:00:00,281.82193,8.671936,ERCO
2022-01-29 03:00:00,2022-01-29 03:00:00,280.88065,7.730652,ERCO
2022-01-29 04:00:00,2022-01-29 04:00:00,280.0017,6.851715,ERCO
2022-01-29 05:00:00,2022-01-29 05:00:00,279.20886,6.0588684,ERCO
2022-01-29 06:00:00,2022-01-29 06:00:00,278.49988,5.349884,ERCO
2022-01-29 07:00:00,2022-01-29 07:00:00,277.82224,4.672241,ERCO
2022-01-29 08:00:00,2022-01-29 08:00:00,277.1959,4.0458984,ERCO
2022-01-29 09:00:00,2022-01-29 09:00:00,276.64825,3.4982605,ERCO
2022-01-29 10:00:00,2022-01-29 10:00:00,276.1631,3.013092,ERCO
2022-01-29 11:00:00,2022-01-29 11:00:00,275.73123,2.5812378,ERCO
2022-01-29 12:00:00,2022-01-29 12:00:00,275.34238,2.1923828,ERCO
2022-01-29 13:00:00,2022-01-29 13:00:00,275.01154,1.8615417,ERCO
2022-01-29 14:00:00,2022-01-29 14:00:00,274.95947,1.8094788,ERCO
2022-01-29 15:00:00,2022-01-29 15:00:00,277.3936,4.2435913,ERCO
2022-01-29 16:00:00,2022-01-29 16:00:00,280.15775,7.0077515,ERCO
2022-01-29 17:00:00,2022-01-29 17:00:00,282.7981,9.648102,ERCO
2022-01-29 18:00:00,2022-01-29 18:00:00,284.9461,11.796112,ERCO
2022-01-29 19:00:00,2022-01-29 19:00:00,286.45953,13.30954,ERCO
2022-01-29 20:00:00,2022-01-29 20:00:00,287.54663,14.396637,ERCO
2022-01-29 21:00:00,2022-01-29 21:00:00,288.30405,15.154053,ERCO
2022-01-29 22:00:00,2022-01-29 22:00:00,288.74,15.589996,ERCO
2022-01-29 23:00:00,2022-01-29 23:00:00,288.79126,15.641266,ERCO
2022-01-30 00:00:00,2022-01-30 00:00:00,287.9304,14.7803955,ERCO
2022-01-30 01:00:00,2022-01-30 01:00:00,286.4274,13.277405,ERCO
2022-01-30 02:00:00,2022-01-30 02:00:00,285.11087,11.960876,ERCO
2022-01-30 03:00:00,2022-01-30 03:00:00,283.97186,10.821869,ERCO
2022-01-30 04:00:00,2022-01-30 04:00:00,282.95306,9.80307,ERCO
2022-01-30 05:00:00,2022-01-30 05:00:00,282.06253,8.912537,ERCO
2022-01-30 06:00:00,2022-01-30 06:00:00,281.28152,8.131531,ERCO
2022-01-30 07:00:00,2022-01-30 07:00:00,280.55658,7.4065857,ERCO
2022-01-30 08:00:00,2022-01-30 08:00:00,279.89035,6.7403564,ERCO
2022-01-30 09:00:00,2022-01-30 09:00:00,279.3063,6.156311,ERCO
2022-01-30 10:00:00,2022-01-30 10:00:00,278.77393,5.623932,ERCO
2022-01-30 11:00:00,2022-01-30 11:00:00,278.2892,5.139221,ERCO
2022-01-30 12:00:00,2022-01-30 12:00:00,277.8395,4.689514,ERCO
2022-01-30 13:00:00,2022-01-30 13:00:00,277.44604,4.296051,ERCO
2022-01-30 14:00:00,2022-01-30 14:00:00,277.37784,4.227844,ERCO
2022-01-30 15:00:00,2022-01-30 15:00:00,279.76248,6.612488,ERCO
2022-01-30 16:00:00,2022-01-30 16:00:00,282.25354,9.103546,ERCO
2022-01-30 17:00:00,2022-01-30 17:00:00,284.61386,11.463867,ERCO
2022-01-30 18:00:00,2022-01-30 18:00:00,286.71088,13.560883,ERCO
2022-01-30 19:00:00,2022-01-30 19:00:00,288.37024,15.220245,ERCO
2022-01-30 20:00:00,2022-01-30 20:00:00,289.55432,16.404327,ERCO
2022-01-30 21:00:00,2022-01-30 21:00:00,290.30334,17.15335,ERCO
2022-01-30 22:00:00,2022-01-30 22:00:00,290.6764,17.526398,ERCO
2022-01-30 23:00:00,2022-01-30 23:00:00,290.6172,17.467194,ERCO
2022-01-31 00:00:00,2022-01-31 00:00:00,289.77402,16.624023,ERCO
2022-01-31 01:00:00,2022-01-31 01:00:00,288.46484,15.31485,ERCO
2022-01-31 02:00:00,2022-01-31 02:00:00,287.34573,14.19574,ERCO
2022-01-31 03:00:00,2022-01-31 03:00:00,286.39017,13.240173,ERCO
2022-01-31 04:00:00,2022-01-31 04:00:00,285.62885,12.478851,ERCO
2022-01-31 05:00:00,2022-01-31 05:00:00,285.02042,11.870422,ERCO
2022-01-31 06:00:00,2022-01-31 06:00:00,284.55273,11.4027405,ERCO
2022-01-31 07:00:00,2022-01-31 07:00:00,284.16388,11.0138855,ERCO
2022-01-31 08:00:00,2022-01-31 08:00:00,283.84314,10.693146,ERCO
2022-01-31 09:00:00,2022-01-31 09:00:00,283.57922,10.42923,ERCO
2022-01-31 10:00:00,2022-01-31 10:00:00,283.3378,10.187805,ERCO
2022-01-31 11:00:00,2022-01-31 11:00:00,283.1293,9.979309,ERCO
2022-01-31 12:00:00,2022-01-31 12:00:00,282.9421,9.792114,ERCO
2022-01-31 13:00:00,2022-01-31 13:00:00,282.78845,9.638458,ERCO
2022-01-31 14:00:00,2022-01-31 14:00:00,282.77167,9.621674,ERCO
2022-01-31 15:00:00,2022-01-31 15:00:00,283.821,10.6710205,ERCO
2022-01-31 16:00:00,2022-01-31 16:00:00,285.2115,12.061493,ERCO
2022-01-31 17:00:00,2022-01-31 17:00:00,286.59375,13.443756,ERCO
2022-01-31 18:00:00,2022-01-31 18:00:00,287.77896,14.628967,ERCO
2022-01-31 19:00:00,2022-01-31 19:00:00,288.69315,15.543152,ERCO
2022-01-31 20:00:00,2022-01-31 20:00:00,289.3737,16.223694,ERCO
2022-01-31 21:00:00,2022-01-31 21:00:00,289.89023,16.740234,ERCO
2022-01-31 22:00:00,2022-01-31 22:00:00,290.2056,17.055603,ERCO
2022-01-31 23:00:00,2022-01-31 23:00:00,290.21606,17.06607,ERCO
2022-02-01 00:00:00,2022-02-01 00:00:00,289.71277,16.562775,ERCO
2022-02-01 01:00:00,2022-02-01 01:00:00,288.7567,15.60672,ERCO
2022-02-01 02:00:00,2022-02-01 02:00:00,287.85452,14.704529,ERCO
2022-02-01 03:00:00,2022-02-01 03:00:00,287.03314,13.883148,ERCO
2022-02-01 04:00:00,2022-02-01 04:00:00,286.30606,13.156067,ERCO
2022-02-01 05:00:00,2022-02-01 05:00:00,285.65863,12.508636,ERCO
2022-02-01 06:00:00,2022-02-01 06:00:00,285.07404,11.924042,ERCO
2022-02-01 07:00:00,2022-02-01 07:00:00,284.53644,11.386444,ERCO
2022-02-01 08:00:00,2022-02-01 08:00:00,284.05518,10.905182,ERCO
2022-02-01 09:00:00,2022-02-01 09:00:00,283.65753,10.507538,ERCO
2022-02-01 10:00:00,2022-02-01 10:00:00,283.35248,10.202484,ERCO
2022-02-01 11:00:00,2022-02-01 11:00:00,283.11816,9.96817,ERCO
2022-02-01 12:00:00,2022-02-01 12:00:00,282.87607,9.726074,ERCO
2022-02-01 13:00:00,2022-02-01 13:00:00,282.64825,9.4982605,ERCO
2022-02-01 14:00:00,2022-02-01 14:00:00,282.51718,9.3671875,ERCO
2022-02-01 15:00:00,2022-02-01 15:00:00,283.0378,9.887817,ERCO
2022-02-01 16:00:00,2022-02-01 16:00:00,283.95132,10.801331,ERCO
2022-02-01 17:00:00,2022-02-01 17:00:00,285.31516,12.165161,ERCO
2022-02-01 18:00:00,2022-02-01 18:00:00,286.85043,13.700439,ERCO
2022-02-01 19:00:00,2022-02-01 19:00:00,288.20715,15.057159,ERCO
2022-02-01 20:00:00,2022-02-01 20:00:00,289.2602,16.110199,ERCO
2022-02-01 21:00:00,2022-02-01 21:00:00,289.98447,16.834473,ERCO
2022-02-01 22:00:00,2022-02-01 22:00:00,290.31702,17.167023,ERCO
2022-02-01 23:00:00,2022-02-01 23:00:00,290.19604,17.046051,ERCO
2022-02-02 00:00:00,2022-02-02 00:00:00,289.45718,16.30719,ERCO
2022-02-02 01:00:00,2022-02-02 01:00:00,288.3135,15.163513,ERCO
2022-02-02 02:00:00,2022-02-02 02:00:00,287.28058,14.130585,ERCO
2022-02-02 03:00:00,2022-02-02 03:00:00,286.34708,13.1970825,ERCO
2022-02-02 04:00:00,2022-02-02 04:00:00,285.517,12.367004,ERCO
2022-02-02 05:00:00,2022-02-02 05:00:00,284.8494,11.699402,ERCO
2022-02-02 06:00:00,2022-02-02 06:00:00,284.3314,11.1813965,ERCO
2022-02-02 07:00:00,2022-02-02 07:00:00,283.89923,10.749237,ERCO
2022-02-02 08:00:00,2022-02-02 08:00:00,283.52774,10.377747,ERCO
2022-02-02 09:00:00,2022-02-02 09:00:00,283.19778,10.047791,ERCO
2022-02-02 10:00:00,2022-02-02 10:00:00,282.9001,9.750092,ERCO
2022-02-02 11:00:00,2022-02-02 11:00:00,282.62772,9.477722,ERCO
2022-02-02 12:00:00,2022-02-02 12:00:00,282.35992,9.20993,ERCO
2022-02-02 13:00:00,2022-02-02 13:00:00,282.07452,8.92453,ERCO
2022-02-02 14:00:00,2022-02-02 14:00:00,281.8629,8.712921,ERCO
2022-02-02 15:00:00,2022-02-02 15:00:00,281.89417,8.744171,ERCO
2022-02-02 16:00:00,2022-02-02 16:00:00,282.03436,8.884369,ERCO
2022-02-02 17:00:00,2022-02-02 17:00:00,282.2167,9.066711,ERCO
2022-02-02 18:00:00,2022-02-02 18:00:00,282.3903,9.240295,ERCO
2022-02-02 19:00:00,2022-02-02 19:00:00,282.48846,9.33847,ERCO
2022-02-02 20:00:00,2022-02-02 20:00:00,282.44562,9.295624,ERCO
2022-02-02 21:00:00,2022-02-02 21:00:00,282.29147,9.1414795,ERCO
2022-02-02 22:00:00,2022-02-02 22:00:00,281.95383,8.803833,ERCO
2022-02-02 23:00:00,2022-02-02 23:00:00,281.35944,8.209442,ERCO
2022-02-03 00:00:00,2022-02-03 00:00:00,280.48712,7.3371277,ERCO
2022-02-03 01:00:00,2022-02-03 01:00:00,279.49136,6.3413696,ERCO
2022-02-03 02:00:00,2022-02-03 02:00:00,278.46176,5.3117676,ERCO
2022-02-03 03:00:00,2022-02-03 03:00:00,277.37643,4.2264404,ERCO
2022-02-03 04:00:00,2022-02-03 04:00:00,276.2901,3.1401062,ERCO
2022-02-03 05:00:00,2022-02-03 05:00:00,275.2389,2.0888977,ERCO
2022-02-03 06:00:00,2022-02-03 06:00:00,274.26492,1.1149292,ERCO
2022-02-03 07:00:00,2022-02-03 07:00:00,273.33655,0.18655396,ERCO
2022-02-03 08:00:00,2022-02-03 08:00:00,272.45697,-0.6930237,ERCO
2022-02-03 09:00:00,2022-02-03 09:00:00,271.64032,-1.5096741,ERCO
2022-02-03 10:00:00,2022-02-03 10:00:00,270.89154,-2.2584534,ERCO
2022-02-03 11:00:00,2022-02-03 11:00:00,270.19598,-2.95401,ERCO
2022-02-03 12:00:00,2022-02-03 12:00:00,269.53107,-3.618927,ERCO
2022-02-03 13:00:00,2022-02-03 13:00:00,268.94452,-4.205475,ERCO
2022-02-03 14:00:00,2022-02-03 14:00:00,268.4462,-4.7037964,ERCO
2022-02-03 15:00:00,2022-02-03 15:00:00,268.15457,-4.9954224,ERCO
2022-02-03 16:00:00,2022-02-03 16:00:00,268.0568,-5.0932007,ERCO
2022-02-03 17:00:00,2022-02-03 17:00:00,268.16016,-4.9898376,ERCO
2022-02-03 18:00:00,2022-02-03 18:00:00,268.41058,-4.7394104,ERCO
2022-02-03 19:00:00,2022-02-03 19:00:00,268.70248,-4.44751,ERCO
2022-02-03 20:00:00,2022-02-03 20:00:00,268.96674,-4.183258,ERCO
2022-02-03 21:00:00,2022-02-03 21:00:00,269.14438,-4.005615,ERCO
2022-02-03 22:00:00,2022-02-03 22:00:00,269.16376,-3.9862366,ERCO
2022-02-03 23:00:00,2022-02-03 23:00:00,268.94394,-4.2060547,ERCO
2022-02-04 00:00:00,2022-02-04 00:00:00,268.2668,-4.8831787,ERCO
2022-02-04 01:00:00,2022-02-04 01:00:00,267.30957,-5.8404236,ERCO
2022-02-04 02:00:00,2022-02-04 02:00:00,266.50693,-6.6430664,ERCO
2022-02-04 03:00:00,2022-02-04 03:00:00,265.81662,-7.333374,ERCO
2022-02-04 04:00:00,2022-02-04 04:00:00,265.20496,-7.945038,ERCO
2022-02-04 05:00:00,2022-02-04 05:00:00,264.6673,-8.482697,ERCO
2022-02-04 06:00:00,2022-02-04 06:00:00,264.1796,-8.970398,ERCO
2022-02-04 07:00:00,2022-02-04 07:00:00,263.68253,-9.467468,ERCO
2022-02-04 08:00:00,2022-02-04 08:00:00,263.24307,-9.906921,ERCO
2022-02-04 09:00:00,2022-02-04 09:00:00,262.89322,-10.256775,ERCO
2022-02-04 10:00:00,2022-02-04 10:00:00,262.60895,-10.541046,ERCO
2022-02-04 11:00:00,2022-02-04 11:00:00,262.41272,-10.737274,ERCO
2022-02-04 12:00:00,2022-02-04 12:00:00,262.25418,-10.895813,ERCO
2022-02-04 13:00:00,2022-02-04 13:00:00,262.119,-11.031006,ERCO
2022-02-04 14:00:00,2022-02-04 14:00:00,262.1593,-10.990692,ERCO
2022-02-04 15:00:00,2022-02-04 15:00:00,263.26276,-9.887238,ERCO
2022-02-04 16:00:00,2022-02-04 16:00:00,265.09253,-8.057465,ERCO
2022-02-04 17:00:00,2022-02-04 17:00:00,267.10355,-6.0464478,ERCO
2022-02-04 18:00:00,2022-02-04 18:00:00,269.07635,-4.073639,ERCO
2022-02-04 19:00:00,2022-02-04 19:00:00,270.8215,-2.3284912,ERCO
2022-02-04 20:00:00,2022-02-04 20:00:00,272.25922,-0.8907776,ERCO
2022-02-04 21:00:00,2022-02-04 21:00:00,273.351,0.20101929,ERCO
2022-02-04 22:00:00,2022-02-04 22:00:00,274.0331,0.8831177,ERCO
2022-02-04 23:00:00,2022-02-04 23:00:00,274.1899,1.039917,ERCO
2022-02-05 00:00:00,2022-02-05 00:00:00,273.52615,0.37615967,ERCO
2022-02-05 01:00:00,2022-02-05 01:00:00,272.44537,-0.70462036,ERCO
2022-02-05 02:00:00,2022-02-05 02:00:00,271.58817,-1.5618286,ERCO
2022-02-05 03:00:00,2022-02-05 03:00:00,270.857,-2.2929993,ERCO
2022-02-05 04:00:00,2022-02-05 04:00:00,270.20404,-2.9459534,ERCO
2022-02-05 05:00:00,2022-02-05 05:00:00,269.64343,-3.5065613,ERCO
2022-02-05 06:00:00,2022-02-05 06:00:00,269.185,-3.9649963,ERCO
2022-02-05 07:00:00,2022-02-05 07:00:00,268.7812,-4.368805,ERCO
2022-02-05 08:00:00,2022-02-05 08:00:00,268.41348,-4.736511,ERCO
2022-02-05 09:00:00,2022-02-05 09:00:00,268.08337,-5.06662,ERCO
2022-02-05 10:00:00,2022-02-05 10:00:00,267.80585,-5.3441467,ERCO
2022-02-05 11:00:00,2022-02-05 11:00:00,267.5988,-5.5512085,ERCO
2022-02-05 12:00:00,2022-02-05 12:00:00,267.4224,-5.7276,ERCO
2022-02-05 13:00:00,2022-02-05 13:00:00,267.28452,-5.8654785,ERCO
2022-02-05 14:00:00,2022-02-05 14:00:00,267.4999,-5.6500854,ERCO
2022-02-05 15:00:00,2022-02-05 15:00:00,269.46942,-3.6805725,ERCO
2022-02-05 16:00:00,2022-02-05 16:00:00,272.18622,-0.96377563,ERCO
2022-02-05 17:00:00,2022-02-05 17:00:00,274.52835,1.3783569,ERCO
2022-02-05 18:00:00,2022-02-05 18:00:00,276.37994,3.22995,ERCO
2022-02-05 19:00:00,2022-02-05 19:00:00,277.8307,4.6806946,ERCO
2022-02-05 20:00:00,2022-02-05 20:00:00,278.9336,5.7836,ERCO
2022-02-05 21:00:00,2022-02-05 21:00:00,279.762,6.6119995,ERCO
2022-02-05 22:00:00,2022-02-05 22:00:00,280.26245,7.1124573,ERCO
2022-02-05 23:00:00,2022-02-05 23:00:00,280.32776,7.177765,ERCO
2022-02-06 00:00:00,2022-02-06 00:00:00,279.5522,6.402191,ERCO
2022-02-06 01:00:00,2022-02-06 01:00:00,278.24014,5.090149,ERCO
2022-02-06 02:00:00,2022-02-06 02:00:00,277.20602,4.0560303,ERCO
2022-02-06 03:00:00,2022-02-06 03:00:00,276.3268,3.1768188,ERCO
2022-02-06 04:00:00,2022-02-06 04:00:00,275.5659,2.4158936,ERCO
2022-02-06 05:00:00,2022-02-06 05:00:00,274.90503,1.7550354,ERCO
2022-02-06 06:00:00,2022-02-06 06:00:00,274.35007,1.2000732,ERCO
2022-02-06 07:00:00,2022-02-06 07:00:00,273.8875,0.7375183,ERCO
2022-02-06 08:00:00,2022-02-06 08:00:00,273.49768,0.34768677,ERCO
2022-02-06 09:00:00,2022-02-06 09:00:00,273.18665,0.03665161,ERCO
2022-02-06 10:00:00,2022-02-06 10:00:00,272.93552,-0.21447754,ERCO
2022-02-06 11:00:00,2022-02-06 11:00:00,272.74405,-0.40594482,ERCO
2022-02-06 12:00:00,2022-02-06 12:00:00,272.57895,-0.5710449,ERCO
2022-02-06 13:00:00,2022-02-06 13:00:00,272.41647,-0.7335205,ERCO
2022-02-06 14:00:00,2022-02-06 14:00:00,272.6562,-0.49380493,ERCO
2022-02-06 15:00:00,2022-02-06 15:00:00,275.1174,1.9674072,ERCO
2022-02-06 16:00:00,2022-02-06 16:00:00,277.25647,4.106476,ERCO
2022-02-06 17:00:00,2022-02-06 17:00:00,279.1879,6.037903,ERCO
2022-02-06 18:00:00,2022-02-06 18:00:00,280.79108,7.641083,ERCO
2022-02-06 19:00:00,2022-02-06 19:00:00,282.10995,8.959961,ERCO
2022-02-06 20:00:00,2022-02-06 20:00:00,283.1122,9.962219,ERCO
2022-02-06 21:00:00,2022-02-06 21:00:00,283.8161,10.666107,ERCO
2022-02-06 22:00:00,2022-02-06 22:00:00,284.18445,11.034454,ERCO
2022-02-06 23:00:00,2022-02-06 23:00:00,284.198,11.048004,ERCO
2022-02-07 00:00:00,2022-02-07 00:00:00,283.67703,10.527039,ERCO
2022-02-07 01:00:00,2022-02-07 01:00:00,282.65918,9.509186,ERCO
2022-02-07 02:00:00,2022-02-07 02:00:00,281.71997,8.569977,ERCO
2022-02-07 03:00:00,2022-02-07 03:00:00,280.8111,7.6611023,ERCO
2022-02-07 04:00:00,2022-02-07 04:00:00,279.93542,6.785431,ERCO
2022-02-07 05:00:00,2022-02-07 05:00:00,279.1254,5.975403,ERCO
2022-02-07 06:00:00,2022-02-07 06:00:00,278.39365,5.2436523,ERCO
2022-02-07 07:00:00,2022-02-07 07:00:00,277.7076,4.557617,ERCO
2022-02-07 08:00:00,2022-02-07 08:00:00,277.06204,3.9120483,ERCO
2022-02-07 09:00:00,2022-02-07 09:00:00,276.49893,3.348938,ERCO
2022-02-07 10:00:00,2022-02-07 10:00:00,276.02145,2.87146,ERCO
2022-02-07 11:00:00,2022-02-07 11:00:00,275.5864,2.4364014,ERCO
2022-02-07 12:00:00,2022-02-07 12:00:00,275.15607,2.006073,ERCO
2022-02-07 13:00:00,2022-02-07 13:00:00,274.73874,1.5887451,ERCO
2022-02-07 14:00:00,2022-02-07 14:00:00,274.7784,1.628418,ERCO
2022-02-07 15:00:00,2022-02-07 15:00:00,276.55026,3.4002686,ERCO
2022-02-07 16:00:00,2022-02-07 16:00:00,278.39807,5.2480774,ERCO
2022-02-07 17:00:00,2022-02-07 17:00:00,280.33652,7.1865234,ERCO
2022-02-07 18:00:00,2022-02-07 18:00:00,281.96875,8.818756,ERCO
2022-02-07 19:00:00,2022-02-07 19:00:00,283.1919,10.041901,ERCO
2022-02-07 20:00:00,2022-02-07 20:00:00,284.0406,10.8905945,ERCO
2022-02-07 21:00:00,2022-02-07 21:00:00,284.64035,11.490356,ERCO
2022-02-07 22:00:00,2022-02-07 22:00:00,284.99316,11.84317,ERCO
2022-02-07 23:00:00,2022-02-07 23:00:00,285.03613,11.886139,ERCO
2022-02-08 00:00:00,2022-02-08 00:00:00,284.51376,11.36377,ERCO
2022-02-08 01:00:00,2022-02-08 01:00:00,283.42694,10.276947,ERCO
2022-02-08 02:00:00,2022-02-08 02:00:00,282.37775,9.227753,ERCO
2022-02-08 03:00:00,2022-02-08 03:00:00,281.39578,8.245789,ERCO
2022-02-08 04:00:00,2022-02-08 04:00:00,280.47684,7.3268433,ERCO
2022-02-08 05:00:00,2022-02-08 05:00:00,279.64145,6.491455,ERCO
2022-02-08 06:00:00,2022-02-08 06:00:00,278.91855,5.7685547,ERCO
2022-02-08 07:00:00,2022-02-08 07:00:00,278.25522,5.1052246,ERCO
2022-02-08 08:00:00,2022-02-08 08:00:00,277.64426,4.4942627,ERCO
2022-02-08 09:00:00,2022-02-08 09:00:00,277.09238,3.9423828,ERCO
2022-02-08 10:00:00,2022-02-08 10:00:00,276.59143,3.4414368,ERCO
2022-02-08 11:00:00,2022-02-08 11:00:00,276.16263,3.0126343,ERCO
2022-02-08 12:00:00,2022-02-08 12:00:00,275.75897,2.6089783,ERCO
2022-02-08 13:00:00,2022-02-08 13:00:00,275.39136,2.2413635,ERCO
2022-02-08 14:00:00,2022-02-08 14:00:00,275.3881,2.2380981,ERCO
2022-02-08 15:00:00,2022-02-08 15:00:00,278.1271,4.977112,ERCO
2022-02-08 16:00:00,2022-02-08 16:00:00,280.66638,7.516388,ERCO
2022-02-08 17:00:00,2022-02-08 17:00:00,283.10983,9.959839,ERCO
2022-02-08 18:00:00,2022-02-08 18:00:00,285.14926,11.999268,ERCO
2022-02-08 19:00:00,2022-02-08 19:00:00,286.64273,13.492737,ERCO
2022-02-08 20:00:00,2022-02-08 20:00:00,287.69104,14.541046,ERCO
2022-02-08 21:00:00,2022-02-08 21:00:00,288.40134,15.251343,ERCO
2022-02-08 22:00:00,2022-02-08 22:00:00,288.788,15.6380005,ERCO
2022-02-08 23:00:00,2022-02-08 23:00:00,288.78836,15.638367,ERCO
2022-02-09 00:00:00,2022-02-09 00:00:00,288.0106,14.860596,ERCO
2022-02-09 01:00:00,2022-02-09 01:00:00,286.46445,13.314453,ERCO
2022-02-09 02:00:00,2022-02-09 02:00:00,285.0932,11.943207,ERCO
2022-02-09 03:00:00,2022-02-09 03:00:00,283.89612,10.746124,ERCO
2022-02-09 04:00:00,2022-02-09 04:00:00,282.8398,9.689819,ERCO
2022-02-09 05:00:00,2022-02-09 05:00:00,281.9378,8.787811,ERCO
2022-02-09 06:00:00,2022-02-09 06:00:00,281.1974,8.047394,ERCO
2022-02-09 07:00:00,2022-02-09 07:00:00,280.51465,7.3646545,ERCO
2022-02-09 08:00:00,2022-02-09 08:00:00,279.86783,6.7178345,ERCO
2022-02-09 09:00:00,2022-02-09 09:00:00,279.25818,6.108185,ERCO
2022-02-09 10:00:00,2022-02-09 10:00:00,278.69138,5.541382,ERCO
2022-02-09 11:00:00,2022-02-09 11:00:00,278.16284,5.012848,ERCO
2022-02-09 12:00:00,2022-02-09 12:00:00,277.6675,4.517517,ERCO
2022-02-09 13:00:00,2022-02-09 13:00:00,277.214,4.0639954,ERCO
2022-02-09 14:00:00,2022-02-09 14:00:00,277.11426,3.964264,ERCO
2022-02-09 15:00:00,2022-02-09 15:00:00,279.27527,6.1252747,ERCO
2022-02-09 16:00:00,2022-02-09 16:00:00,281.96457,8.814575,ERCO
2022-02-09 17:00:00,2022-02-09 17:00:00,284.43887,11.288879,ERCO
2022-02-09 18:00:00,2022-02-09 18:00:00,286.51965,13.369659,ERCO
2022-02-09 19:00:00,2022-02-09 19:00:00,288.0886,14.938599,ERCO
2022-02-09 20:00:00,2022-02-09 20:00:00,289.18448,16.034485,ERCO
2022-02-09 21:00:00,2022-02-09 21:00:00,289.88812,16.738129,ERCO
2022-02-09 22:00:00,2022-02-09 22:00:00,290.25204,17.10205,ERCO
2022-02-09 23:00:00,2022-02-09 23:00:00,290.2703,17.1203,ERCO
2022-02-10 00:00:00,2022-02-10 00:00:00,289.61856,16.468567,ERCO
2022-02-10 01:00:00,2022-02-10 01:00:00,288.1756,15.025604,ERCO
2022-02-10 02:00:00,2022-02-10 02:00:00,286.8225,13.672516,ERCO
2022-02-10 03:00:00,2022-02-10 03:00:00,285.62488,12.474884,ERCO
2022-02-10 04:00:00,2022-02-10 04:00:00,284.57465,11.424652,ERCO
2022-02-10 05:00:00,2022-02-10 05:00:00,283.6614,10.511414,ERCO
2022-02-10 06:00:00,2022-02-10 06:00:00,282.86365,9.713654,ERCO
2022-02-10 07:00:00,2022-02-10 07:00:00,282.1238,8.973816,ERCO
2022-02-10 08:00:00,2022-02-10 08:00:00,281.48178,8.331787,ERCO
2022-02-10 09:00:00,2022-02-10 09:00:00,280.93304,7.7830505,ERCO
2022-02-10 10:00:00,2022-02-10 10:00:00,280.43552,7.2855225,ERCO
2022-02-10 11:00:00,2022-02-10 11:00:00,279.9521,6.8020935,ERCO
2022-02-10 12:00:00,2022-02-10 12:00:00,279.48212,6.332123,ERCO
2022-02-10 13:00:00,2022-02-10 13:00:00,279.01273,5.862732,ERCO
2022-02-10 14:00:00,2022-02-10 14:00:00,278.81607,5.6660767,ERCO
2022-02-10 15:00:00,2022-02-10 15:00:00,280.7688,7.618805,ERCO
2022-02-10 16:00:00,2022-02-10 16:00:00,283.35562,10.205627,ERCO
2022-02-10 17:00:00,2022-02-10 17:00:00,285.70703,12.557037,ERCO
2022-02-10 18:00:00,2022-02-10 18:00:00,287.59595,14.445953,ERCO
2022-02-10 19:00:00,2022-02-10 19:00:00,289.0027,15.852692,ERCO
2022-02-10 20:00:00,2022-02-10 20:00:00,289.94424,16.79425,ERCO
2022-02-10 21:00:00,2022-02-10 21:00:00,290.51654,17.366547,ERCO
2022-02-10 22:00:00,2022-02-10 22:00:00,290.8012,17.651215,ERCO
2022-02-10 23:00:00,2022-02-10 23:00:00,290.80597,17.655975,ERCO
2022-02-11 00:00:00,2022-02-11 00:00:00,290.25403,17.104034,ERCO
2022-02-11 01:00:00,2022-02-11 01:00:00,289.04514,15.895142,ERCO
2022-02-11 02:00:00,2022-02-11 02:00:00,287.8522,14.702209,ERCO
2022-02-11 03:00:00,2022-02-11 03:00:00,286.711,13.561005,ERCO
2022-02-11 04:00:00,2022-02-11 04:00:00,285.66348,12.513489,ERCO
2022-02-11 05:00:00,2022-02-11 05:00:00,284.76056,11.610565,ERCO
2022-02-11 06:00:00,2022-02-11 06:00:00,284.0037,10.853699,ERCO
2022-02-11 07:00:00,2022-02-11 07:00:00,283.34003,10.190033,ERCO
2022-02-11 08:00:00,2022-02-11 08:00:00,282.74237,9.592377,ERCO
2022-02-11 09:00:00,2022-02-11 09:00:00,282.22498,9.074982,ERCO
2022-02-11 10:00:00,2022-02-11 10:00:00,281.7821,8.632111,ERCO
2022-02-11 11:00:00,2022-02-11 11:00:00,281.40207,8.252075,ERCO
2022-02-11 12:00:00,2022-02-11 12:00:00,281.0425,7.892517,ERCO
2022-02-11 13:00:00,2022-02-11 13:00:00,280.7317,7.5816956,ERCO
2022-02-11 14:00:00,2022-02-11 14:00:00,280.9586,7.8085938,ERCO
2022-02-11 15:00:00,2022-02-11 15:00:00,283.7459,10.595917,ERCO
2022-02-11 16:00:00,2022-02-11 16:00:00,285.99088,12.840881,ERCO
2022-02-11 17:00:00,2022-02-11 17:00:00,288.12848,14.978485,ERCO
2022-02-11 18:00:00,2022-02-11 18:00:00,289.89807,16.748077,ERCO
2022-02-11 19:00:00,2022-02-11 19:00:00,291.18292,18.032928,ERCO
2022-02-11 20:00:00,2022-02-11 20:00:00,292.0317,18.881714,ERCO
2022-02-11 21:00:00,2022-02-11 21:00:00,292.5271,19.377106,ERCO
2022-02-11 22:00:00,2022-02-11 22:00:00,292.68643,19.536438,ERCO
2022-02-11 23:00:00,2022-02-11 23:00:00,292.40378,19.253784,ERCO
2022-02-12 00:00:00,2022-02-12 00:00:00,291.41098,18.260986,ERCO
2022-02-12 01:00:00,2022-02-12 01:00:00,289.9631,16.81311,ERCO
2022-02-12 02:00:00,2022-02-12 02:00:00,288.7101,15.56012,ERCO
2022-02-12 03:00:00,2022-02-12 03:00:00,287.6005,14.4505005,ERCO
2022-02-12 04:00:00,2022-02-12 04:00:00,286.59714,13.447144,ERCO
2022-02-12 05:00:00,2022-02-12 05:00:00,285.7049,12.554901,ERCO
2022-02-12 06:00:00,2022-02-12 06:00:00,284.936,11.786011,ERCO
2022-02-12 07:00:00,2022-02-12 07:00:00,284.25253,11.102539,ERCO
2022-02-12 08:00:00,2022-02-12 08:00:00,283.62454,10.474548,ERCO
2022-02-12 09:00:00,2022-02-12 09:00:00,283.0373,9.887299,ERCO
2022-02-12 10:00:00,2022-02-12 10:00:00,282.41364,9.263641,ERCO
2022-02-12 11:00:00,2022-02-12 11:00:00,281.76688,8.616882,ERCO
2022-02-12 12:00:00,2022-02-12 12:00:00,281.08453,7.93454,ERCO
2022-02-12 13:00:00,2022-02-12 13:00:00,280.34247,7.1924744,ERCO
2022-02-12 14:00:00,2022-02-12 14:00:00,279.65475,6.5047607,ERCO
2022-02-12 15:00:00,2022-02-12 15:00:00,279.28146,6.1314697,ERCO
2022-02-12 16:00:00,2022-02-12 16:00:00,279.10532,5.9553223,ERCO
2022-02-12 17:00:00,2022-02-12 17:00:00,279.17984,6.029846,ERCO
2022-02-12 18:00:00,2022-02-12 18:00:00,279.45135,6.301361,ERCO
2022-02-12 19:00:00,2022-02-12 19:00:00,279.862,6.7120056,ERCO
2022-02-12 20:00:00,2022-02-12 20:00:00,280.27158,7.121582,ERCO
2022-02-12 21:00:00,2022-02-12 21:00:00,280.60446,7.454468,ERCO
2022-02-12 22:00:00,2022-02-12 22:00:00,280.88742,7.7374268,ERCO
2022-02-12 23:00:00,2022-02-12 23:00:00,280.9966,7.8466187,ERCO
2022-02-13 00:00:00,2022-02-13 00:00:00,280.72296,7.5729675,ERCO
2022-02-13 01:00:00,2022-02-13 01:00:00,280.07025,6.9202576,ERCO
2022-02-13 02:00:00,2022-02-13 02:00:00,279.3553,6.2052917,ERCO
2022-02-13 03:00:00,2022-02-13 03:00:00,278.6242,5.4742126,ERCO
2022-02-13 04:00:00,2022-02-13 04:00:00,277.90863,4.7586365,ERCO
2022-02-13 05:00:00,2022-02-13 05:00:00,277.2599,4.109894,ERCO
2022-02-13 06:00:00,2022-02-13 06:00:00,276.6827,3.5327148,ERCO
2022-02-13 07:00:00,2022-02-13 07:00:00,276.14648,2.9964905,ERCO
2022-02-13 08:00:00,2022-02-13 08:00:00,275.65112,2.5011292,ERCO
2022-02-13 09:00:00,2022-02-13 09:00:00,275.22025,2.0702515,ERCO
2022-02-13 10:00:00,2022-02-13 10:00:00,274.86145,1.7114563,ERCO
2022-02-13 11:00:00,2022-02-13 11:00:00,274.56738,1.4173889,ERCO
2022-02-13 12:00:00,2022-02-13 12:00:00,274.29968,1.1496887,ERCO
2022-02-13 13:00:00,2022-02-13 13:00:00,274.05817,0.9081726,ERCO
2022-02-13 14:00:00,2022-02-13 14:00:00,274.34537,1.1953735,ERCO
2022-02-13 15:00:00,2022-02-13 15:00:00,276.73727,3.5872803,ERCO
2022-02-13 16:00:00,2022-02-13 16:00:00,279.02902,5.8790283,ERCO
2022-02-13 17:00:00,2022-02-13 17:00:00,281.29413,8.1441345,ERCO
2022-02-13 18:00:00,2022-02-13 18:00:00,283.2396,10.0896,ERCO
2022-02-13 19:00:00,2022-02-13 19:00:00,284.79938,11.649384,ERCO
2022-02-13 20:00:00,2022-02-13 20:00:00,285.9706,12.820618,ERCO
2022-02-13 21:00:00,2022-02-13 21:00:00,286.82816,13.678162,ERCO
2022-02-13 22:00:00,2022-02-13 22:00:00,287.38934,14.239349,ERCO
2022-02-13 23:00:00,2022-02-13 23:00:00,287.62927,14.479279,ERCO
2022-02-14 00:00:00,2022-02-14 00:00:00,287.2811,14.1311035,ERCO
2022-02-14 01:00:00,2022-02-14 01:00:00,286.12643,12.97644,ERCO
2022-02-14 02:00:00,2022-02-14 02:00:00,284.92245,11.772461,ERCO
2022-02-14 03:00:00,2022-02-14 03:00:00,283.76962,10.619629,ERCO
2022-02-14 04:00:00,2022-02-14 04:00:00,282.73575,9.585754,ERCO
2022-02-14 05:00:00,2022-02-14 05:00:00,281.83795,8.687958,ERCO
2022-02-14 06:00:00,2022-02-14 06:00:00,281.07327,7.923279,ERCO
2022-02-14 07:00:00,2022-02-14 07:00:00,280.3802,7.230194,ERCO
2022-02-14 08:00:00,2022-02-14 08:00:00,279.75586,6.6058655,ERCO
2022-02-14 09:00:00,2022-02-14 09:00:00,279.2239,6.0739136,ERCO
2022-02-14 10:00:00,2022-02-14 10:00:00,278.74573,5.5957336,ERCO
2022-02-14 11:00:00,2022-02-14 11:00:00,278.30188,5.151886,ERCO
2022-02-14 12:00:00,2022-02-14 12:00:00,277.8831,4.7330933,ERCO
2022-02-14 13:00:00,2022-02-14 13:00:00,277.50223,4.352234,ERCO
2022-02-14 14:00:00,2022-02-14 14:00:00,277.63855,4.488556,ERCO
2022-02-14 15:00:00,2022-02-14 15:00:00,280.39398,7.243988,ERCO
2022-02-14 16:00:00,2022-02-14 16:00:00,282.7641,9.614105,ERCO
2022-02-14 17:00:00,2022-02-14 17:00:00,285.1442,11.994202,ERCO
2022-02-14 18:00:00,2022-02-14 18:00:00,287.18185,14.03186,ERCO
2022-02-14 19:00:00,2022-02-14 19:00:00,288.7213,15.57132,ERCO
2022-02-14 20:00:00,2022-02-14 20:00:00,289.80783,16.657837,ERCO
2022-02-14 21:00:00,2022-02-14 21:00:00,290.5209,17.37091,ERCO
2022-02-14 22:00:00,2022-02-14 22:00:00,290.87802,17.728027,ERCO
2022-02-14 23:00:00,2022-02-14 23:00:00,290.82242,17.672424,ERCO
2022-02-15 00:00:00,2022-02-15 00:00:00,290.01993,16.869934,ERCO
2022-02-15 01:00:00,2022-02-15 01:00:00,288.48007,15.330078,ERCO
2022-02-15 02:00:00,2022-02-15 02:00:00,287.07364,13.923645,ERCO
2022-02-15 03:00:00,2022-02-15 03:00:00,285.82,12.670013,ERCO
2022-02-15 04:00:00,2022-02-15 04:00:00,284.74118,11.591187,ERCO
2022-02-15 05:00:00,2022-02-15 05:00:00,283.8008,10.650818,ERCO
2022-02-15 06:00:00,2022-02-15 06:00:00,283.0034,9.853394,ERCO
2022-02-15 07:00:00,2022-02-15 07:00:00,282.31372,9.163727,ERCO
2022-02-15 08:00:00,2022-02-15 08:00:00,281.69684,8.5468445,ERCO
2022-02-15 09:00:00,2022-02-15 09:00:00,281.17984,8.029846,ERCO
2022-02-15 10:00:00,2022-02-15 10:00:00,280.77527,7.6252747,ERCO
2022-02-15 11:00:00,2022-02-15 11:00:00,280.46948,7.3194885,ERCO
2022-02-15 12:00:00,2022-02-15 12:00:00,280.2533,7.103302,ERCO
2022-02-15 13:00:00,2022-02-15 13:00:00,280.12604,6.9760437,ERCO
2022-02-15 14:00:00,2022-02-15 14:00:00,280.45425,7.3042603,ERCO
2022-02-15 15:00:00,2022-02-15 15:00:00,282.30548,9.155487,ERCO
2022-02-15 16:00:00,2022-02-15 16:00:00,284.22583,11.075836,ERCO
2022-02-15 17:00:00,2022-02-15 17:00:00,286.5476,13.397614,ERCO
2022-02-15 18:00:00,2022-02-15 18:00:00,288.71942,15.5694275,ERCO
2022-02-15 19:00:00,2022-02-15 19:00:00,290.42587,17.275879,ERCO
2022-02-15 20:00:00,2022-02-15 20:00:00,291.64658,18.496582,ERCO
2022-02-15 21:00:00,2022-02-15 21:00:00,292.47092,19.320923,ERCO
2022-02-15 22:00:00,2022-02-15 22:00:00,292.90182,19.751831,ERCO
2022-02-15 23:00:00,2022-02-15 23:00:00,292.86398,19.71399,ERCO
2022-02-16 00:00:00,2022-02-16 00:00:00,292.12323,18.973236,ERCO
2022-02-16 01:00:00,2022-02-16 01:00:00,290.84836,17.698364,ERCO
2022-02-16 02:00:00,2022-02-16 02:00:00,289.72134,16.57135,ERCO
2022-02-16 03:00:00,2022-02-16 03:00:00,288.71884,15.568848,ERCO
2022-02-16 04:00:00,2022-02-16 04:00:00,287.86765,14.717651,ERCO
2022-02-16 05:00:00,2022-02-16 05:00:00,287.19446,14.044464,ERCO
2022-02-16 06:00:00,2022-02-16 06:00:00,286.7427,13.592712,ERCO
2022-02-16 07:00:00,2022-02-16 07:00:00,286.46298,13.312988,ERCO
2022-02-16 08:00:00,2022-02-16 08:00:00,286.24792,13.097931,ERCO
2022-02-16 09:00:00,2022-02-16 09:00:00,286.10397,12.9539795,ERCO
2022-02-16 10:00:00,2022-02-16 10:00:00,286.0069,12.856903,ERCO
2022-02-16 11:00:00,2022-02-16 11:00:00,285.95807,12.808075,ERCO
2022-02-16 12:00:00,2022-02-16 12:00:00,285.91766,12.76767,ERCO
2022-02-16 13:00:00,2022-02-16 13:00:00,285.88428,12.734283,ERCO
2022-02-16 14:00:00,2022-02-16 14:00:00,286.10205,12.952057,ERCO
2022-02-16 15:00:00,2022-02-16 15:00:00,287.37054,14.220551,ERCO
2022-02-16 16:00:00,2022-02-16 16:00:00,288.69867,15.548676,ERCO
2022-02-16 17:00:00,2022-02-16 17:00:00,290.13235,16.98236,ERCO
2022-02-16 18:00:00,2022-02-16 18:00:00,291.52454,18.374542,ERCO
2022-02-16 19:00:00,2022-02-16 19:00:00,292.75296,19.602966,ERCO
2022-02-16 20:00:00,2022-02-16 20:00:00,293.70938,20.559387,ERCO
2022-02-16 21:00:00,2022-02-16 21:00:00,294.40167,21.251678,ERCO
2022-02-16 22:00:00,2022-02-16 22:00:00,294.7764,21.626404,ERCO
2022-02-16 23:00:00,2022-02-16 23:00:00,294.7738,21.62381,ERCO
2022-02-17 00:00:00,2022-02-17 00:00:00,294.1789,21.0289,ERCO
2022-02-17 01:00:00,2022-02-17 01:00:00,293.06097,19.91098,ERCO
2022-02-17 02:00:00,2022-02-17 02:00:00,292.111,18.960999,ERCO
2022-02-17 03:00:00,2022-02-17 03:00:00,291.3203,18.170319,ERCO
2022-02-17 04:00:00,2022-02-17 04:00:00,290.65662,17.506622,ERCO
2022-02-17 05:00:00,2022-02-17 05:00:00,290.08963,16.939636,ERCO
2022-02-17 06:00:00,2022-02-17 06:00:00,289.59167,16.44168,ERCO
2022-02-17 07:00:00,2022-02-17 07:00:00,289.1319,15.981903,ERCO
2022-02-17 08:00:00,2022-02-17 08:00:00,288.7428,15.592804,ERCO
2022-02-17 09:00:00,2022-02-17 09:00:00,288.2678,15.117798,ERCO
2022-02-17 10:00:00,2022-02-17 10:00:00,287.6393,14.489319,ERCO
2022-02-17 11:00:00,2022-02-17 11:00:00,286.93298,13.7829895,ERCO
2022-02-17 12:00:00,2022-02-17 12:00:00,286.15338,13.003387,ERCO
2022-02-17 13:00:00,2022-02-17 13:00:00,285.29913,12.149139,ERCO
2022-02-17 14:00:00,2022-02-17 14:00:00,284.70908,11.559082,ERCO
2022-02-17 15:00:00,2022-02-17 15:00:00,285.0082,11.858215,ERCO
2022-02-17 16:00:00,2022-02-17 16:00:00,285.1019,11.951904,ERCO
2022-02-17 17:00:00,2022-02-17 17:00:00,285.16394,12.013947,ERCO
2022-02-17 18:00:00,2022-02-17 18:00:00,285.21152,12.061523,ERCO
2022-02-17 19:00:00,2022-02-17 19:00:00,285.24872,12.098724,ERCO
2022-02-17 20:00:00,2022-02-17 20:00:00,285.1988,12.048798,ERCO
2022-02-17 21:00:00,2022-02-17 21:00:00,285.0219,11.871918,ERCO
2022-02-17 22:00:00,2022-02-17 22:00:00,284.64523,11.495239,ERCO
2022-02-17 23:00:00,2022-02-17 23:00:00,283.98297,10.832977,ERCO
2022-02-18 00:00:00,2022-02-18 00:00:00,282.9199,9.769897,ERCO
2022-02-18 01:00:00,2022-02-18 01:00:00,281.66818,8.518188,ERCO
2022-02-18 02:00:00,2022-02-18 02:00:00,280.53635,7.3863525,ERCO
2022-02-18 03:00:00,2022-02-18 03:00:00,279.48984,6.3398438,ERCO
2022-02-18 04:00:00,2022-02-18 04:00:00,278.4913,5.3413086,ERCO
2022-02-18 05:00:00,2022-02-18 05:00:00,277.5683,4.4183044,ERCO
2022-02-18 06:00:00,2022-02-18 06:00:00,276.73114,3.5811462,ERCO
2022-02-18 07:00:00,2022-02-18 07:00:00,275.9666,2.8166199,ERCO
2022-02-18 08:00:00,2022-02-18 08:00:00,275.27243,2.1224365,ERCO
2022-02-18 09:00:00,2022-02-18 09:00:00,274.6585,1.5085144,ERCO
2022-02-18 10:00:00,2022-02-18 10:00:00,274.1074,0.95739746,ERCO
2022-02-18 11:00:00,2022-02-18 11:00:00,273.62155,0.47155762,ERCO
2022-02-18 12:00:00,2022-02-18 12:00:00,273.1893,0.03930664,ERCO
2022-02-18 13:00:00,2022-02-18 13:00:00,272.81204,-0.33795166,ERCO
2022-02-18 14:00:00,2022-02-18 14:00:00,272.87485,-0.27514648,ERCO
2022-02-18 15:00:00,2022-02-18 15:00:00,274.0772,0.9272156,ERCO
2022-02-18 16:00:00,2022-02-18 16:00:00,275.61316,2.4631653,ERCO
2022-02-18 17:00:00,2022-02-18 17:00:00,277.33664,4.1866455,ERCO
2022-02-18 18:00:00,2022-02-18 18:00:00,279.07547,5.925476,ERCO
2022-02-18 19:00:00,2022-02-18 19:00:00,280.68616,7.5361633,ERCO
2022-02-18 20:00:00,2022-02-18 20:00:00,282.05994,8.909943,ERCO
2022-02-18 21:00:00,2022-02-18 21:00:00,283.1643,10.014313,ERCO
2022-02-18 22:00:00,2022-02-18 22:00:00,283.9201,10.770111,ERCO
2022-02-18 23:00:00,2022-02-18 23:00:00,284.30212,11.15213,ERCO
2022-02-19 00:00:00,2022-02-19 00:00:00,284.18466,11.034668,ERCO
2022-02-19 01:00:00,2022-02-19 01:00:00,283.47147,10.321472,ERCO
2022-02-19 02:00:00,2022-02-19 02:00:00,282.60547,9.455475,ERCO
2022-02-19 03:00:00,2022-02-19 03:00:00,281.67807,8.528076,ERCO
2022-02-19 04:00:00,2022-02-19 04:00:00,280.78384,7.63385,ERCO
2022-02-19 05:00:00,2022-02-19 05:00:00,279.98282,6.8328247,ERCO
2022-02-19 06:00:00,2022-02-19 06:00:00,279.27386,6.123871,ERCO
2022-02-19 07:00:00,2022-02-19 07:00:00,278.63858,5.4885864,ERCO
2022-02-19 08:00:00,2022-02-19 08:00:00,278.05988,4.9098816,ERCO
2022-02-19 09:00:00,2022-02-19 09:00:00,277.54556,4.395569,ERCO
2022-02-19 10:00:00,2022-02-19 10:00:00,277.09708,3.9470825,ERCO
2022-02-19 11:00:00,2022-02-19 11:00:00,276.70718,3.55719,ERCO
2022-02-19 12:00:00,2022-02-19 12:00:00,276.34665,3.1966553,ERCO
2022-02-19 13:00:00,2022-02-19 13:00:00,276.01474,2.864746,ERCO
2022-02-19 14:00:00,2022-02-19 14:00:00,276.2206,3.0706177,ERCO
2022-02-19 15:00:00,2022-02-19 15:00:00,278.53748,5.3874817,ERCO
2022-02-19 16:00:00,2022-02-19 16:00:00,280.97794,7.827942,ERCO
2022-02-19 17:00:00,2022-02-19 17:00:00,283.24316,10.09317,ERCO
2022-02-19 18:00:00,2022-02-19 18:00:00,285.11368,11.963684,ERCO
2022-02-19 19:00:00,2022-02-19 19:00:00,286.55743,13.40744,ERCO
2022-02-19 20:00:00,2022-02-19 20:00:00,287.57126,14.421265,ERCO
2022-02-19 21:00:00,2022-02-19 21:00:00,288.25726,15.107269,ERCO
2022-02-19 22:00:00,2022-02-19 22:00:00,288.63547,15.485474,ERCO
2022-02-19 23:00:00,2022-02-19 23:00:00,288.68088,15.530884,ERCO
2022-02-20 00:00:00,2022-02-20 00:00:00,288.1844,15.034393,ERCO
2022-02-20 01:00:00,2022-02-20 01:00:00,287.0237,13.873718,ERCO
2022-02-20 02:00:00,2022-02-20 02:00:00,285.85794,12.707947,ERCO
2022-02-20 03:00:00,2022-02-20 03:00:00,284.6731,11.523102,ERCO
2022-02-20 04:00:00,2022-02-20 04:00:00,283.58533,10.435333,ERCO
2022-02-20 05:00:00,2022-02-20 05:00:00,282.64087,9.490875,ERCO
2022-02-20 06:00:00,2022-02-20 06:00:00,281.83926,8.68927,ERCO
2022-02-20 07:00:00,2022-02-20 07:00:00,281.15018,8.000183,ERCO
2022-02-20 08:00:00,2022-02-20 08:00:00,280.54218,7.3921814,ERCO
2022-02-20 09:00:00,2022-02-20 09:00:00,280.0153,6.8652954,ERCO
2022-02-20 10:00:00,2022-02-20 10:00:00,279.5734,6.423401,ERCO
2022-02-20 11:00:00,2022-02-20 11:00:00,279.20346,6.053467,ERCO
2022-02-20 12:00:00,2022-02-20 12:00:00,278.8856,5.7355957,ERCO
2022-02-20 13:00:00,2022-02-20 13:00:00,278.64175,5.4917603,ERCO
2022-02-20 14:00:00,2022-02-20 14:00:00,279.2296,6.0796204,ERCO
2022-02-20 15:00:00,2022-02-20 15:00:00,281.96088,8.810883,ERCO
2022-02-20 16:00:00,2022-02-20 16:00:00,284.2709,11.120911,ERCO
2022-02-20 17:00:00,2022-02-20 17:00:00,286.5644,13.414398,ERCO
2022-02-20 18:00:00,2022-02-20 18:00:00,288.60605,15.456055,ERCO
2022-02-20 19:00:00,2022-02-20 19:00:00,290.31772,17.167725,ERCO
2022-02-20 20:00:00,2022-02-20 20:00:00,291.62265,18.472656,ERCO
2022-02-20 21:00:00,2022-02-20 21:00:00,292.56433,19.414337,ERCO
2022-02-20 22:00:00,2022-02-20 22:00:00,293.12494,19.974945,ERCO
2022-02-20 23:00:00,2022-02-20 23:00:00,293.2567,20.10672,ERCO
2022-02-21 00:00:00,2022-02-21 00:00:00,292.74158,19.591583,ERCO
2022-02-21 01:00:00,2022-02-21 01:00:00,291.60754,18.45755,ERCO
2022-02-21 02:00:00,2022-02-21 02:00:00,290.59232,17.442322,ERCO
2022-02-21 03:00:00,2022-02-21 03:00:00,289.70303,16.55304,ERCO
2022-02-21 04:00:00,2022-02-21 04:00:00,288.93558,15.7855835,ERCO
2022-02-21 05:00:00,2022-02-21 05:00:00,288.29492,15.144928,ERCO
2022-02-21 06:00:00,2022-02-21 06:00:00,287.85492,14.704926,ERCO
2022-02-21 07:00:00,2022-02-21 07:00:00,287.55447,14.40448,ERCO
2022-02-21 08:00:00,2022-02-21 08:00:00,287.36862,14.218628,ERCO
2022-02-21 09:00:00,2022-02-21 09:00:00,287.23462,14.084625,ERCO
2022-02-21 10:00:00,2022-02-21 10:00:00,287.14893,13.998932,ERCO
2022-02-21 11:00:00,2022-02-21 11:00:00,287.1212,13.971191,ERCO
2022-02-21 12:00:00,2022-02-21 12:00:00,287.13556,13.985565,ERCO
2022-02-21 13:00:00,2022-02-21 13:00:00,287.16083,14.010834,ERCO
2022-02-21 14:00:00,2022-02-21 14:00:00,287.43347,14.283478,ERCO
2022-02-21 15:00:00,2022-02-21 15:00:00,288.71063,15.560638,ERCO
2022-02-21 16:00:00,2022-02-21 16:00:00,290.21857,17.068573,ERCO
2022-02-21 17:00:00,2022-02-21 17:00:00,292.0747,18.924713,ERCO
2022-02-21 18:00:00,2022-02-21 18:00:00,294.0067,20.85672,ERCO
2022-02-21 19:00:00,2022-02-21 19:00:00,295.7307,22.580719,ERCO
2022-02-21 20:00:00,2022-02-21 20:00:00,297.04892,23.898926,ERCO
2022-02-21 21:00:00,2022-02-21 21:00:00,297.9146,24.764618,ERCO
2022-02-21 22:00:00,2022-02-21 22:00:00,298.3309,25.180908,ERCO
2022-02-21 23:00:00,2022-02-21 23:00:00,298.1873,25.037292,ERCO
2022-02-22 00:00:00,2022-02-22 00:00:00,297.2467,24.09671,ERCO
2022-02-22 01:00:00,2022-02-22 01:00:00,295.9359,22.78592,ERCO
2022-02-22 02:00:00,2022-02-22 02:00:00,294.77173,21.621735,ERCO
2022-02-22 03:00:00,2022-02-22 03:00:00,293.82498,20.674988,ERCO
2022-02-22 04:00:00,2022-02-22 04:00:00,293.06232,19.912323,ERCO
2022-02-22 05:00:00,2022-02-22 05:00:00,292.4273,19.277313,ERCO
2022-02-22 06:00:00,2022-02-22 06:00:00,291.91437,18.764374,ERCO
2022-02-22 07:00:00,2022-02-22 07:00:00,291.4127,18.262695,ERCO
2022-02-22 08:00:00,2022-02-22 08:00:00,290.8571,17.707092,ERCO
2022-02-22 09:00:00,2022-02-22 09:00:00,290.26453,17.114532,ERCO
2022-02-22 10:00:00,2022-02-22 10:00:00,289.65866,16.508667,ERCO
2022-02-22 11:00:00,2022-02-22 11:00:00,289.022,15.872009,ERCO
2022-02-22 12:00:00,2022-02-22 12:00:00,288.3515,15.201508,ERCO
2022-02-22 13:00:00,2022-02-22 13:00:00,287.66183,14.511841,ERCO
2022-02-22 14:00:00,2022-02-22 14:00:00,287.35474,14.204742,ERCO
2022-02-22 15:00:00,2022-02-22 15:00:00,288.33,15.179993,ERCO
2022-02-22 16:00:00,2022-02-22 16:00:00,289.34973,16.199738,ERCO
2022-02-22 17:00:00,2022-02-22 17:00:00,290.36386,17.213867,ERCO
2022-02-22 18:00:00,2022-02-22 18:00:00,291.32617,18.176178,ERCO
2022-02-22 19:00:00,2022-02-22 19:00:00,292.18488,19.034882,ERCO
2022-02-22 20:00:00,2022-02-22 20:00:00,292.86734,19.717346,ERCO
2022-02-22 21:00:00,2022-02-22 21:00:00,293.3299,20.179901,ERCO
2022-02-22 22:00:00,2022-02-22 22:00:00,293.48138,20.33139,ERCO
2022-02-22 23:00:00,2022-02-22 23:00:00,293.22778,20.07779,ERCO
2022-02-23 00:00:00,2022-02-23 00:00:00,292.41852,19.268524,ERCO
2022-02-23 01:00:00,2022-02-23 01:00:00,291.0539,17.9039,ERCO
2022-02-23 02:00:00,2022-02-23 02:00:00,289.68768,16.53769,ERCO
2022-02-23 03:00:00,2022-02-23 03:00:00,288.3749,15.224915,ERCO
2022-02-23 04:00:00,2022-02-23 04:00:00,287.13055,13.98056,ERCO
2022-02-23 05:00:00,2022-02-23 05:00:00,285.97775,12.827759,ERCO
2022-02-23 06:00:00,2022-02-23 06:00:00,284.90778,11.757782,ERCO
2022-02-23 07:00:00,2022-02-23 07:00:00,283.87674,10.726746,ERCO
2022-02-23 08:00:00,2022-02-23 08:00:00,282.88962,9.739624,ERCO
2022-02-23 09:00:00,2022-02-23 09:00:00,281.96124,8.811249,ERCO
2022-02-23 10:00:00,2022-02-23 10:00:00,281.09583,7.9458313,ERCO
2022-02-23 11:00:00,2022-02-23 11:00:00,280.27844,7.1284485,ERCO
2022-02-23 12:00:00,2022-02-23 12:00:00,279.4692,6.319214,ERCO
2022-02-23 13:00:00,2022-02-23 13:00:00,278.68646,5.5364685,ERCO
2022-02-23 14:00:00,2022-02-23 14:00:00,277.9954,4.845398,ERCO
2022-02-23 15:00:00,2022-02-23 15:00:00,277.42358,4.27359,ERCO
2022-02-23 16:00:00,2022-02-23 16:00:00,276.9394,3.7893982,ERCO
2022-02-23 17:00:00,2022-02-23 17:00:00,276.56067,3.410675,ERCO
2022-02-23 18:00:00,2022-02-23 18:00:00,276.2837,3.1336975,ERCO
2022-02-23 19:00:00,2022-02-23 19:00:00,276.0722,2.9222107,ERCO
2022-02-23 20:00:00,2022-02-23 20:00:00,275.86105,2.7110596,ERCO
2022-02-23 21:00:00,2022-02-23 21:00:00,275.63745,2.4874573,ERCO
2022-02-23 22:00:00,2022-02-23 22:00:00,275.38263,2.2326355,ERCO
2022-02-23 23:00:00,2022-02-23 23:00:00,275.07434,1.9243469,ERCO
2022-02-24 00:00:00,2022-02-24 00:00:00,274.68497,1.5349731,ERCO
2022-02-24 01:00:00,2022-02-24 01:00:00,274.30255,1.1525574,ERCO
2022-02-24 02:00:00,2022-02-24 02:00:00,274.00732,0.8573303,ERCO
2022-02-24 03:00:00,2022-02-24 03:00:00,273.75974,0.6097412,ERCO
2022-02-24 04:00:00,2022-02-24 04:00:00,273.56064,0.41064453,ERCO
2022-02-24 05:00:00,2022-02-24 05:00:00,273.40814,0.2581482,ERCO
2022-02-24 06:00:00,2022-02-24 06:00:00,273.31775,0.16775513,ERCO
2022-02-24 07:00:00,2022-02-24 07:00:00,273.2606,0.1105957,ERCO
2022-02-24 08:00:00,2022-02-24 08:00:00,273.21588,0.06588745,ERCO
2022-02-24 09:00:00,2022-02-24 09:00:00,273.1877,0.037719727,ERCO
2022-02-24 10:00:00,2022-02-24 10:00:00,273.17856,0.028564453,ERCO
2022-02-24 11:00:00,2022-02-24 11:00:00,273.1891,0.039093018,ERCO
2022-02-24 12:00:00,2022-02-24 12:00:00,273.1872,0.037200928,ERCO
2022-02-24 13:00:00,2022-02-24 13:00:00,273.19196,0.04196167,ERCO
2022-02-24 14:00:00,2022-02-24 14:00:00,273.27634,0.12634277,ERCO
2022-02-24 15:00:00,2022-02-24 15:00:00,273.50037,0.3503723,ERCO
2022-02-24 16:00:00,2022-02-24 16:00:00,273.88345,0.7334595,ERCO
2022-02-24 17:00:00,2022-02-24 17:00:00,274.484,1.3340149,ERCO
2022-02-24 18:00:00,2022-02-24 18:00:00,275.30426,2.1542664,ERCO
2022-02-24 19:00:00,2022-02-24 19:00:00,276.24966,3.0996704,ERCO
2022-02-24 20:00:00,2022-02-24 20:00:00,277.1316,3.981598,ERCO
2022-02-24 21:00:00,2022-02-24 21:00:00,277.90338,4.7533875,ERCO
2022-02-24 22:00:00,2022-02-24 22:00:00,278.4909,5.340912,ERCO
2022-02-24 23:00:00,2022-02-24 23:00:00,278.82147,5.6714783,ERCO
2022-02-25 00:00:00,2022-02-25 00:00:00,278.76144,5.61145,ERCO
2022-02-25 01:00:00,2022-02-25 01:00:00,278.25092,5.1009216,ERCO
2022-02-25 02:00:00,2022-02-25 02:00:00,277.6517,4.501709,ERCO
2022-02-25 03:00:00,2022-02-25 03:00:00,277.01068,3.8606873,ERCO
2022-02-25 04:00:00,2022-02-25 04:00:00,276.32727,3.1772766,ERCO
2022-02-25 05:00:00,2022-02-25 05:00:00,275.65057,2.5005798,ERCO
2022-02-25 06:00:00,2022-02-25 06:00:00,275.0468,1.8968201,ERCO
2022-02-25 07:00:00,2022-02-25 07:00:00,274.4834,1.3334045,ERCO
2022-02-25 08:00:00,2022-02-25 08:00:00,273.95398,0.8039856,ERCO
2022-02-25 09:00:00,2022-02-25 09:00:00,273.49405,0.34405518,ERCO
2022-02-25 10:00:00,2022-02-25 10:00:00,273.07864,-0.0713501,ERCO
2022-02-25 11:00:00,2022-02-25 11:00:00,272.71405,-0.4359436,ERCO
2022-02-25 12:00:00,2022-02-25 12:00:00,272.38397,-0.7660217,ERCO
2022-02-25 13:00:00,2022-02-25 13:00:00,272.07684,-1.0731506,ERCO
2022-02-25 14:00:00,2022-02-25 14:00:00,272.04382,-1.1061707,ERCO
2022-02-25 15:00:00,2022-02-25 15:00:00,272.46368,-0.6863098,ERCO
2022-02-25 16:00:00,2022-02-25 16:00:00,273.14114,-0.008850098,ERCO
2022-02-25 17:00:00,2022-02-25 17:00:00,273.92557,0.77557373,ERCO
2022-02-25 18:00:00,2022-02-25 18:00:00,274.72137,1.5713806,ERCO
2022-02-25 19:00:00,2022-02-25 19:00:00,275.43686,2.2868652,ERCO
2022-02-25 20:00:00,2022-02-25 20:00:00,276.02887,2.8788757,ERCO
2022-02-25 21:00:00,2022-02-25 21:00:00,276.48367,3.3336792,ERCO
2022-02-25 22:00:00,2022-02-25 22:00:00,276.73715,3.5871582,ERCO
2022-02-25 23:00:00,2022-02-25 23:00:00,276.79575,3.645752,ERCO
2022-02-26 00:00:00,2022-02-26 00:00:00,276.64636,3.4963684,ERCO
2022-02-26 01:00:00,2022-02-26 01:00:00,276.3917,3.2416992,ERCO
2022-02-26 02:00:00,2022-02-26 02:00:00,276.2,3.0500183,ERCO
2022-02-26 03:00:00,2022-02-26 03:00:00,276.0196,2.8695984,ERCO
2022-02-26 04:00:00,2022-02-26 04:00:00,275.8208,2.670807,ERCO
2022-02-26 05:00:00,2022-02-26 05:00:00,275.6375,2.4875183,ERCO
2022-02-26 06:00:00,2022-02-26 06:00:00,275.49347,2.3434753,ERCO
2022-02-26 07:00:00,2022-02-26 07:00:00,275.36996,2.2199707,ERCO
2022-02-26 08:00:00,2022-02-26 08:00:00,275.2543,2.104309,ERCO
2022-02-26 09:00:00,2022-02-26 09:00:00,275.15802,2.0080261,ERCO
2022-02-26 10:00:00,2022-02-26 10:00:00,275.08713,1.9371338,ERCO
2022-02-26 11:00:00,2022-02-26 11:00:00,275.03278,1.882782,ERCO
2022-02-26 12:00:00,2022-02-26 12:00:00,274.96844,1.8184509,ERCO
2022-02-26 13:00:00,2022-02-26 13:00:00,274.91748,1.7674866,ERCO
2022-02-26 14:00:00,2022-02-26 14:00:00,274.94653,1.7965393,ERCO
2022-02-26 15:00:00,2022-02-26 15:00:00,275.12665,1.976654,ERCO
2022-02-26 16:00:00,2022-02-26 16:00:00,275.3972,2.2471924,ERCO
2022-02-26 17:00:00,2022-02-26 17:00:00,275.73312,2.58313,ERCO
2022-02-26 18:00:00,2022-02-26 18:00:00,276.12393,2.973938,ERCO
2022-02-26 19:00:00,2022-02-26 19:00:00,276.5269,3.376892,ERCO
2022-02-26 20:00:00,2022-02-26 20:00:00,276.88748,3.7374878,ERCO
2022-02-26 21:00:00,2022-02-26 21:00:00,277.19644,4.0464478,ERCO
2022-02-26 22:00:00,2022-02-26 22:00:00,277.40933,4.2593384,ERCO
2022-02-26 23:00:00,2022-02-26 23:00:00,277.49524,4.3452454,ERCO
2022-02-27 00:00:00,2022-02-27 00:00:00,277.40784,4.257843,ERCO
2022-02-27 01:00:00,2022-02-27 01:00:00,277.21616,4.066162,ERCO
2022-02-27 02:00:00,2022-02-27 02:00:00,277.0337,3.8836975,ERCO
2022-02-27 03:00:00,2022-02-27 03:00:00,276.82916,3.6791687,ERCO
2022-02-27 04:00:00,2022-02-27 04:00:00,276.62067,3.4706726,ERCO
2022-02-27 05:00:00,2022-02-27 05:00:00,276.40338,3.2533875,ERCO
2022-02-27 06:00:00,2022-02-27 06:00:00,276.18933,3.0393372,ERCO
2022-02-27 07:00:00,2022-02-27 07:00:00,275.9592,2.809204,ERCO
2022-02-27 08:00:00,2022-02-27 08:00:00,275.7071,2.5570984,ERCO
2022-02-27 09:00:00,2022-02-27 09:00:00,275.44476,2.2947693,ERCO
2022-02-27 10:00:00,2022-02-27 10:00:00,275.18442,2.0344238,ERCO
2022-02-27 11:00:00,2022-02-27 11:00:00,274.923,1.7730103,ERCO
2022-02-27 12:00:00,2022-02-27 12:00:00,274.63422,1.4842224,ERCO
2022-02-27 13:00:00,2022-02-27 13:00:00,274.3306,1.180603,ERCO
2022-02-27 14:00:00,2022-02-27 14:00:00,274.70096,1.5509644,ERCO
2022-02-27 15:00:00,2022-02-27 15:00:00,276.0683,2.9183044,ERCO
2022-02-27 16:00:00,2022-02-27 16:00:00,277.6922,4.542206,ERCO
2022-02-27 17:00:00,2022-02-27 17:00:00,279.26395,6.1139526,ERCO
2022-02-27 18:00:00,2022-02-27 18:00:00,280.67642,7.526428,ERCO
2022-02-27 19:00:00,2022-02-27 19:00:00,281.99487,8.844879,ERCO
2022-02-27 20:00:00,2022-02-27 20:00:00,283.15604,10.0060425,ERCO
2022-02-27 21:00:00,2022-02-27 21:00:00,284.09872,10.94873,ERCO
2022-02-27 22:00:00,2022-02-27 22:00:00,284.7642,11.614197,ERCO
2022-02-27 23:00:00,2022-02-27 23:00:00,285.07504,11.925049,ERCO
2022-02-28 00:00:00,2022-02-28 00:00:00,284.8537,11.703705,ERCO
2022-02-28 01:00:00,2022-02-28 01:00:00,283.84195,10.691956,ERCO
2022-02-28 02:00:00,2022-02-28 02:00:00,282.72693,9.576935,ERCO
2022-02-28 03:00:00,2022-02-28 03:00:00,281.6563,8.506317,ERCO
2022-02-28 04:00:00,2022-02-28 04:00:00,280.6652,7.5151978,ERCO
2022-02-28 05:00:00,2022-02-28 05:00:00,279.78693,6.6369324,ERCO
2022-02-28 06:00:00,2022-02-28 06:00:00,279.0054,5.8554077,ERCO
2022-02-28 07:00:00,2022-02-28 07:00:00,278.28464,5.1346436,ERCO
2022-02-28 08:00:00,2022-02-28 08:00:00,277.6069,4.456909,ERCO
2022-02-28 09:00:00,2022-02-28 09:00:00,276.97562,3.8256226,ERCO
2022-02-28 10:00:00,2022-02-28 10:00:00,276.3951,3.2451172,ERCO
2022-02-28 11:00:00,2022-02-28 11:00:00,275.8894,2.7394104,ERCO
2022-02-28 12:00:00,2022-02-28 12:00:00,275.4246,2.2745972,ERCO
2022-02-28 13:00:00,2022-02-28 13:00:00,275.0001,1.8500977,ERCO
2022-02-28 14:00:00,2022-02-28 14:00:00,275.4509,2.3009033,ERCO
2022-02-28 15:00:00,2022-02-28 15:00:00,278.38892,5.238922,ERCO
2022-02-28 16:00:00,2022-02-28 16:00:00,281.11005,7.9600525,ERCO
2022-02-28 17:00:00,2022-02-28 17:00:00,283.596,10.446014,ERCO
2022-02-28 18:00:00,2022-02-28 18:00:00,285.4487,12.298706,ERCO
2022-02-28 19:00:00,2022-02-28 19:00:00,286.86475,13.714752,ERCO
2022-02-28 20:00:00,2022-02-28 20:00:00,287.9429,14.792908,ERCO
2022-02-28 21:00:00,2022-02-28 21:00:00,288.73596,15.585968,ERCO
2022-02-28 22:00:00,2022-02-28 22:00:00,289.246,16.096008,ERCO
2022-02-28 23:00:00,2022-02-28 23:00:00,289.39844,16.248444,ERCO
2022-03-01 00:00:00,2022-03-01 00:00:00,289.02612,15.876129,ERCO
2022-03-01 01:00:00,2022-03-01 01:00:00,287.78928,14.639282,ERCO
2022-03-01 02:00:00,2022-03-01 02:00:00,286.44,13.290009,ERCO
2022-03-01 03:00:00,2022-03-01 03:00:00,285.1973,12.047302,ERCO
2022-03-01 04:00:00,2022-03-01 04:00:00,284.0958,10.945801,ERCO
2022-03-01 05:00:00,2022-03-01 05:00:00,283.1419,9.991913,ERCO
2022-03-01 06:00:00,2022-03-01 06:00:00,282.3101,9.160095,ERCO
2022-03-01 07:00:00,2022-03-01 07:00:00,281.56357,8.413574,ERCO
2022-03-01 08:00:00,2022-03-01 08:00:00,280.87448,7.7244873,ERCO
2022-03-01 09:00:00,2022-03-01 09:00:00,280.23987,7.0898743,ERCO
2022-03-01 10:00:00,2022-03-01 10:00:00,279.65143,6.5014343,ERCO
2022-03-01 11:00:00,2022-03-01 11:00:00,279.11847,5.9684753,ERCO
2022-03-01 12:00:00,2022-03-01 12:00:00,278.62402,5.4740295,ERCO
2022-03-01 13:00:00,2022-03-01 13:00:00,278.15198,5.0019836,ERCO
2022-03-01 14:00:00,2022-03-01 14:00:00,278.4052,5.2552185,ERCO
2022-03-01 15:00:00,2022-03-01 15:00:00,281.3858,8.235809,ERCO
2022-03-01 16:00:00,2022-03-01 16:00:00,284.04114,10.891144,ERCO
2022-03-01 17:00:00,2022-03-01 17:00:00,286.57092,13.420929,ERCO
2022-03-01 18:00:00,2022-03-01 18:00:00,288.56827,15.418274,ERCO
2022-03-01 19:00:00,2022-03-01 19:00:00,290.04932,16.899323,ERCO
2022-03-01 20:00:00,2022-03-01 20:00:00,291.0909,17.940918,ERCO
2022-03-01 21:00:00,2022-03-01 21:00:00,291.78058,18.630585,ERCO
2022-03-01 22:00:00,2022-03-01 22:00:00,292.17563,19.025635,ERCO
2022-03-01 23:00:00,2022-03-01 23:00:00,292.2281,19.078094,ERCO
2022-03-02 00:00:00,2022-03-02 00:00:00,291.75635,18.606354,ERCO
2022-03-02 01:00:00,2022-03-02 01:00:00,290.40594,17.25595,ERCO
2022-03-02 02:00:00,2022-03-02 02:00:00,288.981,15.830994,ERCO
2022-03-02 03:00:00,2022-03-02 03:00:00,287.66553,14.515533,ERCO
2022-03-02 04:00:00,2022-03-02 04:00:00,286.48526,13.335266,ERCO
2022-03-02 05:00:00,2022-03-02 05:00:00,285.4532,12.303192,ERCO
2022-03-02 06:00:00,2022-03-02 06:00:00,284.55685,11.40686,ERCO
2022-03-02 07:00:00,2022-03-02 07:00:00,283.75565,10.605652,ERCO
2022-03-02 08:00:00,2022-03-02 08:00:00,283.0426,9.892609,ERCO
2022-03-02 09:00:00,2022-03-02 09:00:00,282.40482,9.254822,ERCO
2022-03-02 10:00:00,2022-03-02 10:00:00,281.82104,8.671051,ERCO
2022-03-02 11:00:00,2022-03-02 11:00:00,281.2855,8.135498,ERCO
2022-03-02 12:00:00,2022-03-02 12:00:00,280.75992,7.6099243,ERCO
2022-03-02 13:00:00,2022-03-02 13:00:00,280.2749,7.1249084,ERCO
2022-03-02 14:00:00,2022-03-02 14:00:00,280.4902,7.34021,ERCO
2022-03-02 15:00:00,2022-03-02 15:00:00,283.24304,10.093048,ERCO
2022-03-02 16:00:00,2022-03-02 16:00:00,285.8666,12.716614,ERCO
2022-03-02 17:00:00,2022-03-02 17:00:00,288.33823,15.188232,ERCO
2022-03-02 18:00:00,2022-03-02 18:00:00,290.29593,17.145935,ERCO
2022-03-02 19:00:00,2022-03-02 19:00:00,291.71103,18.561035,ERCO
2022-03-02 20:00:00,2022-03-02 20:00:00,292.64948,19.499481,ERCO
2022-03-02 21:00:00,2022-03-02 21:00:00,293.2678,20.117798,ERCO
2022-03-02 22:00:00,2022-03-02 22:00:00,293.62463,20.47464,ERCO
2022-03-02 23:00:00,2022-03-02 23:00:00,293.66827,20.51828,ERCO
2022-03-03 00:00:00,2022-03-03 00:00:00,293.20358,20.053589,ERCO
2022-03-03 01:00:00,2022-03-03 01:00:00,291.9655,18.815521,ERCO
2022-03-03 02:00:00,2022-03-03 02:00:00,290.68423,17.53424,ERCO
2022-03-03 03:00:00,2022-03-03 03:00:00,289.49167,16.341675,ERCO
2022-03-03 04:00:00,2022-03-03 04:00:00,288.44138,15.291382,ERCO
2022-03-03 05:00:00,2022-03-03 05:00:00,287.53973,14.38974,ERCO
2022-03-03 06:00:00,2022-03-03 06:00:00,286.76904,13.619049,ERCO
2022-03-03 07:00:00,2022-03-03 07:00:00,286.08685,12.936859,ERCO
2022-03-03 08:00:00,2022-03-03 08:00:00,285.4853,12.335297,ERCO
2022-03-03 09:00:00,2022-03-03 09:00:00,284.96793,11.817932,ERCO
2022-03-03 10:00:00,2022-03-03 10:00:00,284.52393,11.373932,ERCO
2022-03-03 11:00:00,2022-03-03 11:00:00,284.1162,10.966217,ERCO
2022-03-03 12:00:00,2022-03-03 12:00:00,283.7103,10.560303,ERCO
2022-03-03 13:00:00,2022-03-03 13:00:00,283.3344,10.184418,ERCO
2022-03-03 14:00:00,2022-03-03 14:00:00,283.63193,10.481934,ERCO
2022-03-03 15:00:00,2022-03-03 15:00:00,285.70004,12.550049,ERCO
2022-03-03 16:00:00,2022-03-03 16:00:00,287.8113,14.661316,ERCO
2022-03-03 17:00:00,2022-03-03 17:00:00,289.93515,16.785156,ERCO
2022-03-03 18:00:00,2022-03-03 18:00:00,291.72104,18.571045,ERCO
2022-03-03 19:00:00,2022-03-03 19:00:00,293.04034,19.89035,ERCO
2022-03-03 20:00:00,2022-03-03 20:00:00,293.89224,20.742249,ERCO
2022-03-03 21:00:00,2022-03-03 21:00:00,294.40454,21.254547,ERCO
2022-03-03 22:00:00,2022-03-03 22:00:00,294.64328,21.493286,ERCO
2022-03-03 23:00:00,2022-03-03 23:00:00,294.58994,21.439941,ERCO
2022-03-04 00:00:00,2022-03-04 00:00:00,294.088,20.938019,ERCO
2022-03-04 01:00:00,2022-03-04 01:00:00,293.02692,19.876923,ERCO
2022-03-04 02:00:00,2022-03-04 02:00:00,291.98627,18.836273,ERCO
2022-03-04 03:00:00,2022-03-04 03:00:00,290.9699,17.819916,ERCO
2022-03-04 04:00:00,2022-03-04 04:00:00,290.0529,16.902893,ERCO
2022-03-04 05:00:00,2022-03-04 05:00:00,289.25674,16.10675,ERCO
2022-03-04 06:00:00,2022-03-04 06:00:00,288.59286,15.442871,ERCO
2022-03-04 07:00:00,2022-03-04 07:00:00,288.04434,14.894348,ERCO
2022-03-04 08:00:00,2022-03-04 08:00:00,287.58414,14.434143,ERCO
2022-03-04 09:00:00,2022-03-04 09:00:00,287.22073,14.07074,ERCO
2022-03-04 10:00:00,2022-03-04 10:00:00,286.95496,13.804962,ERCO
2022-03-04 11:00:00,2022-03-04 11:00:00,286.78674,13.636749,ERCO
2022-03-04 12:00:00,2022-03-04 12:00:00,286.68893,13.53894,ERCO
2022-03-04 13:00:00,2022-03-04 13:00:00,286.6586,13.508606,ERCO
2022-03-04 14:00:00,2022-03-04 14:00:00,287.15518,14.005188,ERCO
2022-03-04 15:00:00,2022-03-04 15:00:00,288.1693,15.019318,ERCO
2022-03-04 16:00:00,2022-03-04 16:00:00,289.36118,16.211182,ERCO
2022-03-04 17:00:00,2022-03-04 17:00:00,290.72842,17.57843,ERCO
2022-03-04 18:00:00,2022-03-04 18:00:00,292.0347,18.884705,ERCO
2022-03-04 19:00:00,2022-03-04 19:00:00,293.13504,19.985046,ERCO
2022-03-04 20:00:00,2022-03-04 20:00:00,293.9524,20.802399,ERCO
2022-03-04 21:00:00,2022-03-04 21:00:00,294.52673,21.37674,ERCO
2022-03-04 22:00:00,2022-03-04 22:00:00,294.84512,21.69513,ERCO
2022-03-04 23:00:00,2022-03-04 23:00:00,294.86414,21.714142,ERCO
2022-03-05 00:00:00,2022-03-05 00:00:00,294.46786,21.317871,ERCO
2022-03-05 01:00:00,2022-03-05 01:00:00,293.64957,20.499573,ERCO
2022-03-05 02:00:00,2022-03-05 02:00:00,292.87097,19.720978,ERCO
2022-03-05 03:00:00,2022-03-05 03:00:00,292.0845,18.93451,ERCO
2022-03-05 04:00:00,2022-03-05 04:00:00,291.35233,18.202332,ERCO
2022-03-05 05:00:00,2022-03-05 05:00:00,290.73285,17.582855,ERCO
2022-03-05 06:00:00,2022-03-05 06:00:00,290.23877,17.088776,ERCO
2022-03-05 07:00:00,2022-03-05 07:00:00,289.8357,16.6857,ERCO
2022-03-05 08:00:00,2022-03-05 08:00:00,289.56265,16.412659,ERCO
2022-03-05 09:00:00,2022-03-05 09:00:00,289.41534,16.26535,ERCO
2022-03-05 10:00:00,2022-03-05 10:00:00,289.29807,16.148071,ERCO
2022-03-05 11:00:00,2022-03-05 11:00:00,289.18912,16.039124,ERCO
2022-03-05 12:00:00,2022-03-05 12:00:00,289.06454,15.914551,ERCO
2022-03-05 13:00:00,2022-03-05 13:00:00,288.89502,15.745026,ERCO
2022-03-05 14:00:00,2022-03-05 14:00:00,289.06982,15.91983,ERCO
2022-03-05 15:00:00,2022-03-05 15:00:00,289.93817,16.788177,ERCO
2022-03-05 16:00:00,2022-03-05 16:00:00,290.95053,17.800537,ERCO
2022-03-05 17:00:00,2022-03-05 17:00:00,292.06177,18.911774,ERCO
2022-03-05 18:00:00,2022-03-05 18:00:00,293.23227,20.082275,ERCO
2022-03-05 19:00:00,2022-03-05 19:00:00,294.32178,21.171783,ERCO
2022-03-05 20:00:00,2022-03-05 20:00:00,295.2056,22.055603,ERCO
2022-03-05 21:00:00,2022-03-05 21:00:00,295.87286,22.72287,ERCO
2022-03-05 22:00:00,2022-03-05 22:00:00,296.27258,23.12259,ERCO
2022-03-05 23:00:00,2022-03-05 23:00:00,296.3343,23.184296,ERCO
2022-03-06 00:00:00,2022-03-06 00:00:00,295.91245,22.762451,ERCO
2022-03-06 01:00:00,2022-03-06 01:00:00,294.79916,21.64917,ERCO
2022-03-06 02:00:00,2022-03-06 02:00:00,293.67242,20.52243,ERCO
2022-03-06 03:00:00,2022-03-06 03:00:00,292.65833,19.508331,ERCO
2022-03-06 04:00:00,2022-03-06 04:00:00,291.78375,18.633759,ERCO
2022-03-06 05:00:00,2022-03-06 05:00:00,291.03186,17.881866,ERCO
2022-03-06 06:00:00,2022-03-06 06:00:00,290.43558,17.285583,ERCO
2022-03-06 07:00:00,2022-03-06 07:00:00,289.99094,16.840942,ERCO
2022-03-06 08:00:00,2022-03-06 08:00:00,289.69324,16.543243,ERCO
2022-03-06 09:00:00,2022-03-06 09:00:00,289.52994,16.379944,ERCO
2022-03-06 10:00:00,2022-03-06 10:00:00,289.44864,16.298645,ERCO
2022-03-06 11:00:00,2022-03-06 11:00:00,289.3735,16.22351,ERCO
2022-03-06 12:00:00,2022-03-06 12:00:00,289.27692,16.126923,ERCO
2022-03-06 13:00:00,2022-03-06 13:00:00,289.16647,16.01648,ERCO
2022-03-06 14:00:00,2022-03-06 14:00:00,289.31393,16.16394,ERCO
2022-03-06 15:00:00,2022-03-06 15:00:00,289.84985,16.69986,ERCO
2022-03-06 16:00:00,2022-03-06 16:00:00,290.50955,17.359558,ERCO
2022-03-06 17:00:00,2022-03-06 17:00:00,291.34848,18.198486,ERCO
2022-03-06 18:00:00,2022-03-06 18:00:00,292.2525,19.102509,ERCO
2022-03-06 19:00:00,2022-03-06 19:00:00,293.1148,19.964813,ERCO
2022-03-06 20:00:00,2022-03-06 20:00:00,293.87976,20.729767,ERCO
2022-03-06 21:00:00,2022-03-06 21:00:00,294.4966,21.346619,ERCO
2022-03-06 22:00:00,2022-03-06 22:00:00,294.8389,21.688904,ERCO
2022-03-06 23:00:00,2022-03-06 23:00:00,294.772,21.62201,ERCO
2022-03-07 00:00:00,2022-03-07 00:00:00,294.13754,20.987549,ERCO
2022-03-07 01:00:00,2022-03-07 01:00:00,292.94864,19.798645,ERCO
2022-03-07 02:00:00,2022-03-07 02:00:00,291.84427,18.694275,ERCO
2022-03-07 03:00:00,2022-03-07 03:00:00,290.82672,17.676727,ERCO
2022-03-07 04:00:00,2022-03-07 04:00:00,289.8306,16.680603,ERCO
2022-03-07 05:00:00,2022-03-07 05:00:00,288.8247,15.674713,ERCO
2022-03-07 06:00:00,2022-03-07 06:00:00,287.84042,14.69043,ERCO
2022-03-07 07:00:00,2022-03-07 07:00:00,286.82733,13.677338,ERCO
2022-03-07 08:00:00,2022-03-07 08:00:00,285.81894,12.668945,ERCO
2022-03-07 09:00:00,2022-03-07 09:00:00,284.7479,11.5979,ERCO
2022-03-07 10:00:00,2022-03-07 10:00:00,283.63266,10.482666,ERCO
2022-03-07 11:00:00,2022-03-07 11:00:00,282.51956,9.369568,ERCO
2022-03-07 12:00:00,2022-03-07 12:00:00,281.4401,8.2901,ERCO
2022-03-07 13:00:00,2022-03-07 13:00:00,280.4531,7.3031006,ERCO
2022-03-07 14:00:00,2022-03-07 14:00:00,279.79758,6.647583,ERCO
2022-03-07 15:00:00,2022-03-07 15:00:00,279.64816,6.498169,ERCO
2022-03-07 16:00:00,2022-03-07 16:00:00,279.90402,6.7540283,ERCO
2022-03-07 17:00:00,2022-03-07 17:00:00,280.44147,7.2914734,ERCO
2022-03-07 18:00:00,2022-03-07 18:00:00,281.15384,8.003845,ERCO
2022-03-07 19:00:00,2022-03-07 19:00:00,281.90366,8.753662,ERCO
2022-03-07 20:00:00,2022-03-07 20:00:00,282.5762,9.4262085,ERCO
2022-03-07 21:00:00,2022-03-07 21:00:00,283.14523,9.995239,ERCO
2022-03-07 22:00:00,2022-03-07 22:00:00,283.5227,10.372711,ERCO
2022-03-07 23:00:00,2022-03-07 23:00:00,283.6315,10.481506,ERCO
2022-03-08 00:00:00,2022-03-08 00:00:00,283.39316,10.243164,ERCO
2022-03-08 01:00:00,2022-03-08 01:00:00,282.8635,9.713501,ERCO
2022-03-08 02:00:00,2022-03-08 02:00:00,282.34372,9.193726,ERCO
2022-03-08 03:00:00,2022-03-08 03:00:00,281.7674,8.617401,ERCO
2022-03-08 04:00:00,2022-03-08 04:00:00,281.1507,8.000702,ERCO
2022-03-08 05:00:00,2022-03-08 05:00:00,280.55197,7.4019775,ERCO
2022-03-08 06:00:00,2022-03-08 06:00:00,280.0012,6.8511963,ERCO
2022-03-08 07:00:00,2022-03-08 07:00:00,279.49252,6.3425293,ERCO
2022-03-08 08:00:00,2022-03-08 08:00:00,279.04282,5.8928223,ERCO
2022-03-08 09:00:00,2022-03-08 09:00:00,278.64258,5.492584,ERCO
2022-03-08 10:00:00,2022-03-08 10:00:00,278.27472,5.1247253,ERCO
2022-03-08 11:00:00,2022-03-08 11:00:00,277.94614,4.7961426,ERCO
2022-03-08 12:00:00,2022-03-08 12:00:00,277.64343,4.4934387,ERCO
2022-03-08 13:00:00,2022-03-08 13:00:00,277.3979,4.2478943,ERCO
2022-03-08 14:00:00,2022-03-08 14:00:00,277.51248,4.362488,ERCO
2022-03-08 15:00:00,2022-03-08 15:00:00,277.87955,4.729553,ERCO
2022-03-08 16:00:00,2022-03-08 16:00:00,278.2671,5.117096,ERCO
2022-03-08 17:00:00,2022-03-08 17:00:00,278.74966,5.5996704,ERCO
2022-03-08 18:00:00,2022-03-08 18:00:00,279.31818,6.1681824,ERCO
2022-03-08 19:00:00,2022-03-08 19:00:00,279.94724,6.797241,ERCO
2022-03-08 20:00:00,2022-03-08 20:00:00,280.5704,7.42041,ERCO
2022-03-08 21:00:00,2022-03-08 21:00:00,281.17783,8.027832,ERCO
2022-03-08 22:00:00,2022-03-08 22:00:00,281.70258,8.552582,ERCO
2022-03-08 23:00:00,2022-03-08 23:00:00,282.03397,8.883972,ERCO
2022-03-09 00:00:00,2022-03-09 00:00:00,282.06393,8.91394,ERCO
2022-03-09 01:00:00,2022-03-09 01:00:00,281.7718,8.621796,ERCO
2022-03-09 02:00:00,2022-03-09 02:00:00,281.31305,8.163055,ERCO
2022-03-09 03:00:00,2022-03-09 03:00:00,280.69052,7.5405273,ERCO
2022-03-09 04:00:00,2022-03-09 04:00:00,279.9766,6.826599,ERCO
2022-03-09 05:00:00,2022-03-09 05:00:00,279.25772,6.107727,ERCO
2022-03-09 06:00:00,2022-03-09 06:00:00,278.5907,5.4407043,ERCO
2022-03-09 07:00:00,2022-03-09 07:00:00,277.9843,4.83432,ERCO
2022-03-09 08:00:00,2022-03-09 08:00:00,277.42654,4.2765503,ERCO
2022-03-09 09:00:00,2022-03-09 09:00:00,276.93958,3.7895813,ERCO
2022-03-09 10:00:00,2022-03-09 10:00:00,276.50848,3.35849,ERCO
2022-03-09 11:00:00,2022-03-09 11:00:00,276.12634,2.9763489,ERCO
2022-03-09 12:00:00,2022-03-09 12:00:00,275.78784,2.637848,ERCO
2022-03-09 13:00:00,2022-03-09 13:00:00,275.49353,2.3435364,ERCO
2022-03-09 14:00:00,2022-03-09 14:00:00,276.35974,3.2097473,ERCO
2022-03-09 15:00:00,2022-03-09 15:00:00,278.2053,5.055298,ERCO
2022-03-09 16:00:00,2022-03-09 16:00:00,280.03564,6.8856506,ERCO
2022-03-09 17:00:00,2022-03-09 17:00:00,281.70456,8.554565,ERCO
2022-03-09 18:00:00,2022-03-09 18:00:00,283.2145,10.064514,ERCO
2022-03-09 19:00:00,2022-03-09 19:00:00,284.52362,11.373627,ERCO
2022-03-09 20:00:00,2022-03-09 20:00:00,285.61038,12.460388,ERCO
2022-03-09 21:00:00,2022-03-09 21:00:00,286.48416,13.3341675,ERCO
2022-03-09 22:00:00,2022-03-09 22:00:00,287.08807,13.93808,ERCO
2022-03-09 23:00:00,2022-03-09 23:00:00,287.37805,14.228058,ERCO
2022-03-10 00:00:00,2022-03-10 00:00:00,287.2302,14.0802,ERCO
2022-03-10 01:00:00,2022-03-10 01:00:00,286.40628,13.256287,ERCO
2022-03-10 02:00:00,2022-03-10 02:00:00,285.44217,12.292175,ERCO
2022-03-10 03:00:00,2022-03-10 03:00:00,284.4073,11.257294,ERCO
2022-03-10 04:00:00,2022-03-10 04:00:00,283.39688,10.246887,ERCO
2022-03-10 05:00:00,2022-03-10 05:00:00,282.4776,9.327606,ERCO
2022-03-10 06:00:00,2022-03-10 06:00:00,281.674,8.524017,ERCO
2022-03-10 07:00:00,2022-03-10 07:00:00,280.95602,7.8060303,ERCO
2022-03-10 08:00:00,2022-03-10 08:00:00,280.31348,7.1634827,ERCO
2022-03-10 09:00:00,2022-03-10 09:00:00,279.76398,6.613983,ERCO
2022-03-10 10:00:00,2022-03-10 10:00:00,279.29376,6.1437683,ERCO
2022-03-10 11:00:00,2022-03-10 11:00:00,278.86975,5.719757,ERCO
2022-03-10 12:00:00,2022-03-10 12:00:00,278.4856,5.335602,ERCO
2022-03-10 13:00:00,2022-03-10 13:00:00,278.18906,5.0390625,ERCO
2022-03-10 14:00:00,2022-03-10 14:00:00,279.1732,6.0231934,ERCO
2022-03-10 15:00:00,2022-03-10 15:00:00,280.9737,7.8237,ERCO
2022-03-10 16:00:00,2022-03-10 16:00:00,282.9731,9.82312,ERCO
2022-03-10 17:00:00,2022-03-10 17:00:00,284.71512,11.5651245,ERCO
2022-03-10 18:00:00,2022-03-10 18:00:00,286.2016,13.051605,ERCO
2022-03-10 19:00:00,2022-03-10 19:00:00,287.45987,14.3098755,ERCO
2022-03-10 20:00:00,2022-03-10 20:00:00,288.45825,15.308258,ERCO
2022-03-10 21:00:00,2022-03-10 21:00:00,289.1902,16.040192,ERCO
2022-03-10 22:00:00,2022-03-10 22:00:00,289.61697,16.46698,ERCO
2022-03-10 23:00:00,2022-03-10 23:00:00,289.6665,16.51651,ERCO
2022-03-11 00:00:00,2022-03-11 00:00:00,289.20474,16.054749,ERCO
2022-03-11 01:00:00,2022-03-11 01:00:00,288.08273,14.932739,ERCO
2022-03-11 02:00:00,2022-03-11 02:00:00,286.9062,13.756195,ERCO
2022-03-11 03:00:00,2022-03-11 03:00:00,285.79465,12.644653,ERCO
2022-03-11 04:00:00,2022-03-11 04:00:00,284.78043,11.630432,ERCO
2022-03-11 05:00:00,2022-03-11 05:00:00,283.92874,10.778748,ERCO
2022-03-11 06:00:00,2022-03-11 06:00:00,283.25595,10.105957,ERCO
2022-03-11 07:00:00,2022-03-11 07:00:00,282.69006,9.54007,ERCO
2022-03-11 08:00:00,2022-03-11 08:00:00,282.14117,8.99118,ERCO
2022-03-11 09:00:00,2022-03-11 09:00:00,281.60455,8.454559,ERCO
2022-03-11 10:00:00,2022-03-11 10:00:00,281.0491,7.899109,ERCO
2022-03-11 11:00:00,2022-03-11 11:00:00,280.47388,7.323883,ERCO
2022-03-11 12:00:00,2022-03-11 12:00:00,279.86313,6.713135,ERCO
2022-03-11 13:00:00,2022-03-11 13:00:00,279.23297,6.0829773,ERCO
2022-03-11 14:00:00,2022-03-11 14:00:00,278.76886,5.618866,ERCO
2022-03-11 15:00:00,2022-03-11 15:00:00,278.49124,5.3412476,ERCO
2022-03-11 16:00:00,2022-03-11 16:00:00,278.30658,5.1565857,ERCO
2022-03-11 17:00:00,2022-03-11 17:00:00,278.16562,5.015625,ERCO
2022-03-11 18:00:00,2022-03-11 18:00:00,278.07413,4.9241333,ERCO
2022-03-11 19:00:00,2022-03-11 19:00:00,277.96216,4.8121643,ERCO
2022-03-11 20:00:00,2022-03-11 20:00:00,277.77844,4.6284485,ERCO
2022-03-11 21:00:00,2022-03-11 21:00:00,277.62296,4.4729614,ERCO
2022-03-11 22:00:00,2022-03-11 22:00:00,277.58765,4.4376526,ERCO
2022-03-11 23:00:00,2022-03-11 23:00:00,277.58722,4.4372253,ERCO
2022-03-12 00:00:00,2022-03-12 00:00:00,277.42432,4.2743225,ERCO
2022-03-12 01:00:00,2022-03-12 01:00:00,276.91895,3.7689514,ERCO
2022-03-12 02:00:00,2022-03-12 02:00:00,276.3893,3.2393188,ERCO
2022-03-12 03:00:00,2022-03-12 03:00:00,275.8082,2.6582031,ERCO
2022-03-12 04:00:00,2022-03-12 04:00:00,275.2006,2.0505981,ERCO
2022-03-12 05:00:00,2022-03-12 05:00:00,274.6269,1.4768982,ERCO
2022-03-12 06:00:00,2022-03-12 06:00:00,274.1014,0.951416,ERCO
2022-03-12 07:00:00,2022-03-12 07:00:00,273.58325,0.43325806,ERCO
2022-03-12 08:00:00,2022-03-12 08:00:00,273.06473,-0.08526611,ERCO
2022-03-12 09:00:00,2022-03-12 09:00:00,272.58084,-0.56915283,ERCO
2022-03-12 10:00:00,2022-03-12 10:00:00,272.13083,-1.019165,ERCO
2022-03-12 11:00:00,2022-03-12 11:00:00,271.75992,-1.3900757,ERCO
2022-03-12 12:00:00,2022-03-12 12:00:00,271.43143,-1.7185669,ERCO
2022-03-12 13:00:00,2022-03-12 13:00:00,271.16794,-1.9820557,ERCO
2022-03-12 14:00:00,2022-03-12 14:00:00,272.41766,-0.7323303,ERCO
2022-03-12 15:00:00,2022-03-12 15:00:00,274.61813,1.4681396,ERCO
2022-03-12 16:00:00,2022-03-12 16:00:00,276.73422,3.5842285,ERCO
2022-03-12 17:00:00,2022-03-12 17:00:00,278.59055,5.4405518,ERCO
2022-03-12 18:00:00,2022-03-12 18:00:00,280.26343,7.113434,ERCO
2022-03-12 19:00:00,2022-03-12 19:00:00,281.71698,8.566986,ERCO
2022-03-12 20:00:00,2022-03-12 20:00:00,282.9225,9.772491,ERCO
2022-03-12 21:00:00,2022-03-12 21:00:00,283.88794,10.737946,ERCO
2022-03-12 22:00:00,2022-03-12 22:00:00,284.57565,11.425659,ERCO
2022-03-12 23:00:00,2022-03-12 23:00:00,284.9441,11.794098,ERCO
2022-03-13 00:00:00,2022-03-13 00:00:00,284.8591,11.709106,ERCO
2022-03-13 01:00:00,2022-03-13 01:00:00,283.98306,10.833069,ERCO
2022-03-13 02:00:00,2022-03-13 02:00:00,282.90375,9.753754,ERCO
2022-03-13 03:00:00,2022-03-13 03:00:00,281.80844,8.658447,ERCO
2022-03-13 04:00:00,2022-03-13 04:00:00,280.80087,7.650879,ERCO
2022-03-13 05:00:00,2022-03-13 05:00:00,279.87985,6.7298584,ERCO
2022-03-13 06:00:00,2022-03-13 06:00:00,279.04974,5.8997498,ERCO
2022-03-13 07:00:00,2022-03-13 07:00:00,278.27896,5.1289673,ERCO
2022-03-13 08:00:00,2022-03-13 08:00:00,277.58374,4.4337463,ERCO
2022-03-13 09:00:00,2022-03-13 09:00:00,276.97238,3.8223877,ERCO
2022-03-13 10:00:00,2022-03-13 10:00:00,276.43027,3.2802734,ERCO
2022-03-13 11:00:00,2022-03-13 11:00:00,275.9803,2.8302917,ERCO
2022-03-13 12:00:00,2022-03-13 12:00:00,275.59094,2.4409485,ERCO
2022-03-13 13:00:00,2022-03-13 13:00:00,275.2987,2.1487122,ERCO
2022-03-13 14:00:00,2022-03-13 14:00:00,277.28842,4.1384277,ERCO
2022-03-13 15:00:00,2022-03-13 15:00:00,279.72574,6.5757446,ERCO
2022-03-13 16:00:00,2022-03-13 16:00:00,282.10144,8.951447,ERCO
2022-03-13 17:00:00,2022-03-13 17:00:00,284.18854,11.038544,ERCO
2022-03-13 18:00:00,2022-03-13 18:00:00,285.94678,12.796783,ERCO
2022-03-13 19:00:00,2022-03-13 19:00:00,287.37802,14.228027,ERCO
2022-03-13 20:00:00,2022-03-13 20:00:00,288.43716,15.28717,ERCO
2022-03-13 21:00:00,2022-03-13 21:00:00,289.15393,16.003937,ERCO
2022-03-13 22:00:00,2022-03-13 22:00:00,289.55768,16.407684,ERCO
2022-03-13 23:00:00,2022-03-13 23:00:00,289.60663,16.456635,ERCO
2022-03-14 00:00:00,2022-03-14 00:00:00,289.17258,16.022583,ERCO
2022-03-14 01:00:00,2022-03-14 01:00:00,288.21774,15.067749,ERCO
2022-03-14 02:00:00,2022-03-14 02:00:00,287.2893,14.139313,ERCO
2022-03-14 03:00:00,2022-03-14 03:00:00,286.34073,13.190735,ERCO
2022-03-14 04:00:00,2022-03-14 04:00:00,285.4534,12.303406,ERCO
2022-03-14 05:00:00,2022-03-14 05:00:00,284.70276,11.552765,ERCO
2022-03-14 06:00:00,2022-03-14 06:00:00,284.0795,10.929504,ERCO
2022-03-14 07:00:00,2022-03-14 07:00:00,283.56512,10.415131,ERCO
2022-03-14 08:00:00,2022-03-14 08:00:00,283.13657,9.986572,ERCO
2022-03-14 09:00:00,2022-03-14 09:00:00,282.83292,9.682922,ERCO
2022-03-14 10:00:00,2022-03-14 10:00:00,282.70047,9.550476,ERCO
2022-03-14 11:00:00,2022-03-14 11:00:00,282.7183,9.568298,ERCO
2022-03-14 12:00:00,2022-03-14 12:00:00,282.7831,9.633118,ERCO
2022-03-14 13:00:00,2022-03-14 13:00:00,282.84387,9.693878,ERCO
2022-03-14 14:00:00,2022-03-14 14:00:00,283.81555,10.665558,ERCO
2022-03-14 15:00:00,2022-03-14 15:00:00,285.4764,12.326416,ERCO
2022-03-14 16:00:00,2022-03-14 16:00:00,287.40085,14.2508545,ERCO
2022-03-14 17:00:00,2022-03-14 17:00:00,289.34537,16.195374,ERCO
2022-03-14 18:00:00,2022-03-14 18:00:00,291.03445,17.88446,ERCO
2022-03-14 19:00:00,2022-03-14 19:00:00,292.40555,19.255554,ERCO
2022-03-14 20:00:00,2022-03-14 20:00:00,293.4133,20.263306,ERCO
2022-03-14 21:00:00,2022-03-14 21:00:00,294.09714,20.947144,ERCO
2022-03-14 22:00:00,2022-03-14 22:00:00,294.47275,21.322754,ERCO
2022-03-14 23:00:00,2022-03-14 23:00:00,294.50333,21.353333,ERCO
2022-03-15 00:00:00,2022-03-15 00:00:00,294.02438,20.87439,ERCO
2022-03-15 01:00:00,2022-03-15 01:00:00,292.92642,19.776428,ERCO
2022-03-15 02:00:00,2022-03-15 02:00:00,291.8108,18.660797,ERCO
2022-03-15 03:00:00,2022-03-15 03:00:00,290.69162,17.541626,ERCO
2022-03-15 04:00:00,2022-03-15 04:00:00,289.56555,16.415558,ERCO
2022-03-15 05:00:00,2022-03-15 05:00:00,288.51965,15.369659,ERCO
2022-03-15 06:00:00,2022-03-15 06:00:00,287.56973,14.419739,ERCO
2022-03-15 07:00:00,2022-03-15 07:00:00,286.7362,13.586212,ERCO
2022-03-15 08:00:00,2022-03-15 08:00:00,285.96854,12.8185425,ERCO
2022-03-15 09:00:00,2022-03-15 09:00:00,285.2074,12.057404,ERCO
2022-03-15 10:00:00,2022-03-15 10:00:00,284.46045,11.310455,ERCO
2022-03-15 11:00:00,2022-03-15 11:00:00,283.7589,10.608917,ERCO
2022-03-15 12:00:00,2022-03-15 12:00:00,283.08554,9.935547,ERCO
2022-03-15 13:00:00,2022-03-15 13:00:00,282.50488,9.354889,ERCO
2022-03-15 14:00:00,2022-03-15 14:00:00,283.7036,10.553619,ERCO
2022-03-15 15:00:00,2022-03-15 15:00:00,285.25198,12.10199,ERCO
2022-03-15 16:00:00,2022-03-15 16:00:00,286.91458,13.764587,ERCO
2022-03-15 17:00:00,2022-03-15 17:00:00,288.4647,15.314697,ERCO
2022-03-15 18:00:00,2022-03-15 18:00:00,289.8574,16.707397,ERCO
2022-03-15 19:00:00,2022-03-15 19:00:00,291.06534,17.915344,ERCO
2022-03-15 20:00:00,2022-03-15 20:00:00,292.073,18.923004,ERCO
2022-03-15 21:00:00,2022-03-15 21:00:00,292.8607,19.710693,ERCO
2022-03-15 22:00:00,2022-03-15 22:00:00,293.38074,20.230743,ERCO
2022-03-15 23:00:00,2022-03-15 23:00:00,293.58786,20.437866,ERCO
2022-03-16 00:00:00,2022-03-16 00:00:00,293.3547,20.204712,ERCO
2022-03-16 01:00:00,2022-03-16 01:00:00,292.3343,19.184296,ERCO
2022-03-16 02:00:00,2022-03-16 02:00:00,291.03256,17.882568,ERCO
2022-03-16 03:00:00,2022-03-16 03:00:00,289.7502,16.60022,ERCO
2022-03-16 04:00:00,2022-03-16 04:00:00,288.57443,15.424438,ERCO
2022-03-16 05:00:00,2022-03-16 05:00:00,287.55405,14.404053,ERCO
2022-03-16 06:00:00,2022-03-16 06:00:00,286.66125,13.511261,ERCO
2022-03-16 07:00:00,2022-03-16 07:00:00,285.84103,12.69104,ERCO
2022-03-16 08:00:00,2022-03-16 08:00:00,285.08206,11.932068,ERCO
2022-03-16 09:00:00,2022-03-16 09:00:00,284.39465,11.244659,ERCO
2022-03-16 10:00:00,2022-03-16 10:00:00,283.77118,10.621185,ERCO
2022-03-16 11:00:00,2022-03-16 11:00:00,283.2543,10.104309,ERCO
2022-03-16 12:00:00,2022-03-16 12:00:00,282.80392,9.653931,ERCO
2022-03-16 13:00:00,2022-03-16 13:00:00,282.43393,9.283936,ERCO
2022-03-16 14:00:00,2022-03-16 14:00:00,283.6985,10.548492,ERCO
2022-03-16 15:00:00,2022-03-16 15:00:00,286.4304,13.2803955,ERCO
2022-03-16 16:00:00,2022-03-16 16:00:00,288.9861,15.836121,ERCO
2022-03-16 17:00:00,2022-03-16 17:00:00,291.39703,18.24704,ERCO
2022-03-16 18:00:00,2022-03-16 18:00:00,293.38318,20.233185,ERCO
2022-03-16 19:00:00,2022-03-16 19:00:00,294.959,21.809021,ERCO
2022-03-16 20:00:00,2022-03-16 20:00:00,296.1213,22.971313,ERCO
2022-03-16 21:00:00,2022-03-16 21:00:00,296.90945,23.75946,ERCO
2022-03-16 22:00:00,2022-03-16 22:00:00,297.3405,24.190521,ERCO
2022-03-16 23:00:00,2022-03-16 23:00:00,297.3854,24.235413,ERCO
2022-03-17 00:00:00,2022-03-17 00:00:00,296.87122,23.721222,ERCO
2022-03-17 01:00:00,2022-03-17 01:00:00,295.49576,22.345764,ERCO
2022-03-17 02:00:00,2022-03-17 02:00:00,293.9791,20.829102,ERCO
2022-03-17 03:00:00,2022-03-17 03:00:00,292.5062,19.356201,ERCO
2022-03-17 04:00:00,2022-03-17 04:00:00,291.20868,18.058685,ERCO
2022-03-17 05:00:00,2022-03-17 05:00:00,290.0904,16.9404,ERCO
2022-03-17 06:00:00,2022-03-17 06:00:00,289.1217,15.97171,ERCO
2022-03-17 07:00:00,2022-03-17 07:00:00,288.26117,15.111176,ERCO
2022-03-17 08:00:00,2022-03-17 08:00:00,287.4967,14.34671,ERCO
2022-03-17 09:00:00,2022-03-17 09:00:00,286.8914,13.741394,ERCO
2022-03-17 10:00:00,2022-03-17 10:00:00,286.4431,13.293121,ERCO
2022-03-17 11:00:00,2022-03-17 11:00:00,286.11374,12.963745,ERCO
2022-03-17 12:00:00,2022-03-17 12:00:00,285.88068,12.730682,ERCO
2022-03-17 13:00:00,2022-03-17 13:00:00,285.72894,12.578949,ERCO
2022-03-17 14:00:00,2022-03-17 14:00:00,286.7905,13.640503,ERCO
2022-03-17 15:00:00,2022-03-17 15:00:00,288.23584,15.085846,ERCO
2022-03-17 16:00:00,2022-03-17 16:00:00,289.79163,16.641632,ERCO
2022-03-17 17:00:00,2022-03-17 17:00:00,291.3282,18.178192,ERCO
2022-03-17 18:00:00,2022-03-17 18:00:00,292.70764,19.557648,ERCO
2022-03-17 19:00:00,2022-03-17 19:00:00,293.8357,20.6857,ERCO
2022-03-17 20:00:00,2022-03-17 20:00:00,294.6418,21.491821,ERCO
2022-03-17 21:00:00,2022-03-17 21:00:00,295.05783,21.907837,ERCO
2022-03-17 22:00:00,2022-03-17 22:00:00,295.07086,21.920868,ERCO
2022-03-17 23:00:00,2022-03-17 23:00:00,294.67114,21.521149,ERCO
2022-03-18 00:00:00,2022-03-18 00:00:00,293.79962,20.649628,ERCO
2022-03-18 01:00:00,2022-03-18 01:00:00,292.4326,19.282593,ERCO
2022-03-18 02:00:00,2022-03-18 02:00:00,291.1316,17.981598,ERCO
2022-03-18 03:00:00,2022-03-18 03:00:00,289.95282,16.802826,ERCO
2022-03-18 04:00:00,2022-03-18 04:00:00,288.95224,15.802246,ERCO
2022-03-18 05:00:00,2022-03-18 05:00:00,288.08868,14.93869,ERCO
2022-03-18 06:00:00,2022-03-18 06:00:00,287.28946,14.139465,ERCO
2022-03-18 07:00:00,2022-03-18 07:00:00,286.48352,13.333527,ERCO
2022-03-18 08:00:00,2022-03-18 08:00:00,285.64014,12.490143,ERCO
2022-03-18 09:00:00,2022-03-18 09:00:00,284.7537,11.603699,ERCO
2022-03-18 10:00:00,2022-03-18 10:00:00,283.89804,10.748047,ERCO
2022-03-18 11:00:00,2022-03-18 11:00:00,283.1073,9.957306,ERCO
2022-03-18 12:00:00,2022-03-18 12:00:00,282.36014,9.210144,ERCO
2022-03-18 13:00:00,2022-03-18 13:00:00,281.72598,8.575989,ERCO
2022-03-18 14:00:00,2022-03-18 14:00:00,282.2544,9.104401,ERCO
2022-03-18 15:00:00,2022-03-18 15:00:00,283.18408,10.034088,ERCO
2022-03-18 16:00:00,2022-03-18 16:00:00,284.45575,11.305756,ERCO
2022-03-18 17:00:00,2022-03-18 17:00:00,285.87143,12.721436,ERCO
2022-03-18 18:00:00,2022-03-18 18:00:00,287.2995,14.149506,ERCO
2022-03-18 19:00:00,2022-03-18 19:00:00,288.61212,15.462128,ERCO
2022-03-18 20:00:00,2022-03-18 20:00:00,289.7167,16.566711,ERCO
2022-03-18 21:00:00,2022-03-18 21:00:00,290.57892,17.428925,ERCO
2022-03-18 22:00:00,2022-03-18 22:00:00,291.1574,18.007416,ERCO
2022-03-18 23:00:00,2022-03-18 23:00:00,291.39575,18.245758,ERCO
2022-03-19 00:00:00,2022-03-19 00:00:00,291.21976,18.069763,ERCO
2022-03-19 01:00:00,2022-03-19 01:00:00,290.4458,17.295807,ERCO
2022-03-19 02:00:00,2022-03-19 02:00:00,289.39426,16.244263,ERCO
2022-03-19 03:00:00,2022-03-19 03:00:00,288.2534,15.103394,ERCO
2022-03-19 04:00:00,2022-03-19 04:00:00,287.13675,13.986755,ERCO
2022-03-19 05:00:00,2022-03-19 05:00:00,286.1191,12.969116,ERCO
2022-03-19 06:00:00,2022-03-19 06:00:00,285.19742,12.047424,ERCO
2022-03-19 07:00:00,2022-03-19 07:00:00,284.348,11.197998,ERCO
2022-03-19 08:00:00,2022-03-19 08:00:00,283.57257,10.422577,ERCO
2022-03-19 09:00:00,2022-03-19 09:00:00,282.87756,9.72757,ERCO
2022-03-19 10:00:00,2022-03-19 10:00:00,282.2537,9.103699,ERCO
2022-03-19 11:00:00,2022-03-19 11:00:00,281.71567,8.565674,ERCO
2022-03-19 12:00:00,2022-03-19 12:00:00,281.23755,8.087555,ERCO
2022-03-19 13:00:00,2022-03-19 13:00:00,280.89166,7.7416687,ERCO
2022-03-19 14:00:00,2022-03-19 14:00:00,282.65332,9.503326,ERCO
2022-03-19 15:00:00,2022-03-19 15:00:00,285.25336,12.103363,ERCO
2022-03-19 16:00:00,2022-03-19 16:00:00,287.80307,14.653076,ERCO
2022-03-19 17:00:00,2022-03-19 17:00:00,289.9386,16.788605,ERCO
2022-03-19 18:00:00,2022-03-19 18:00:00,291.59134,18.441345,ERCO
2022-03-19 19:00:00,2022-03-19 19:00:00,292.8564,19.70642,ERCO
2022-03-19 20:00:00,2022-03-19 20:00:00,293.78793,20.63794,ERCO
2022-03-19 21:00:00,2022-03-19 21:00:00,294.4583,21.30832,ERCO
2022-03-19 22:00:00,2022-03-19 22:00:00,294.8788,21.72882,ERCO
2022-03-19 23:00:00,2022-03-19 23:00:00,295.0073,21.8573,ERCO
2022-03-20 00:00:00,2022-03-20 00:00:00,294.70926,21.559265,ERCO
2022-03-20 01:00:00,2022-03-20 01:00:00,293.5726,20.422607,ERCO
2022-03-20 02:00:00,2022-03-20 02:00:00,292.22528,19.075287,ERCO
2022-03-20 03:00:00,2022-03-20 03:00:00,290.88046,17.730469,ERCO
2022-03-20 04:00:00,2022-03-20 04:00:00,289.61365,16.463654,ERCO
2022-03-20 05:00:00,2022-03-20 05:00:00,288.4814,15.331421,ERCO
2022-03-20 06:00:00,2022-03-20 06:00:00,287.48883,14.338837,ERCO
2022-03-20 07:00:00,2022-03-20 07:00:00,286.6018,13.451813,ERCO
2022-03-20 08:00:00,2022-03-20 08:00:00,285.79184,12.641846,ERCO
2022-03-20 09:00:00,2022-03-20 09:00:00,285.05322,11.903229,ERCO
2022-03-20 10:00:00,2022-03-20 10:00:00,284.3661,11.216095,ERCO
2022-03-20 11:00:00,2022-03-20 11:00:00,283.73267,10.582672,ERCO
2022-03-20 12:00:00,2022-03-20 12:00:00,283.14062,9.990631,ERCO
2022-03-20 13:00:00,2022-03-20 13:00:00,282.67682,9.526825,ERCO
2022-03-20 14:00:00,2022-03-20 14:00:00,284.8955,11.745514,ERCO
2022-03-20 15:00:00,2022-03-20 15:00:00,287.2798,14.129791,ERCO
2022-03-20 16:00:00,2022-03-20 16:00:00,289.61298,16.462982,ERCO
2022-03-20 17:00:00,2022-03-20 17:00:00,291.5641,18.414093,ERCO
2022-03-20 18:00:00,2022-03-20 18:00:00,293.13785,19.987854,ERCO
2022-03-20 19:00:00,2022-03-20 19:00:00,294.36975,21.219757,ERCO
2022-03-20 20:00:00,2022-03-20 20:00:00,295.2583,22.108307,ERCO
2022-03-20 21:00:00,2022-03-20 21:00:00,295.8073,22.657318,ERCO
2022-03-20 22:00:00,2022-03-20 22:00:00,295.99472,22.844727,ERCO
2022-03-20 23:00:00,2022-03-20 23:00:00,295.7851,22.635101,ERCO
2022-03-21 00:00:00,2022-03-21 00:00:00,295.03262,21.88263,ERCO
2022-03-21 01:00:00,2022-03-21 01:00:00,293.7673,20.61731,ERCO
2022-03-21 02:00:00,2022-03-21 02:00:00,292.68738,19.537384,ERCO
2022-03-21 03:00:00,2022-03-21 03:00:00,291.62823,18.478241,ERCO
2022-03-21 04:00:00,2022-03-21 04:00:00,290.60095,17.450958,ERCO
2022-03-21 05:00:00,2022-03-21 05:00:00,289.7104,16.560394,ERCO
2022-03-21 06:00:00,2022-03-21 06:00:00,288.97617,15.826172,ERCO
2022-03-21 07:00:00,2022-03-21 07:00:00,288.36765,15.217651,ERCO
2022-03-21 08:00:00,2022-03-21 08:00:00,287.94083,14.7908325,ERCO
2022-03-21 09:00:00,2022-03-21 09:00:00,287.75375,14.60376,ERCO
2022-03-21 10:00:00,2022-03-21 10:00:00,287.80472,14.654724,ERCO
2022-03-21 11:00:00,2022-03-21 11:00:00,287.9716,14.821594,ERCO
2022-03-21 12:00:00,2022-03-21 12:00:00,288.14938,14.99939,ERCO
2022-03-21 13:00:00,2022-03-21 13:00:00,288.33652,15.186523,ERCO
2022-03-21 14:00:00,2022-03-21 14:00:00,288.806,15.656006,ERCO
2022-03-21 15:00:00,2022-03-21 15:00:00,289.49002,16.340027,ERCO
2022-03-21 16:00:00,2022-03-21 16:00:00,290.35773,17.207733,ERCO
2022-03-21 17:00:00,2022-03-21 17:00:00,291.41733,18.267334,ERCO
2022-03-21 18:00:00,2022-03-21 18:00:00,292.56372,19.413727,ERCO
2022-03-21 19:00:00,2022-03-21 19:00:00,293.6528,20.502808,ERCO
2022-03-21 20:00:00,2022-03-21 20:00:00,294.49625,21.346252,ERCO
2022-03-21 21:00:00,2022-03-21 21:00:00,295.0503,21.9003,ERCO
2022-03-21 22:00:00,2022-03-21 22:00:00,295.25244,22.102448,ERCO
2022-03-21 23:00:00,2022-03-21 23:00:00,295.01874,21.868744,ERCO
2022-03-22 00:00:00,2022-03-22 00:00:00,294.31744,21.16745,ERCO
2022-03-22 01:00:00,2022-03-22 01:00:00,293.21625,20.066254,ERCO
2022-03-22 02:00:00,2022-03-22 02:00:00,292.26984,19.119843,ERCO
2022-03-22 03:00:00,2022-03-22 03:00:00,291.39474,18.244751,ERCO
2022-03-22 04:00:00,2022-03-22 04:00:00,290.53714,17.387146,ERCO
2022-03-22 05:00:00,2022-03-22 05:00:00,289.74347,16.593475,ERCO
2022-03-22 06:00:00,2022-03-22 06:00:00,289.03207,15.88208,ERCO
2022-03-22 07:00:00,2022-03-22 07:00:00,288.30878,15.158783,ERCO
2022-03-22 08:00:00,2022-03-22 08:00:00,287.56287,14.412872,ERCO
2022-03-22 09:00:00,2022-03-22 09:00:00,286.7767,13.626709,ERCO
2022-03-22 10:00:00,2022-03-22 10:00:00,285.99152,12.841522,ERCO
2022-03-22 11:00:00,2022-03-22 11:00:00,285.24414,12.094147,ERCO
2022-03-22 12:00:00,2022-03-22 12:00:00,284.4087,11.2586975,ERCO
2022-03-22 13:00:00,2022-03-22 13:00:00,283.6657,10.515717,ERCO
2022-03-22 14:00:00,2022-03-22 14:00:00,283.93008,10.78009,ERCO
2022-03-22 15:00:00,2022-03-22 15:00:00,284.4996,11.349609,ERCO
2022-03-22 16:00:00,2022-03-22 16:00:00,285.25293,12.102936,ERCO
2022-03-22 17:00:00,2022-03-22 17:00:00,286.03116,12.881165,ERCO
2022-03-22 18:00:00,2022-03-22 18:00:00,286.76123,13.611237,ERCO
2022-03-22 19:00:00,2022-03-22 19:00:00,287.39658,14.246582,ERCO
2022-03-22 20:00:00,2022-03-22 20:00:00,287.89294,14.74295,ERCO
2022-03-22 21:00:00,2022-03-22 21:00:00,288.2336,15.083618,ERCO
2022-03-22 22:00:00,2022-03-22 22:00:00,288.4083,15.258301,ERCO
2022-03-22 23:00:00,2022-03-22 23:00:00,288.36774,15.217743,ERCO
2022-03-23 00:00:00,2022-03-23 00:00:00,288.03973,14.88974,ERCO
2022-03-23 01:00:00,2022-03-23 01:00:00,287.3228,14.172821,ERCO
2022-03-23 02:00:00,2022-03-23 02:00:00,286.63354,13.483551,ERCO
2022-03-23 03:00:00,2022-03-23 03:00:00,285.85254,12.702545,ERCO
2022-03-23 04:00:00,2022-03-23 04:00:00,285.00827,11.858276,ERCO
2022-03-23 05:00:00,2022-03-23 05:00:00,284.20593,11.055939,ERCO
2022-03-23 06:00:00,2022-03-23 06:00:00,283.47482,10.324829,ERCO
2022-03-23 07:00:00,2022-03-23 07:00:00,282.81723,9.667236,ERCO
2022-03-23 08:00:00,2022-03-23 08:00:00,282.2572,9.107208,ERCO
2022-03-23 09:00:00,2022-03-23 09:00:00,281.7202,8.570221,ERCO
2022-03-23 10:00:00,2022-03-23 10:00:00,281.17072,8.020721,ERCO
2022-03-23 11:00:00,2022-03-23 11:00:00,280.6651,7.515106,ERCO
2022-03-23 12:00:00,2022-03-23 12:00:00,280.21008,7.060089,ERCO
2022-03-23 13:00:00,2022-03-23 13:00:00,279.9596,6.809601,ERCO
2022-03-23 14:00:00,2022-03-23 14:00:00,281.83643,8.686432,ERCO
2022-03-23 15:00:00,2022-03-23 15:00:00,283.5824,10.432404,ERCO
2022-03-23 16:00:00,2022-03-23 16:00:00,284.98868,11.838684,ERCO
2022-03-23 17:00:00,2022-03-23 17:00:00,285.99713,12.847137,ERCO
2022-03-23 18:00:00,2022-03-23 18:00:00,286.8481,13.69812,ERCO
2022-03-23 19:00:00,2022-03-23 19:00:00,287.6098,14.459808,ERCO
2022-03-23 20:00:00,2022-03-23 20:00:00,288.24344,15.093445,ERCO
2022-03-23 21:00:00,2022-03-23 21:00:00,288.73633,15.586334,ERCO
2022-03-23 22:00:00,2022-03-23 22:00:00,289.06818,15.918182,ERCO
2022-03-23 23:00:00,2022-03-23 23:00:00,289.22415,16.074158,ERCO
2022-03-24 00:00:00,2022-03-24 00:00:00,289.08252,15.932526,ERCO
2022-03-24 01:00:00,2022-03-24 01:00:00,288.3445,15.194519,ERCO
2022-03-24 02:00:00,2022-03-24 02:00:00,287.43625,14.286255,ERCO
2022-03-24 03:00:00,2022-03-24 03:00:00,286.49155,13.341553,ERCO
2022-03-24 04:00:00,2022-03-24 04:00:00,285.56607,12.416077,ERCO
2022-03-24 05:00:00,2022-03-24 05:00:00,284.69125,11.54126,ERCO
2022-03-24 06:00:00,2022-03-24 06:00:00,283.84195,10.691956,ERCO
2022-03-24 07:00:00,2022-03-24 07:00:00,282.99884,9.848846,ERCO
2022-03-24 08:00:00,2022-03-24 08:00:00,282.22403,9.074036,ERCO
2022-03-24 09:00:00,2022-03-24 09:00:00,281.56848,8.418488,ERCO
2022-03-24 10:00:00,2022-03-24 10:00:00,281.0336,7.883606,ERCO
2022-03-24 11:00:00,2022-03-24 11:00:00,280.56744,7.41745,ERCO
2022-03-24 12:00:00,2022-03-24 12:00:00,280.13217,6.9821777,ERCO
2022-03-24 13:00:00,2022-03-24 13:00:00,279.83365,6.683655,ERCO
2022-03-24 14:00:00,2022-03-24 14:00:00,282.13303,8.983032,ERCO
2022-03-24 15:00:00,2022-03-24 15:00:00,284.5461,11.396118,ERCO
2022-03-24 16:00:00,2022-03-24 16:00:00,286.99466,13.844666,ERCO
2022-03-24 17:00:00,2022-03-24 17:00:00,288.76517,15.615173,ERCO
2022-03-24 18:00:00,2022-03-24 18:00:00,290.14264,16.992645,ERCO
2022-03-24 19:00:00,2022-03-24 19:00:00,291.30692,18.156921,ERCO
2022-03-24 20:00:00,2022-03-24 20:00:00,292.28424,19.134247,ERCO
2022-03-24 21:00:00,2022-03-24 21:00:00,293.08633,19.93634,ERCO
2022-03-24 22:00:00,2022-03-24 22:00:00,293.6781,20.528107,ERCO
2022-03-24 23:00:00,2022-03-24 23:00:00,294.0379,20.887909,ERCO
2022-03-25 00:00:00,2022-03-25 00:00:00,293.98657,20.836578,ERCO
2022-03-25 01:00:00,2022-03-25 01:00:00,292.9004,19.750397,ERCO
2022-03-25 02:00:00,2022-03-25 02:00:00,291.4492,18.299194,ERCO
2022-03-25 03:00:00,2022-03-25 03:00:00,290.07614,16.926147,ERCO
2022-03-25 04:00:00,2022-03-25 04:00:00,288.82092,15.670929,ERCO
2022-03-25 05:00:00,2022-03-25 05:00:00,287.7229,14.5729065,ERCO
2022-03-25 06:00:00,2022-03-25 06:00:00,286.76416,13.614166,ERCO
2022-03-25 07:00:00,2022-03-25 07:00:00,285.91345,12.763458,ERCO
2022-03-25 08:00:00,2022-03-25 08:00:00,285.18564,12.035645,ERCO
2022-03-25 09:00:00,2022-03-25 09:00:00,284.55637,11.406372,ERCO
2022-03-25 10:00:00,2022-03-25 10:00:00,284.02097,10.870972,ERCO
2022-03-25 11:00:00,2022-03-25 11:00:00,283.5762,10.4262085,ERCO
2022-03-25 12:00:00,2022-03-25 12:00:00,283.18982,10.039825,ERCO
2022-03-25 13:00:00,2022-03-25 13:00:00,282.96338,9.813385,ERCO
2022-03-25 14:00:00,2022-03-25 14:00:00,284.54642,11.396423,ERCO
2022-03-25 15:00:00,2022-03-25 15:00:00,287.8333,14.683319,ERCO
2022-03-25 16:00:00,2022-03-25 16:00:00,290.82437,17.674377,ERCO
2022-03-25 17:00:00,2022-03-25 17:00:00,293.516,20.365997,ERCO
2022-03-25 18:00:00,2022-03-25 18:00:00,295.61862,22.468628,ERCO
2022-03-25 19:00:00,2022-03-25 19:00:00,297.0776,23.927612,ERCO
2022-03-25 20:00:00,2022-03-25 20:00:00,298.0123,24.862305,ERCO
2022-03-25 21:00:00,2022-03-25 21:00:00,298.57748,25.42749,ERCO
2022-03-25 22:00:00,2022-03-25 22:00:00,298.8583,25.708313,ERCO
2022-03-25 23:00:00,2022-03-25 23:00:00,298.8516,25.7016,ERCO
2022-03-26 00:00:00,2022-03-26 00:00:00,298.376,25.226013,ERCO
2022-03-26 01:00:00,2022-03-26 01:00:00,296.88095,23.730957,ERCO
2022-03-26 02:00:00,2022-03-26 02:00:00,295.1008,21.950806,ERCO
2022-03-26 03:00:00,2022-03-26 03:00:00,293.3667,20.216705,ERCO
2022-03-26 04:00:00,2022-03-26 04:00:00,291.7862,18.6362,ERCO
2022-03-26 05:00:00,2022-03-26 05:00:00,290.39102,17.241028,ERCO
2022-03-26 06:00:00,2022-03-26 06:00:00,289.16788,16.017883,ERCO
2022-03-26 07:00:00,2022-03-26 07:00:00,288.08786,14.937866,ERCO
2022-03-26 08:00:00,2022-03-26 08:00:00,287.1516,14.001617,ERCO
2022-03-26 09:00:00,2022-03-26 09:00:00,286.37335,13.223358,ERCO
2022-03-26 10:00:00,2022-03-26 10:00:00,285.76865,12.618652,ERCO
2022-03-26 11:00:00,2022-03-26 11:00:00,285.2857,12.135712,ERCO
2022-03-26 12:00:00,2022-03-26 12:00:00,284.84637,11.696381,ERCO
2022-03-26 13:00:00,2022-03-26 13:00:00,284.6033,11.453308,ERCO
2022-03-26 14:00:00,2022-03-26 14:00:00,286.4107,13.260712,ERCO
2022-03-26 15:00:00,2022-03-26 15:00:00,288.74915,15.599152,ERCO
2022-03-26 16:00:00,2022-03-26 16:00:00,291.29688,18.146881,ERCO
2022-03-26 17:00:00,2022-03-26 17:00:00,293.75653,20.606537,ERCO
2022-03-26 18:00:00,2022-03-26 18:00:00,295.87854,22.728546,ERCO
2022-03-26 19:00:00,2022-03-26 19:00:00,297.59995,24.449951,ERCO
2022-03-26 20:00:00,2022-03-26 20:00:00,298.88956,25.739563,ERCO
2022-03-26 21:00:00,2022-03-26 21:00:00,299.76477,26.614777,ERCO
2022-03-26 22:00:00,2022-03-26 22:00:00,300.26355,27.113556,ERCO
2022-03-26 23:00:00,2022-03-26 23:00:00,300.3539,27.203918,ERCO
2022-03-27 00:00:00,2022-03-27 00:00:00,299.8335,26.683502,ERCO
2022-03-27 01:00:00,2022-03-27 01:00:00,298.35925,25.209259,ERCO
2022-03-27 02:00:00,2022-03-27 02:00:00,296.68976,23.539764,ERCO
2022-03-27 03:00:00,2022-03-27 03:00:00,295.0294,21.879395,ERCO
2022-03-27 04:00:00,2022-03-27 04:00:00,293.55664,20.406647,ERCO
2022-03-27 05:00:00,2022-03-27 05:00:00,292.28522,19.135223,ERCO
2022-03-27 06:00:00,2022-03-27 06:00:00,291.1833,18.033295,ERCO
2022-03-27 07:00:00,2022-03-27 07:00:00,290.2082,17.058197,ERCO
2022-03-27 08:00:00,2022-03-27 08:00:00,289.3523,16.202301,ERCO
2022-03-27 09:00:00,2022-03-27 09:00:00,288.60138,15.4513855,ERCO
2022-03-27 10:00:00,2022-03-27 10:00:00,287.92035,14.770355,ERCO
2022-03-27 11:00:00,2022-03-27 11:00:00,287.28302,14.133026,ERCO
2022-03-27 12:00:00,2022-03-27 12:00:00,286.70932,13.559326,ERCO
2022-03-27 13:00:00,2022-03-27 13:00:00,286.44513,13.2951355,ERCO
2022-03-27 14:00:00,2022-03-27 14:00:00,288.52496,15.3749695,ERCO
2022-03-27 15:00:00,2022-03-27 15:00:00,290.77975,17.62976,ERCO
2022-03-27 16:00:00,2022-03-27 16:00:00,293.0864,19.936401,ERCO
2022-03-27 17:00:00,2022-03-27 17:00:00,295.34167,22.19168,ERCO
2022-03-27 18:00:00,2022-03-27 18:00:00,297.3068,24.1568,ERCO
2022-03-27 19:00:00,2022-03-27 19:00:00,298.87564,25.725647,ERCO
2022-03-27 20:00:00,2022-03-27 20:00:00,300.00366,26.853668,ERCO
2022-03-27 21:00:00,2022-03-27 21:00:00,300.7053,27.555298,ERCO
2022-03-27 22:00:00,2022-03-27 22:00:00,300.9972,27.847198,ERCO
2022-03-27 23:00:00,2022-03-27 23:00:00,300.8324,27.682404,ERCO
2022-03-28 00:00:00,2022-03-28 00:00:00,300.04114,26.891144,ERCO
2022-03-28 01:00:00,2022-03-28 01:00:00,298.47458,25.324585,ERCO
2022-03-28 02:00:00,2022-03-28 02:00:00,296.7974,23.6474,ERCO
2022-03-28 03:00:00,2022-03-28 03:00:00,295.12567,21.975677,ERCO
2022-03-28 04:00:00,2022-03-28 04:00:00,293.61243,20.462433,ERCO
2022-03-28 05:00:00,2022-03-28 05:00:00,292.2816,19.131592,ERCO
2022-03-28 06:00:00,2022-03-28 06:00:00,291.11868,17.968689,ERCO
2022-03-28 07:00:00,2022-03-28 07:00:00,290.1134,16.96341,ERCO
2022-03-28 08:00:00,2022-03-28 08:00:00,289.27863,16.128632,ERCO
2022-03-28 09:00:00,2022-03-28 09:00:00,288.65353,15.50354,ERCO
2022-03-28 10:00:00,2022-03-28 10:00:00,288.1732,15.023193,ERCO
2022-03-28 11:00:00,2022-03-28 11:00:00,287.79782,14.647827,ERCO
2022-03-28 12:00:00,2022-03-28 12:00:00,287.51575,14.365753,ERCO
2022-03-28 13:00:00,2022-03-28 13:00:00,287.384,14.234009,ERCO
2022-03-28 14:00:00,2022-03-28 14:00:00,288.54343,15.393433,ERCO
2022-03-28 15:00:00,2022-03-28 15:00:00,290.1165,16.966492,ERCO
2022-03-28 16:00:00,2022-03-28 16:00:00,292.04324,18.89325,ERCO
2022-03-28 17:00:00,2022-03-28 17:00:00,294.12503,20.975037,ERCO
2022-03-28 18:00:00,2022-03-28 18:00:00,296.1416,22.991608,ERCO
2022-03-28 19:00:00,2022-03-28 19:00:00,297.86832,24.718323,ERCO
2022-03-28 20:00:00,2022-03-28 20:00:00,299.19785,26.047852,ERCO
2022-03-28 21:00:00,2022-03-28 21:00:00,300.10165,26.95166,ERCO
2022-03-28 22:00:00,2022-03-28 22:00:00,300.56863,27.41864,ERCO
2022-03-28 23:00:00,2022-03-28 23:00:00,300.5754,27.425415,ERCO
2022-03-29 00:00:00,2022-03-29 00:00:00,300.00677,26.856781,ERCO
2022-03-29 01:00:00,2022-03-29 01:00:00,298.79605,25.646057,ERCO
2022-03-29 02:00:00,2022-03-29 02:00:00,297.62134,24.471344,ERCO
2022-03-29 03:00:00,2022-03-29 03:00:00,296.3972,23.247192,ERCO
2022-03-29 04:00:00,2022-03-29 04:00:00,295.2764,22.126404,ERCO
2022-03-29 05:00:00,2022-03-29 05:00:00,294.32507,21.17508,ERCO
2022-03-29 06:00:00,2022-03-29 06:00:00,293.48788,20.33789,ERCO
2022-03-29 07:00:00,2022-03-29 07:00:00,292.7485,19.59851,ERCO
2022-03-29 08:00:00,2022-03-29 08:00:00,292.1304,18.980408,ERCO
2022-03-29 09:00:00,2022-03-29 09:00:00,291.64105,18.491058,ERCO
2022-03-29 10:00:00,2022-03-29 10:00:00,291.24408,18.094086,ERCO
2022-03-29 11:00:00,2022-03-29 11:00:00,290.94037,17.790375,ERCO
2022-03-29 12:00:00,2022-03-29 12:00:00,290.69177,17.541779,ERCO
2022-03-29 13:00:00,2022-03-29 13:00:00,290.61612,17.466125,ERCO
2022-03-29 14:00:00,2022-03-29 14:00:00,291.42252,18.272522,ERCO
2022-03-29 15:00:00,2022-03-29 15:00:00,292.47812,19.328125,ERCO
2022-03-29 16:00:00,2022-03-29 16:00:00,293.72137,20.57138,ERCO
2022-03-29 17:00:00,2022-03-29 17:00:00,295.11697,21.96698,ERCO
2022-03-29 18:00:00,2022-03-29 18:00:00,296.52933,23.379333,ERCO
2022-03-29 19:00:00,2022-03-29 19:00:00,297.7688,24.618805,ERCO
2022-03-29 20:00:00,2022-03-29 20:00:00,298.70428,25.55429,ERCO
2022-03-29 21:00:00,2022-03-29 21:00:00,299.29932,26.149323,ERCO
2022-03-29 22:00:00,2022-03-29 22:00:00,299.48608,26.33609,ERCO
2022-03-29 23:00:00,2022-03-29 23:00:00,299.21942,26.069427,ERCO
2022-03-30 00:00:00,2022-03-30 00:00:00,298.40817,25.258179,ERCO
2022-03-30 01:00:00,2022-03-30 01:00:00,297.14926,23.999268,ERCO
2022-03-30 02:00:00,2022-03-30 02:00:00,296.0862,22.936218,ERCO
2022-03-30 03:00:00,2022-03-30 03:00:00,295.16006,22.01007,ERCO
2022-03-30 04:00:00,2022-03-30 04:00:00,294.40005,21.250061,ERCO
2022-03-30 05:00:00,2022-03-30 05:00:00,293.7435,20.593506,ERCO
2022-03-30 06:00:00,2022-03-30 06:00:00,293.1971,20.04712,ERCO
2022-03-30 07:00:00,2022-03-30 07:00:00,292.67526,19.525269,ERCO
2022-03-30 08:00:00,2022-03-30 08:00:00,292.1102,18.960205,ERCO
2022-03-30 09:00:00,2022-03-30 09:00:00,291.5507,18.400696,ERCO
2022-03-30 10:00:00,2022-03-30 10:00:00,290.9718,17.821808,ERCO
2022-03-30 11:00:00,2022-03-30 11:00:00,290.31607,17.166077,ERCO
2022-03-30 12:00:00,2022-03-30 12:00:00,289.58493,16.434937,ERCO
2022-03-30 13:00:00,2022-03-30 13:00:00,289.01974,15.869751,ERCO
2022-03-30 14:00:00,2022-03-30 14:00:00,289.66052,16.510529,ERCO
2022-03-30 15:00:00,2022-03-30 15:00:00,290.4499,17.299896,ERCO
2022-03-30 16:00:00,2022-03-30 16:00:00,291.34863,18.198639,ERCO
2022-03-30 17:00:00,2022-03-30 17:00:00,292.29022,19.140228,ERCO
2022-03-30 18:00:00,2022-03-30 18:00:00,293.17297,20.02298,ERCO
2022-03-30 19:00:00,2022-03-30 19:00:00,293.91083,20.760834,ERCO
2022-03-30 20:00:00,2022-03-30 20:00:00,294.44174,21.291748,ERCO
2022-03-30 21:00:00,2022-03-30 21:00:00,294.77524,21.625244,ERCO
2022-03-30 22:00:00,2022-03-30 22:00:00,294.94687,21.796875,ERCO
2022-03-30 23:00:00,2022-03-30 23:00:00,294.9025,21.752502,ERCO
2022-03-31 00:00:00,2022-03-31 00:00:00,294.5108,21.36081,ERCO
2022-03-31 01:00:00,2022-03-31 01:00:00,293.6119,20.461914,ERCO
2022-03-31 02:00:00,2022-03-31 02:00:00,292.54648,19.396484,ERCO
2022-03-31 03:00:00,2022-03-31 03:00:00,291.3995,18.249512,ERCO
2022-03-31 04:00:00,2022-03-31 04:00:00,290.24744,17.097443,ERCO
2022-03-31 05:00:00,2022-03-31 05:00:00,289.15033,16.000336,ERCO
2022-03-31 06:00:00,2022-03-31 06:00:00,288.15775,15.007751,ERCO
2022-03-31 07:00:00,2022-03-31 07:00:00,287.20166,14.051666,ERCO
2022-03-31 08:00:00,2022-03-31 08:00:00,286.31277,13.162781,ERCO
2022-03-31 09:00:00,2022-03-31 09:00:00,285.5227,12.372711,ERCO
2022-03-31 10:00:00,2022-03-31 10:00:00,284.8309,11.680908,ERCO
2022-03-31 11:00:00,2022-03-31 11:00:00,284.20868,11.058685,ERCO
2022-03-31 12:00:00,2022-03-31 12:00:00,283.61298,10.462982,ERCO
2022-03-31 13:00:00,2022-03-31 13:00:00,283.2821,10.132111,ERCO
2022-03-31 14:00:00,2022-03-31 14:00:00,284.55896,11.408966,ERCO
2022-03-31 15:00:00,2022-03-31 15:00:00,286.11902,12.969025,ERCO
2022-03-31 16:00:00,2022-03-31 16:00:00,287.61975,14.469757,ERCO
2022-03-31 17:00:00,2022-03-31 17:00:00,289.06366,15.913666,ERCO
2022-03-31 18:00:00,2022-03-31 18:00:00,290.4366,17.286621,ERCO
2022-03-31 19:00:00,2022-03-31 19:00:00,291.63193,18.481934,ERCO
2022-03-31 20:00:00,2022-03-31 20:00:00,292.6155,19.465515,ERCO
2022-03-31 21:00:00,2022-03-31 21:00:00,293.378,20.227997,ERCO
2022-03-31 22:00:00,2022-03-31 22:00:00,293.87592,20.725922,ERCO
2022-03-31 23:00:00,2022-03-31 23:00:00,294.0818,20.931793,ERCO
2022-04-01 00:00:00,2022-04-01 00:00:00,293.89792,20.747925,ERCO
2022-04-01 01:00:00,2022-04-01 01:00:00,293.12085,19.970856,ERCO
2022-04-01 02:00:00,2022-04-01 02:00:00,292.03015,18.880157,ERCO
2022-04-01 03:00:00,2022-04-01 03:00:00,290.85437,17.704376,ERCO
2022-04-01 04:00:00,2022-04-01 04:00:00,289.68784,16.537842,ERCO
2022-04-01 05:00:00,2022-04-01 05:00:00,288.62668,15.476685,ERCO
2022-04-01 06:00:00,2022-04-01 06:00:00,287.6773,14.527313,ERCO
2022-04-01 07:00:00,2022-04-01 07:00:00,286.8058,13.655792,ERCO
2022-04-01 08:00:00,2022-04-01 08:00:00,286.04095,12.890961,ERCO
2022-04-01 09:00:00,2022-04-01 09:00:00,285.38516,12.235168,ERCO
2022-04-01 10:00:00,2022-04-01 10:00:00,284.83237,11.682373,ERCO
2022-04-01 11:00:00,2022-04-01 11:00:00,284.37427,11.224274,ERCO
2022-04-01 12:00:00,2022-04-01 12:00:00,283.99576,10.845764,ERCO
2022-04-01 13:00:00,2022-04-01 13:00:00,284.1208,10.970795,ERCO
2022-04-01 14:00:00,2022-04-01 14:00:00,286.22086,13.070862,ERCO
2022-04-01 15:00:00,2022-04-01 15:00:00,288.1676,15.017609,ERCO
2022-04-01 16:00:00,2022-04-01 16:00:00,290.17337,17.023376,ERCO
2022-04-01 17:00:00,2022-04-01 17:00:00,291.99933,18.849335,ERCO
2022-04-01 18:00:00,2022-04-01 18:00:00,293.62,20.470001,ERCO
2022-04-01 19:00:00,2022-04-01 19:00:00,294.972,21.821991,ERCO
2022-04-01 20:00:00,2022-04-01 20:00:00,296.0317,22.881714,ERCO
2022-04-01 21:00:00,2022-04-01 21:00:00,296.8011,23.651093,ERCO
2022-04-01 22:00:00,2022-04-01 22:00:00,297.24597,24.095978,ERCO
2022-04-01 23:00:00,2022-04-01 23:00:00,297.31033,24.16034,ERCO
2022-04-02 00:00:00,2022-04-02 00:00:00,296.79968,23.649689,ERCO
2022-04-02 01:00:00,2022-04-02 01:00:00,295.64948,22.499481,ERCO
2022-04-02 02:00:00,2022-04-02 02:00:00,294.53442,21.38443,ERCO
2022-04-02 03:00:00,2022-04-02 03:00:00,293.34033,20.190338,ERCO
2022-04-02 04:00:00,2022-04-02 04:00:00,292.19675,19.046753,ERCO
2022-04-02 05:00:00,2022-04-02 05:00:00,291.1999,18.049896,ERCO
2022-04-02 06:00:00,2022-04-02 06:00:00,290.27182,17.121826,ERCO
2022-04-02 07:00:00,2022-04-02 07:00:00,289.44812,16.298126,ERCO
2022-04-02 08:00:00,2022-04-02 08:00:00,288.76785,15.617859,ERCO
2022-04-02 09:00:00,2022-04-02 09:00:00,288.239,15.08902,ERCO
2022-04-02 10:00:00,2022-04-02 10:00:00,287.82553,14.675537,ERCO
2022-04-02 11:00:00,2022-04-02 11:00:00,287.45392,14.303925,ERCO
2022-04-02 12:00:00,2022-04-02 12:00:00,287.0599,13.909912,ERCO
2022-04-02 13:00:00,2022-04-02 13:00:00,286.88126,13.731262,ERCO
2022-04-02 14:00:00,2022-04-02 14:00:00,288.02252,14.872528,ERCO
2022-04-02 15:00:00,2022-04-02 15:00:00,289.46912,16.319122,ERCO
2022-04-02 16:00:00,2022-04-02 16:00:00,291.0761,17.926117,ERCO
2022-04-02 17:00:00,2022-04-02 17:00:00,292.67703,19.527039,ERCO
2022-04-02 18:00:00,2022-04-02 18:00:00,294.1594,21.0094,ERCO
2022-04-02 19:00:00,2022-04-02 19:00:00,295.44766,22.297668,ERCO
2022-04-02 20:00:00,2022-04-02 20:00:00,296.48834,23.338348,ERCO
2022-04-02 21:00:00,2022-04-02 21:00:00,297.26685,24.116852,ERCO
2022-04-02 22:00:00,2022-04-02 22:00:00,297.75598,24.605988,ERCO
2022-04-02 23:00:00,2022-04-02 23:00:00,297.90894,24.758942,ERCO
2022-04-03 00:00:00,2022-04-03 00:00:00,297.66324,24.513245,ERCO
2022-04-03 01:00:00,2022-04-03 01:00:00,296.82477,23.674774,ERCO
2022-04-03 02:00:00,2022-04-03 02:00:00,295.72253,22.57254,ERCO
2022-04-03 03:00:00,2022-04-03 03:00:00,294.51758,21.367584,ERCO
2022-04-03 04:00:00,2022-04-03 04:00:00,293.32983,20.17984,ERCO
2022-04-03 05:00:00,2022-04-03 05:00:00,292.2661,19.11612,ERCO
2022-04-03 06:00:00,2022-04-03 06:00:00,291.32187,18.171875,ERCO
2022-04-03 07:00:00,2022-04-03 07:00:00,290.4733,17.323303,ERCO
2022-04-03 08:00:00,2022-04-03 08:00:00,289.71643,16.566437,ERCO
2022-04-03 09:00:00,2022-04-03 09:00:00,289.08365,15.933655,ERCO
2022-04-03 10:00:00,2022-04-03 10:00:00,288.57895,15.428955,ERCO
2022-04-03 11:00:00,2022-04-03 11:00:00,288.1816,15.031616,ERCO
2022-04-03 12:00:00,2022-04-03 12:00:00,287.84967,14.6996765,ERCO
2022-04-03 13:00:00,2022-04-03 13:00:00,287.9719,14.821899,ERCO
2022-04-03 14:00:00,2022-04-03 14:00:00,289.6977,16.547699,ERCO
2022-04-03 15:00:00,2022-04-03 15:00:00,291.4532,18.303192,ERCO
2022-04-03 16:00:00,2022-04-03 16:00:00,293.4057,20.255707,ERCO
2022-04-03 17:00:00,2022-04-03 17:00:00,295.25134,22.101349,ERCO
2022-04-03 18:00:00,2022-04-03 18:00:00,296.8811,23.73111,ERCO
2022-04-03 19:00:00,2022-04-03 19:00:00,298.2254,25.075409,ERCO
2022-04-03 20:00:00,2022-04-03 20:00:00,299.2636,26.113617,ERCO
2022-04-03 21:00:00,2022-04-03 21:00:00,299.98254,26.83255,ERCO
2022-04-03 22:00:00,2022-04-03 22:00:00,300.33167,27.181671,ERCO
2022-04-03 23:00:00,2022-04-03 23:00:00,300.2478,27.097809,ERCO
2022-04-04 00:00:00,2022-04-04 00:00:00,299.51398,26.363983,ERCO
2022-04-04 01:00:00,2022-04-04 01:00:00,298.13574,24.985748,ERCO
2022-04-04 02:00:00,2022-04-04 02:00:00,296.8482,23.698212,ERCO
2022-04-04 03:00:00,2022-04-04 03:00:00,295.67105,22.521057,ERCO
2022-04-04 04:00:00,2022-04-04 04:00:00,294.6622,21.512207,ERCO
2022-04-04 05:00:00,2022-04-04 05:00:00,293.76385,20.613861,ERCO
2022-04-04 06:00:00,2022-04-04 06:00:00,292.95676,19.806763,ERCO
2022-04-04 07:00:00,2022-04-04 07:00:00,292.23193,19.08194,ERCO
2022-04-04 08:00:00,2022-04-04 08:00:00,291.6093,18.45932,ERCO
2022-04-04 09:00:00,2022-04-04 09:00:00,291.11124,17.961243,ERCO
2022-04-04 10:00:00,2022-04-04 10:00:00,290.73813,17.588135,ERCO
2022-04-04 11:00:00,2022-04-04 11:00:00,290.5065,17.356506,ERCO
2022-04-04 12:00:00,2022-04-04 12:00:00,290.35214,17.202148,ERCO
2022-04-04 13:00:00,2022-04-04 13:00:00,290.32288,17.172882,ERCO
2022-04-04 14:00:00,2022-04-04 14:00:00,290.79184,17.641846,ERCO
2022-04-04 15:00:00,2022-04-04 15:00:00,291.4536,18.30362,ERCO
2022-04-04 16:00:00,2022-04-04 16:00:00,292.21082,19.060822,ERCO
2022-04-04 17:00:00,2022-04-04 17:00:00,292.9909,19.840912,ERCO
2022-04-04 18:00:00,2022-04-04 18:00:00,293.8029,20.652893,ERCO
2022-04-04 19:00:00,2022-04-04 19:00:00,294.58936,21.439362,ERCO
2022-04-04 20:00:00,2022-04-04 20:00:00,295.219,22.069,ERCO
2022-04-04 21:00:00,2022-04-04 21:00:00,295.66882,22.51883,ERCO
2022-04-04 22:00:00,2022-04-04 22:00:00,295.93124,22.78125,ERCO
2022-04-04 23:00:00,2022-04-04 23:00:00,295.96594,22.815948,ERCO
2022-04-05 00:00:00,2022-04-05 00:00:00,295.64557,22.495575,ERCO
2022-04-05 01:00:00,2022-04-05 01:00:00,294.9474,21.797394,ERCO
2022-04-05 02:00:00,2022-04-05 02:00:00,294.12543,20.975433,ERCO
2022-04-05 03:00:00,2022-04-05 03:00:00,293.2926,20.142609,ERCO
2022-04-05 04:00:00,2022-04-05 04:00:00,292.5125,19.362518,ERCO
2022-04-05 05:00:00,2022-04-05 05:00:00,291.8228,18.672821,ERCO
2022-04-05 06:00:00,2022-04-05 06:00:00,291.23203,18.082031,ERCO
2022-04-05 07:00:00,2022-04-05 07:00:00,290.7544,17.6044,ERCO
2022-04-05 08:00:00,2022-04-05 08:00:00,290.3542,17.204193,ERCO
2022-04-05 09:00:00,2022-04-05 09:00:00,290.03867,16.888672,ERCO
2022-04-05 10:00:00,2022-04-05 10:00:00,289.79565,16.64566,ERCO
2022-04-05 11:00:00,2022-04-05 11:00:00,289.6097,16.459717,ERCO
2022-04-05 12:00:00,2022-04-05 12:00:00,289.46307,16.31308,ERCO
2022-04-05 13:00:00,2022-04-05 13:00:00,289.5945,16.444519,ERCO
2022-04-05 14:00:00,2022-04-05 14:00:00,291.05182,17.901825,ERCO
2022-04-05 15:00:00,2022-04-05 15:00:00,292.75644,19.606445,ERCO
2022-04-05 16:00:00,2022-04-05 16:00:00,295.00015,21.850159,ERCO
2022-04-05 17:00:00,2022-04-05 17:00:00,297.3161,24.166107,ERCO
2022-04-05 18:00:00,2022-04-05 18:00:00,299.37024,26.220245,ERCO
2022-04-05 19:00:00,2022-04-05 19:00:00,301.00516,27.855164,ERCO
2022-04-05 20:00:00,2022-04-05 20:00:00,302.25348,29.103485,ERCO
2022-04-05 21:00:00,2022-04-05 21:00:00,303.18506,30.035065,ERCO
2022-04-05 22:00:00,2022-04-05 22:00:00,303.84473,30.694733,ERCO
2022-04-05 23:00:00,2022-04-05 23:00:00,304.1092,30.959198,ERCO
2022-04-06 00:00:00,2022-04-06 00:00:00,303.80432,30.654327,ERCO
2022-04-06 01:00:00,2022-04-06 01:00:00,302.67072,29.520721,ERCO
2022-04-06 02:00:00,2022-04-06 02:00:00,301.2852,28.135193,ERCO
2022-04-06 03:00:00,2022-04-06 03:00:00,299.73782,26.58783,ERCO
2022-04-06 04:00:00,2022-04-06 04:00:00,298.3519,25.201904,ERCO
2022-04-06 05:00:00,2022-04-06 05:00:00,297.0939,23.943909,ERCO
2022-04-06 06:00:00,2022-04-06 06:00:00,295.93637,22.786377,ERCO
2022-04-06 07:00:00,2022-04-06 07:00:00,294.84842,21.698425,ERCO
2022-04-06 08:00:00,2022-04-06 08:00:00,293.79913,20.64914,ERCO
2022-04-06 09:00:00,2022-04-06 09:00:00,292.83002,19.680023,ERCO
2022-04-06 10:00:00,2022-04-06 10:00:00,291.87094,18.720947,ERCO
2022-04-06 11:00:00,2022-04-06 11:00:00,290.8666,17.716614,ERCO
2022-04-06 12:00:00,2022-04-06 12:00:00,289.8885,16.738495,ERCO
2022-04-06 13:00:00,2022-04-06 13:00:00,289.16373,16.013733,ERCO
2022-04-06 14:00:00,2022-04-06 14:00:00,289.31204,16.162048,ERCO
2022-04-06 15:00:00,2022-04-06 15:00:00,289.90967,16.759674,ERCO
2022-04-06 16:00:00,2022-04-06 16:00:00,290.79645,17.646454,ERCO
2022-04-06 17:00:00,2022-04-06 17:00:00,291.72064,18.570648,ERCO
2022-04-06 18:00:00,2022-04-06 18:00:00,292.63495,19.484955,ERCO
2022-04-06 19:00:00,2022-04-06 19:00:00,293.42484,20.274841,ERCO
2022-04-06 20:00:00,2022-04-06 20:00:00,294.04767,20.897675,ERCO
2022-04-06 21:00:00,2022-04-06 21:00:00,294.46402,21.314026,ERCO
2022-04-06 22:00:00,2022-04-06 22:00:00,294.61572,21.465729,ERCO
2022-04-06 23:00:00,2022-04-06 23:00:00,294.51025,21.36026,ERCO
2022-04-07 00:00:00,2022-04-07 00:00:00,294.10406,20.954071,ERCO
2022-04-07 01:00:00,2022-04-07 01:00:00,293.18893,20.03894,ERCO
2022-04-07 02:00:00,2022-04-07 02:00:00,292.23776,19.087769,ERCO
2022-04-07 03:00:00,2022-04-07 03:00:00,291.17502,18.025024,ERCO
2022-04-07 04:00:00,2022-04-07 04:00:00,289.99384,16.843842,ERCO
2022-04-07 05:00:00,2022-04-07 05:00:00,288.80627,15.6562805,ERCO
2022-04-07 06:00:00,2022-04-07 06:00:00,287.702,14.552002,ERCO
2022-04-07 07:00:00,2022-04-07 07:00:00,286.68152,13.531525,ERCO
2022-04-07 08:00:00,2022-04-07 08:00:00,285.75668,12.606689,ERCO
2022-04-07 09:00:00,2022-04-07 09:00:00,284.9291,11.779114,ERCO
2022-04-07 10:00:00,2022-04-07 10:00:00,284.20157,11.051575,ERCO
2022-04-07 11:00:00,2022-04-07 11:00:00,283.57684,10.426849,ERCO
2022-04-07 12:00:00,2022-04-07 12:00:00,283.01505,9.865051,ERCO
2022-04-07 13:00:00,2022-04-07 13:00:00,283.36023,10.210236,ERCO
2022-04-07 14:00:00,2022-04-07 14:00:00,285.8922,12.742218,ERCO
2022-04-07 15:00:00,2022-04-07 15:00:00,287.86133,14.711334,ERCO
2022-04-07 16:00:00,2022-04-07 16:00:00,289.02704,15.877045,ERCO
2022-04-07 17:00:00,2022-04-07 17:00:00,289.92,16.77002,ERCO
2022-04-07 18:00:00,2022-04-07 18:00:00,290.76944,17.619446,ERCO
2022-04-07 19:00:00,2022-04-07 19:00:00,291.53574,18.385742,ERCO
2022-04-07 20:00:00,2022-04-07 20:00:00,292.1952,19.045197,ERCO
2022-04-07 21:00:00,2022-04-07 21:00:00,292.71835,19.56836,ERCO
2022-04-07 22:00:00,2022-04-07 22:00:00,293.0573,19.907318,ERCO
2022-04-07 23:00:00,2022-04-07 23:00:00,293.18326,20.033264,ERCO
2022-04-08 00:00:00,2022-04-08 00:00:00,292.9989,19.848907,ERCO
2022-04-08 01:00:00,2022-04-08 01:00:00,292.24823,19.098236,ERCO
2022-04-08 02:00:00,2022-04-08 02:00:00,291.25818,18.108185,ERCO
2022-04-08 03:00:00,2022-04-08 03:00:00,290.02573,16.875732,ERCO
2022-04-08 04:00:00,2022-04-08 04:00:00,288.70392,15.553925,ERCO
2022-04-08 05:00:00,2022-04-08 05:00:00,287.55304,14.403046,ERCO
2022-04-08 06:00:00,2022-04-08 06:00:00,286.57138,13.421387,ERCO
2022-04-08 07:00:00,2022-04-08 07:00:00,285.65112,12.501129,ERCO
2022-04-08 08:00:00,2022-04-08 08:00:00,284.79767,11.647675,ERCO
2022-04-08 09:00:00,2022-04-08 09:00:00,284.0357,10.885712,ERCO
2022-04-08 10:00:00,2022-04-08 10:00:00,283.3473,10.197296,ERCO
2022-04-08 11:00:00,2022-04-08 11:00:00,282.71765,9.567657,ERCO
2022-04-08 12:00:00,2022-04-08 12:00:00,282.1358,8.985809,ERCO
2022-04-08 13:00:00,2022-04-08 13:00:00,282.30496,9.154968,ERCO
2022-04-08 14:00:00,2022-04-08 14:00:00,284.7479,11.5979,ERCO
2022-04-08 15:00:00,2022-04-08 15:00:00,286.94183,13.79184,ERCO
2022-04-08 16:00:00,2022-04-08 16:00:00,288.58575,15.4357605,ERCO
2022-04-08 17:00:00,2022-04-08 17:00:00,289.7768,16.6268,ERCO
2022-04-08 18:00:00,2022-04-08 18:00:00,290.82855,17.678558,ERCO
2022-04-08 19:00:00,2022-04-08 19:00:00,291.79376,18.643768,ERCO
2022-04-08 20:00:00,2022-04-08 20:00:00,292.65143,19.501434,ERCO
2022-04-08 21:00:00,2022-04-08 21:00:00,293.35965,20.209656,ERCO
2022-04-08 22:00:00,2022-04-08 22:00:00,293.8689,20.718903,ERCO
2022-04-08 23:00:00,2022-04-08 23:00:00,294.13373,20.983734,ERCO
2022-04-09 00:00:00,2022-04-09 00:00:00,294.0706,20.920593,ERCO
2022-04-09 01:00:00,2022-04-09 01:00:00,293.35022,20.200226,ERCO
2022-04-09 02:00:00,2022-04-09 02:00:00,292.13593,18.985931,ERCO
2022-04-09 03:00:00,2022-04-09 03:00:00,290.85925,17.709259,ERCO
2022-04-09 04:00:00,2022-04-09 04:00:00,289.6194,16.46939,ERCO
2022-04-09 05:00:00,2022-04-09 05:00:00,288.48477,15.334778,ERCO
2022-04-09 06:00:00,2022-04-09 06:00:00,287.4747,14.324707,ERCO
2022-04-09 07:00:00,2022-04-09 07:00:00,286.5571,13.4071045,ERCO
2022-04-09 08:00:00,2022-04-09 08:00:00,285.76202,12.61203,ERCO
2022-04-09 09:00:00,2022-04-09 09:00:00,285.1047,11.954712,ERCO
2022-04-09 10:00:00,2022-04-09 10:00:00,284.5558,11.405792,ERCO
2022-04-09 11:00:00,2022-04-09 11:00:00,284.095,10.945007,ERCO
2022-04-09 12:00:00,2022-04-09 12:00:00,283.68744,10.537445,ERCO
2022-04-09 13:00:00,2022-04-09 13:00:00,284.0897,10.939697,ERCO
2022-04-09 14:00:00,2022-04-09 14:00:00,287.27576,14.125763,ERCO
2022-04-09 15:00:00,2022-04-09 15:00:00,289.93716,16.78717,ERCO
2022-04-09 16:00:00,2022-04-09 16:00:00,292.56665,19.416656,ERCO
2022-04-09 17:00:00,2022-04-09 17:00:00,294.86838,21.718384,ERCO
2022-04-09 18:00:00,2022-04-09 18:00:00,296.80582,23.655823,ERCO
2022-04-09 19:00:00,2022-04-09 19:00:00,298.32727,25.177277,ERCO
2022-04-09 20:00:00,2022-04-09 20:00:00,299.43365,26.28366,ERCO
2022-04-09 21:00:00,2022-04-09 21:00:00,300.17776,27.027771,ERCO
2022-04-09 22:00:00,2022-04-09 22:00:00,300.5774,27.427399,ERCO
2022-04-09 23:00:00,2022-04-09 23:00:00,300.58096,27.43097,ERCO
2022-04-10 00:00:00,2022-04-10 00:00:00,300.00296,26.852966,ERCO
2022-04-10 01:00:00,2022-04-10 01:00:00,298.72733,25.577332,ERCO
2022-04-10 02:00:00,2022-04-10 02:00:00,297.43326,24.283264,ERCO
2022-04-10 03:00:00,2022-04-10 03:00:00,296.10077,22.950775,ERCO
2022-04-10 04:00:00,2022-04-10 04:00:00,294.80402,21.654022,ERCO
2022-04-10 05:00:00,2022-04-10 05:00:00,293.68964,20.539642,ERCO
2022-04-10 06:00:00,2022-04-10 06:00:00,292.71512,19.565125,ERCO
2022-04-10 07:00:00,2022-04-10 07:00:00,291.82712,18.677124,ERCO
2022-04-10 08:00:00,2022-04-10 08:00:00,291.0158,17.865814,ERCO
2022-04-10 09:00:00,2022-04-10 09:00:00,290.30588,17.155884,ERCO
2022-04-10 10:00:00,2022-04-10 10:00:00,289.69675,16.546753,ERCO
2022-04-10 11:00:00,2022-04-10 11:00:00,289.221,16.071014,ERCO
2022-04-10 12:00:00,2022-04-10 12:00:00,288.82947,15.679474,ERCO
2022-04-10 13:00:00,2022-04-10 13:00:00,289.30457,16.154572,ERCO
2022-04-10 14:00:00,2022-04-10 14:00:00,291.38614,18.236145,ERCO
2022-04-10 15:00:00,2022-04-10 15:00:00,293.37985,20.229858,ERCO
2022-04-10 16:00:00,2022-04-10 16:00:00,295.4781,22.328094,ERCO
2022-04-10 17:00:00,2022-04-10 17:00:00,297.4204,24.270416,ERCO
2022-04-10 18:00:00,2022-04-10 18:00:00,299.06934,25.919342,ERCO
2022-04-10 19:00:00,2022-04-10 19:00:00,300.34366,27.193665,ERCO
2022-04-10 20:00:00,2022-04-10 20:00:00,301.20996,28.059967,ERCO
2022-04-10 21:00:00,2022-04-10 21:00:00,301.7256,28.575592,ERCO
2022-04-10 22:00:00,2022-04-10 22:00:00,301.90192,28.751923,ERCO
2022-04-10 23:00:00,2022-04-10 23:00:00,301.74435,28.59436,ERCO
2022-04-11 00:00:00,2022-04-11 00:00:00,301.13516,27.985168,ERCO
2022-04-11 01:00:00,2022-04-11 01:00:00,299.98532,26.835327,ERCO
2022-04-11 02:00:00,2022-04-11 02:00:00,298.66168,25.511688,ERCO
2022-04-11 03:00:00,2022-04-11 03:00:00,297.3754,24.225403,ERCO
2022-04-11 04:00:00,2022-04-11 04:00:00,296.20435,23.054352,ERCO
2022-04-11 05:00:00,2022-04-11 05:00:00,295.2262,22.076202,ERCO
2022-04-11 06:00:00,2022-04-11 06:00:00,294.38837,21.238373,ERCO
2022-04-11 07:00:00,2022-04-11 07:00:00,293.68808,20.538086,ERCO
2022-04-11 08:00:00,2022-04-11 08:00:00,293.10043,19.95044,ERCO
2022-04-11 09:00:00,2022-04-11 09:00:00,292.5689,19.418915,ERCO
2022-04-11 10:00:00,2022-04-11 10:00:00,292.09647,18.946472,ERCO
2022-04-11 11:00:00,2022-04-11 11:00:00,291.70062,18.550629,ERCO
2022-04-11 12:00:00,2022-04-11 12:00:00,291.313,18.162994,ERCO
2022-04-11 13:00:00,2022-04-11 13:00:00,291.27786,18.127869,ERCO
2022-04-11 14:00:00,2022-04-11 14:00:00,292.32428,19.174286,ERCO
2022-04-11 15:00:00,2022-04-11 15:00:00,293.62238,20.472382,ERCO
2022-04-11 16:00:00,2022-04-11 16:00:00,295.17108,22.021088,ERCO
2022-04-11 17:00:00,2022-04-11 17:00:00,296.73373,23.58374,ERCO
2022-04-11 18:00:00,2022-04-11 18:00:00,298.16425,25.014252,ERCO
2022-04-11 19:00:00,2022-04-11 19:00:00,299.4192,26.269196,ERCO
2022-04-11 20:00:00,2022-04-11 20:00:00,300.40146,27.251465,ERCO
2022-04-11 21:00:00,2022-04-11 21:00:00,301.10962,27.959625,ERCO
2022-04-11 22:00:00,2022-04-11 22:00:00,301.50665,28.356659,ERCO
2022-04-11 23:00:00,2022-04-11 23:00:00,301.53635,28.386353,ERCO
2022-04-12 00:00:00,2022-04-12 00:00:00,301.1267,27.976715,ERCO
2022-04-12 01:00:00,2022-04-12 01:00:00,300.16342,27.013428,ERCO
2022-04-12 02:00:00,2022-04-12 02:00:00,298.95053,25.800537,ERCO
2022-04-12 03:00:00,2022-04-12 03:00:00,297.77927,24.629272,ERCO
2022-04-12 04:00:00,2022-04-12 04:00:00,296.65796,23.507965,ERCO
2022-04-12 05:00:00,2022-04-12 05:00:00,295.7146,22.564606,ERCO
2022-04-12 06:00:00,2022-04-12 06:00:00,294.9328,21.782806,ERCO
2022-04-12 07:00:00,2022-04-12 07:00:00,294.28333,21.133331,ERCO
2022-04-12 08:00:00,2022-04-12 08:00:00,293.75034,20.600342,ERCO
2022-04-12 09:00:00,2022-04-12 09:00:00,293.3777,20.227692,ERCO
2022-04-12 10:00:00,2022-04-12 10:00:00,293.1228,19.972809,ERCO
2022-04-12 11:00:00,2022-04-12 11:00:00,292.92462,19.774628,ERCO
2022-04-12 12:00:00,2022-04-12 12:00:00,292.777,19.627014,ERCO
2022-04-12 13:00:00,2022-04-12 13:00:00,292.89722,19.747223,ERCO
2022-04-12 14:00:00,2022-04-12 14:00:00,294.00702,20.857025,ERCO
2022-04-12 15:00:00,2022-04-12 15:00:00,295.21445,22.064453,ERCO
2022-04-12 16:00:00,2022-04-12 16:00:00,296.66373,23.513733,ERCO
2022-04-12 17:00:00,2022-04-12 17:00:00,298.1868,25.036804,ERCO
2022-04-12 18:00:00,2022-04-12 18:00:00,299.6643,26.514313,ERCO
2022-04-12 19:00:00,2022-04-12 19:00:00,300.96817,27.818176,ERCO
2022-04-12 20:00:00,2022-04-12 20:00:00,301.95493,28.804932,ERCO
2022-04-12 21:00:00,2022-04-12 21:00:00,302.55438,29.404388,ERCO
2022-04-12 22:00:00,2022-04-12 22:00:00,302.78027,29.63028,ERCO
2022-04-12 23:00:00,2022-04-12 23:00:00,302.6453,29.4953,ERCO
2022-04-13 00:00:00,2022-04-13 00:00:00,302.16824,29.01825,ERCO
2022-04-13 01:00:00,2022-04-13 01:00:00,301.14072,27.990723,ERCO
2022-04-13 02:00:00,2022-04-13 02:00:00,300.0119,26.861908,ERCO
2022-04-13 03:00:00,2022-04-13 03:00:00,298.81528,25.665283,ERCO
2022-04-13 04:00:00,2022-04-13 04:00:00,297.67545,24.525452,ERCO
2022-04-13 05:00:00,2022-04-13 05:00:00,296.6761,23.526093,ERCO
2022-04-13 06:00:00,2022-04-13 06:00:00,295.86957,22.719574,ERCO
2022-04-13 07:00:00,2022-04-13 07:00:00,295.22083,22.070831,ERCO
2022-04-13 08:00:00,2022-04-13 08:00:00,294.6745,21.524506,ERCO
2022-04-13 09:00:00,2022-04-13 09:00:00,294.16153,21.011536,ERCO
2022-04-13 10:00:00,2022-04-13 10:00:00,293.6821,20.532104,ERCO
2022-04-13 11:00:00,2022-04-13 11:00:00,293.17712,20.02713,ERCO
2022-04-13 12:00:00,2022-04-13 12:00:00,292.6285,19.478516,ERCO
2022-04-13 13:00:00,2022-04-13 13:00:00,292.4799,19.329895,ERCO
2022-04-13 14:00:00,2022-04-13 14:00:00,293.3705,20.22052,ERCO
2022-04-13 15:00:00,2022-04-13 15:00:00,294.20996,21.059967,ERCO
2022-04-13 16:00:00,2022-04-13 16:00:00,295.1833,22.033295,ERCO
2022-04-13 17:00:00,2022-04-13 17:00:00,296.17056,23.020569,ERCO
2022-04-13 18:00:00,2022-04-13 18:00:00,297.0708,23.920807,ERCO
2022-04-13 19:00:00,2022-04-13 19:00:00,297.81622,24.66623,ERCO
2022-04-13 20:00:00,2022-04-13 20:00:00,298.34155,25.191559,ERCO
2022-04-13 21:00:00,2022-04-13 21:00:00,298.66214,25.512146,ERCO
2022-04-13 22:00:00,2022-04-13 22:00:00,298.7506,25.600616,ERCO
2022-04-13 23:00:00,2022-04-13 23:00:00,298.53586,25.385864,ERCO
2022-04-14 00:00:00,2022-04-14 00:00:00,297.9149,24.764893,ERCO
2022-04-14 01:00:00,2022-04-14 01:00:00,296.69458,23.544586,ERCO
2022-04-14 02:00:00,2022-04-14 02:00:00,295.15488,22.004883,ERCO
2022-04-14 03:00:00,2022-04-14 03:00:00,293.50473,20.354736,ERCO
2022-04-14 04:00:00,2022-04-14 04:00:00,291.98804,18.838043,ERCO
2022-04-14 05:00:00,2022-04-14 05:00:00,290.6687,17.518707,ERCO
2022-04-14 06:00:00,2022-04-14 06:00:00,289.52368,16.373688,ERCO
2022-04-14 07:00:00,2022-04-14 07:00:00,288.46976,15.319763,ERCO
2022-04-14 08:00:00,2022-04-14 08:00:00,287.4745,14.324493,ERCO
2022-04-14 09:00:00,2022-04-14 09:00:00,286.5083,13.358307,ERCO
2022-04-14 10:00:00,2022-04-14 10:00:00,285.60748,12.457489,ERCO
2022-04-14 11:00:00,2022-04-14 11:00:00,284.77856,11.628571,ERCO
2022-04-14 12:00:00,2022-04-14 12:00:00,284.01056,10.860565,ERCO
2022-04-14 13:00:00,2022-04-14 13:00:00,284.2137,11.063721,ERCO
2022-04-14 14:00:00,2022-04-14 14:00:00,285.96252,12.8125305,ERCO
2022-04-14 15:00:00,2022-04-14 15:00:00,287.97577,14.825775,ERCO
2022-04-14 16:00:00,2022-04-14 16:00:00,290.1525,17.002502,ERCO
2022-04-14 17:00:00,2022-04-14 17:00:00,292.1997,19.049713,ERCO
2022-04-14 18:00:00,2022-04-14 18:00:00,293.99976,20.849762,ERCO
2022-04-14 19:00:00,2022-04-14 19:00:00,295.4834,22.333405,ERCO
2022-04-14 20:00:00,2022-04-14 20:00:00,296.62808,23.478088,ERCO
2022-04-14 21:00:00,2022-04-14 21:00:00,297.4874,24.337402,ERCO
2022-04-14 22:00:00,2022-04-14 22:00:00,298.03342,24.883423,ERCO
2022-04-14 23:00:00,2022-04-14 23:00:00,298.2211,25.071106,ERCO
2022-04-15 00:00:00,2022-04-15 00:00:00,297.96933,24.819336,ERCO
2022-04-15 01:00:00,2022-04-15 01:00:00,296.98892,23.838928,ERCO
2022-04-15 02:00:00,2022-04-15 02:00:00,295.8435,22.693512,ERCO
2022-04-15 03:00:00,2022-04-15 03:00:00,294.6491,21.499115,ERCO
2022-04-15 04:00:00,2022-04-15 04:00:00,293.4553,20.305298,ERCO
2022-04-15 05:00:00,2022-04-15 05:00:00,292.43237,19.28238,ERCO
2022-04-15 06:00:00,2022-04-15 06:00:00,291.57083,18.420837,ERCO
2022-04-15 07:00:00,2022-04-15 07:00:00,290.86105,17.71106,ERCO
2022-04-15 08:00:00,2022-04-15 08:00:00,290.28604,17.136047,ERCO
2022-04-15 09:00:00,2022-04-15 09:00:00,289.8046,16.654602,ERCO
2022-04-15 10:00:00,2022-04-15 10:00:00,289.3699,16.21991,ERCO
2022-04-15 11:00:00,2022-04-15 11:00:00,289.04187,15.891876,ERCO
2022-04-15 12:00:00,2022-04-15 12:00:00,288.83405,15.6840515,ERCO
2022-04-15 13:00:00,2022-04-15 13:00:00,289.42047,16.270477,ERCO
2022-04-15 14:00:00,2022-04-15 14:00:00,290.77936,17.629364,ERCO
2022-04-15 15:00:00,2022-04-15 15:00:00,292.2651,19.115112,ERCO
2022-04-15 16:00:00,2022-04-15 16:00:00,294.03424,20.884247,ERCO
2022-04-15 17:00:00,2022-04-15 17:00:00,295.8641,22.714111,ERCO
2022-04-15 18:00:00,2022-04-15 18:00:00,297.6452,24.495209,ERCO
2022-04-15 19:00:00,2022-04-15 19:00:00,299.21057,26.060577,ERCO
2022-04-15 20:00:00,2022-04-15 20:00:00,300.41595,27.26596,ERCO
2022-04-15 21:00:00,2022-04-15 21:00:00,301.282,28.132019,ERCO
2022-04-15 22:00:00,2022-04-15 22:00:00,301.81802,28.66803,ERCO
2022-04-15 23:00:00,2022-04-15 23:00:00,302.01184,28.861847,ERCO
2022-04-16 00:00:00,2022-04-16 00:00:00,301.78528,28.635284,ERCO
2022-04-16 01:00:00,2022-04-16 01:00:00,300.91714,27.76715,ERCO
2022-04-16 02:00:00,2022-04-16 02:00:00,299.74368,26.593689,ERCO
2022-04-16 03:00:00,2022-04-16 03:00:00,298.58093,25.430939,ERCO
2022-04-16 04:00:00,2022-04-16 04:00:00,297.46863,24.318634,ERCO
2022-04-16 05:00:00,2022-04-16 05:00:00,296.47668,23.32669,ERCO
2022-04-16 06:00:00,2022-04-16 06:00:00,295.61426,22.464264,ERCO
2022-04-16 07:00:00,2022-04-16 07:00:00,294.834,21.684021,ERCO
2022-04-16 08:00:00,2022-04-16 08:00:00,294.13602,20.986023,ERCO
2022-04-16 09:00:00,2022-04-16 09:00:00,293.5292,20.379211,ERCO
2022-04-16 10:00:00,2022-04-16 10:00:00,293.0177,19.867706,ERCO
2022-04-16 11:00:00,2022-04-16 11:00:00,292.53925,19.389252,ERCO
2022-04-16 12:00:00,2022-04-16 12:00:00,292.12488,18.974884,ERCO
2022-04-16 13:00:00,2022-04-16 13:00:00,292.01334,18.863342,ERCO
2022-04-16 14:00:00,2022-04-16 14:00:00,292.48743,19.337433,ERCO
2022-04-16 15:00:00,2022-04-16 15:00:00,293.26065,20.110657,ERCO
2022-04-16 16:00:00,2022-04-16 16:00:00,294.24026,21.090271,ERCO
2022-04-16 17:00:00,2022-04-16 17:00:00,295.27887,22.128876,ERCO
2022-04-16 18:00:00,2022-04-16 18:00:00,296.2641,23.114105,ERCO
2022-04-16 19:00:00,2022-04-16 19:00:00,297.1025,23.952515,ERCO
2022-04-16 20:00:00,2022-04-16 20:00:00,297.72244,24.572449,ERCO
2022-04-16 21:00:00,2022-04-16 21:00:00,298.08203,24.932037,ERCO
2022-04-16 22:00:00,2022-04-16 22:00:00,298.11874,24.96875,ERCO
2022-04-16 23:00:00,2022-04-16 23:00:00,297.7911,24.641113,ERCO
2022-04-17 00:00:00,2022-04-17 00:00:00,297.031,23.881012,ERCO
2022-04-17 01:00:00,2022-04-17 01:00:00,295.84415,22.694153,ERCO
2022-04-17 02:00:00,2022-04-17 02:00:00,294.56503,21.41504,ERCO
2022-04-17 03:00:00,2022-04-17 03:00:00,293.43427,20.284271,ERCO
2022-04-17 04:00:00,2022-04-17 04:00:00,292.4516,19.301605,ERCO
2022-04-17 05:00:00,2022-04-17 05:00:00,291.6145,18.464508,ERCO
2022-04-17 06:00:00,2022-04-17 06:00:00,290.917,17.766998,ERCO
2022-04-17 07:00:00,2022-04-17 07:00:00,290.3484,17.198395,ERCO
2022-04-17 08:00:00,2022-04-17 08:00:00,289.9146,16.764618,ERCO
2022-04-17 09:00:00,2022-04-17 09:00:00,289.5987,16.4487,ERCO
2022-04-17 10:00:00,2022-04-17 10:00:00,289.36096,16.210968,ERCO
2022-04-17 11:00:00,2022-04-17 11:00:00,289.1976,16.047607,ERCO
2022-04-17 12:00:00,2022-04-17 12:00:00,289.06314,15.913147,ERCO
2022-04-17 13:00:00,2022-04-17 13:00:00,289.22473,16.074738,ERCO
2022-04-17 14:00:00,2022-04-17 14:00:00,290.23395,17.083954,ERCO
2022-04-17 15:00:00,2022-04-17 15:00:00,291.49973,18.349731,ERCO
2022-04-17 16:00:00,2022-04-17 16:00:00,293.00333,19.853333,ERCO
2022-04-17 17:00:00,2022-04-17 17:00:00,294.63528,21.48529,ERCO
2022-04-17 18:00:00,2022-04-17 18:00:00,296.24402,23.094025,ERCO
2022-04-17 19:00:00,2022-04-17 19:00:00,297.6831,24.533112,ERCO
2022-04-17 20:00:00,2022-04-17 20:00:00,298.8618,25.711792,ERCO
2022-04-17 21:00:00,2022-04-17 21:00:00,299.72992,26.579926,ERCO
2022-04-17 22:00:00,2022-04-17 22:00:00,300.2515,27.101501,ERCO
2022-04-17 23:00:00,2022-04-17 23:00:00,300.38724,27.237244,ERCO
2022-04-18 00:00:00,2022-04-18 00:00:00,300.09824,26.948242,ERCO
2022-04-18 01:00:00,2022-04-18 01:00:00,299.2419,26.091919,ERCO
2022-04-18 02:00:00,2022-04-18 02:00:00,297.97098,24.820984,ERCO
2022-04-18 03:00:00,2022-04-18 03:00:00,296.67322,23.523224,ERCO
2022-04-18 04:00:00,2022-04-18 04:00:00,295.37402,22.22403,ERCO
2022-04-18 05:00:00,2022-04-18 05:00:00,294.17307,21.023071,ERCO
2022-04-18 06:00:00,2022-04-18 06:00:00,293.0525,19.902496,ERCO
2022-04-18 07:00:00,2022-04-18 07:00:00,291.9812,18.831207,ERCO
2022-04-18 08:00:00,2022-04-18 08:00:00,290.97675,17.826752,ERCO
2022-04-18 09:00:00,2022-04-18 09:00:00,290.01602,16.866028,ERCO
2022-04-18 10:00:00,2022-04-18 10:00:00,289.10278,15.952789,ERCO
2022-04-18 11:00:00,2022-04-18 11:00:00,288.24133,15.091339,ERCO
2022-04-18 12:00:00,2022-04-18 12:00:00,287.42322,14.273224,ERCO
2022-04-18 13:00:00,2022-04-18 13:00:00,287.4074,14.257416,ERCO
2022-04-18 14:00:00,2022-04-18 14:00:00,288.2418,15.091797,ERCO
2022-04-18 15:00:00,2022-04-18 15:00:00,289.5071,16.357117,ERCO
2022-04-18 16:00:00,2022-04-18 16:00:00,290.9434,17.793396,ERCO
2022-04-18 17:00:00,2022-04-18 17:00:00,292.37268,19.222687,ERCO
2022-04-18 18:00:00,2022-04-18 18:00:00,293.72607,20.57608,ERCO
2022-04-18 19:00:00,2022-04-18 19:00:00,294.94412,21.794128,ERCO
2022-04-18 20:00:00,2022-04-18 20:00:00,295.91806,22.768066,ERCO
2022-04-18 21:00:00,2022-04-18 21:00:00,296.60864,23.458649,ERCO
2022-04-18 22:00:00,2022-04-18 22:00:00,296.98517,23.835175,ERCO
2022-04-18 23:00:00,2022-04-18 23:00:00,296.9787,23.828705,ERCO
2022-04-19 00:00:00,2022-04-19 00:00:00,296.54175,23.391754,ERCO
2022-04-19 01:00:00,2022-04-19 01:00:00,295.629,22.479004,ERCO
2022-04-19 02:00:00,2022-04-19 02:00:00,294.6138,21.463806,ERCO
2022-04-19 03:00:00,2022-04-19 03:00:00,293.6329,20.48291,ERCO
2022-04-19 04:00:00,2022-04-19 04:00:00,292.61017,19.460175,ERCO
2022-04-19 05:00:00,2022-04-19 05:00:00,291.61316,18.463165,ERCO
2022-04-19 06:00:00,2022-04-19 06:00:00,290.65778,17.507782,ERCO
2022-04-19 07:00:00,2022-04-19 07:00:00,289.75656,16.606567,ERCO
2022-04-19 08:00:00,2022-04-19 08:00:00,288.95557,15.8055725,ERCO
2022-04-19 09:00:00,2022-04-19 09:00:00,288.25626,15.106262,ERCO
2022-04-19 10:00:00,2022-04-19 10:00:00,287.65054,14.500549,ERCO
2022-04-19 11:00:00,2022-04-19 11:00:00,287.16693,14.016937,ERCO
2022-04-19 12:00:00,2022-04-19 12:00:00,286.78555,13.635559,ERCO
2022-04-19 13:00:00,2022-04-19 13:00:00,287.29938,14.149384,ERCO
2022-04-19 14:00:00,2022-04-19 14:00:00,288.13223,14.982239,ERCO
2022-04-19 15:00:00,2022-04-19 15:00:00,289.13113,15.98114,ERCO
2022-04-19 16:00:00,2022-04-19 16:00:00,290.20514,17.055145,ERCO
2022-04-19 17:00:00,2022-04-19 17:00:00,291.28168,18.131683,ERCO
2022-04-19 18:00:00,2022-04-19 18:00:00,292.32846,19.178467,ERCO
2022-04-19 19:00:00,2022-04-19 19:00:00,293.28204,20.13205,ERCO
2022-04-19 20:00:00,2022-04-19 20:00:00,294.0208,20.87082,ERCO
2022-04-19 21:00:00,2022-04-19 21:00:00,294.57263,21.422638,ERCO
2022-04-19 22:00:00,2022-04-19 22:00:00,294.88736,21.737366,ERCO
2022-04-19 23:00:00,2022-04-19 23:00:00,294.92963,21.779633,ERCO
2022-04-20 00:00:00,2022-04-20 00:00:00,294.7048,21.55481,ERCO
2022-04-20 01:00:00,2022-04-20 01:00:00,294.24185,21.091858,ERCO
2022-04-20 02:00:00,2022-04-20 02:00:00,293.83395,20.68396,ERCO
2022-04-20 03:00:00,2022-04-20 03:00:00,293.49088,20.340881,ERCO
2022-04-20 04:00:00,2022-04-20 04:00:00,293.18683,20.036835,ERCO
2022-04-20 05:00:00,2022-04-20 05:00:00,292.97003,19.820038,ERCO
2022-04-20 06:00:00,2022-04-20 06:00:00,292.81204,19.662048,ERCO
2022-04-20 07:00:00,2022-04-20 07:00:00,292.66467,19.514679,ERCO
2022-04-20 08:00:00,2022-04-20 08:00:00,292.53812,19.388123,ERCO
2022-04-20 09:00:00,2022-04-20 09:00:00,292.41653,19.26654,ERCO
2022-04-20 10:00:00,2022-04-20 10:00:00,292.35266,19.202667,ERCO
2022-04-20 11:00:00,2022-04-20 11:00:00,292.32162,19.17163,ERCO
2022-04-20 12:00:00,2022-04-20 12:00:00,292.22833,19.078339,ERCO
2022-04-20 13:00:00,2022-04-20 13:00:00,292.4936,19.343597,ERCO
2022-04-20 14:00:00,2022-04-20 14:00:00,293.43106,20.281067,ERCO
2022-04-20 15:00:00,2022-04-20 15:00:00,294.72406,21.574066,ERCO
2022-04-20 16:00:00,2022-04-20 16:00:00,296.24695,23.096954,ERCO
2022-04-20 17:00:00,2022-04-20 17:00:00,297.76834,24.618347,ERCO
2022-04-20 18:00:00,2022-04-20 18:00:00,299.1966,26.0466,ERCO
2022-04-20 19:00:00,2022-04-20 19:00:00,300.4134,27.263397,ERCO
2022-04-20 20:00:00,2022-04-20 20:00:00,301.3405,28.190521,ERCO
2022-04-20 21:00:00,2022-04-20 21:00:00,301.97232,28.822327,ERCO
2022-04-20 22:00:00,2022-04-20 22:00:00,302.32208,29.172089,ERCO
2022-04-20 23:00:00,2022-04-20 23:00:00,302.34506,29.195068,ERCO
2022-04-21 00:00:00,2022-04-21 00:00:00,301.95285,28.802856,ERCO
2022-04-21 01:00:00,2022-04-21 01:00:00,300.98013,27.83014,ERCO
2022-04-21 02:00:00,2022-04-21 02:00:00,299.67102,26.521027,ERCO
2022-04-21 03:00:00,2022-04-21 03:00:00,298.45837,25.30838,ERCO
2022-04-21 04:00:00,2022-04-21 04:00:00,297.34293,24.192932,ERCO
2022-04-21 05:00:00,2022-04-21 05:00:00,296.36905,23.219055,ERCO
2022-04-21 06:00:00,2022-04-21 06:00:00,295.52844,22.378448,ERCO
2022-04-21 07:00:00,2022-04-21 07:00:00,294.84686,21.696869,ERCO
2022-04-21 08:00:00,2022-04-21 08:00:00,294.27524,21.125244,ERCO
2022-04-21 09:00:00,2022-04-21 09:00:00,293.8639,20.713898,ERCO
2022-04-21 10:00:00,2022-04-21 10:00:00,293.57977,20.42978,ERCO
2022-04-21 11:00:00,2022-04-21 11:00:00,293.3735,20.22351,ERCO
2022-04-21 12:00:00,2022-04-21 12:00:00,293.20038,20.050385,ERCO
2022-04-21 13:00:00,2022-04-21 13:00:00,293.47098,20.320984,ERCO
2022-04-21 14:00:00,2022-04-21 14:00:00,294.39594,21.245941,ERCO
2022-04-21 15:00:00,2022-04-21 15:00:00,295.52145,22.37146,ERCO
2022-04-21 16:00:00,2022-04-21 16:00:00,296.83752,23.68753,ERCO
2022-04-21 17:00:00,2022-04-21 17:00:00,298.19983,25.049835,ERCO
2022-04-21 18:00:00,2022-04-21 18:00:00,299.48254,26.33255,ERCO
2022-04-21 19:00:00,2022-04-21 19:00:00,300.59262,27.442627,ERCO
2022-04-21 20:00:00,2022-04-21 20:00:00,301.42548,28.275482,ERCO
2022-04-21 21:00:00,2022-04-21 21:00:00,301.9648,28.81482,ERCO
2022-04-21 22:00:00,2022-04-21 22:00:00,302.1919,29.0419,ERCO
2022-04-21 23:00:00,2022-04-21 23:00:00,302.07916,28.929169,ERCO
2022-04-22 00:00:00,2022-04-22 00:00:00,301.5426,28.392609,ERCO
2022-04-22 01:00:00,2022-04-22 01:00:00,300.4918,27.341797,ERCO
2022-04-22 02:00:00,2022-04-22 02:00:00,299.36865,26.218658,ERCO
2022-04-22 03:00:00,2022-04-22 03:00:00,298.35425,25.204254,ERCO
2022-04-22 04:00:00,2022-04-22 04:00:00,297.41608,24.266083,ERCO
2022-04-22 05:00:00,2022-04-22 05:00:00,296.587,23.437012,ERCO
2022-04-22 06:00:00,2022-04-22 06:00:00,295.86545,22.715454,ERCO
2022-04-22 07:00:00,2022-04-22 07:00:00,295.22678,22.076782,ERCO
2022-04-22 08:00:00,2022-04-22 08:00:00,294.65607,21.506073,ERCO
2022-04-22 09:00:00,2022-04-22 09:00:00,294.1898,21.039795,ERCO
2022-04-22 10:00:00,2022-04-22 10:00:00,293.83298,20.682983,ERCO
2022-04-22 11:00:00,2022-04-22 11:00:00,293.62335,20.473358,ERCO
2022-04-22 12:00:00,2022-04-22 12:00:00,293.51767,20.367676,ERCO
2022-04-22 13:00:00,2022-04-22 13:00:00,293.82953,20.679535,ERCO
2022-04-22 14:00:00,2022-04-22 14:00:00,294.43304,21.28305,ERCO
2022-04-22 15:00:00,2022-04-22 15:00:00,295.1535,22.00351,ERCO
2022-04-22 16:00:00,2022-04-22 16:00:00,296.03476,22.884766,ERCO
2022-04-22 17:00:00,2022-04-22 17:00:00,297.0849,23.934906,ERCO
2022-04-22 18:00:00,2022-04-22 18:00:00,298.20853,25.058533,ERCO
2022-04-22 19:00:00,2022-04-22 19:00:00,299.25266,26.102661,ERCO
2022-04-22 20:00:00,2022-04-22 20:00:00,300.1004,26.950409,ERCO
2022-04-22 21:00:00,2022-04-22 21:00:00,300.6906,27.540619,ERCO
2022-04-22 22:00:00,2022-04-22 22:00:00,300.9444,27.794403,ERCO
2022-04-22 23:00:00,2022-04-22 23:00:00,300.7619,27.611908,ERCO
2022-04-23 00:00:00,2022-04-23 00:00:00,300.11697,26.96698,ERCO
2022-04-23 01:00:00,2022-04-23 01:00:00,299.08688,25.93689,ERCO
2022-04-23 02:00:00,2022-04-23 02:00:00,298.14444,24.994446,ERCO
2022-04-23 03:00:00,2022-04-23 03:00:00,297.30756,24.157562,ERCO
2022-04-23 04:00:00,2022-04-23 04:00:00,296.43628,23.286285,ERCO
2022-04-23 05:00:00,2022-04-23 05:00:00,295.57034,22.42035,ERCO
2022-04-23 06:00:00,2022-04-23 06:00:00,294.80545,21.655457,ERCO
2022-04-23 07:00:00,2022-04-23 07:00:00,294.18552,21.035522,ERCO
2022-04-23 08:00:00,2022-04-23 08:00:00,293.70868,20.558685,ERCO
2022-04-23 09:00:00,2022-04-23 09:00:00,293.34692,20.19693,ERCO
2022-04-23 10:00:00,2022-04-23 10:00:00,293.08438,19.934387,ERCO
2022-04-23 11:00:00,2022-04-23 11:00:00,292.89032,19.740326,ERCO
2022-04-23 12:00:00,2022-04-23 12:00:00,292.71884,19.568848,ERCO
2022-04-23 13:00:00,2022-04-23 13:00:00,293.0266,19.876617,ERCO
2022-04-23 14:00:00,2022-04-23 14:00:00,293.86902,20.719025,ERCO
2022-04-23 15:00:00,2022-04-23 15:00:00,294.87186,21.721863,ERCO
2022-04-23 16:00:00,2022-04-23 16:00:00,295.93823,22.788239,ERCO
2022-04-23 17:00:00,2022-04-23 17:00:00,297.0389,23.888916,ERCO
2022-04-23 18:00:00,2022-04-23 18:00:00,298.13425,24.984253,ERCO
2022-04-23 19:00:00,2022-04-23 19:00:00,299.11795,25.967957,ERCO
2022-04-23 20:00:00,2022-04-23 20:00:00,299.91086,26.760864,ERCO
2022-04-23 21:00:00,2022-04-23 21:00:00,300.4755,27.3255,ERCO
2022-04-23 22:00:00,2022-04-23 22:00:00,300.76898,27.618988,ERCO
2022-04-23 23:00:00,2022-04-23 23:00:00,300.75558,27.60559,ERCO
2022-04-24 00:00:00,2022-04-24 00:00:00,300.34592,27.195923,ERCO
2022-04-24 01:00:00,2022-04-24 01:00:00,299.49017,26.34018,ERCO
2022-04-24 02:00:00,2022-04-24 02:00:00,298.5078,25.357819,ERCO
2022-04-24 03:00:00,2022-04-24 03:00:00,297.5576,24.407593,ERCO
2022-04-24 04:00:00,2022-04-24 04:00:00,296.65976,23.509766,ERCO
2022-04-24 05:00:00,2022-04-24 05:00:00,295.852,22.701996,ERCO
2022-04-24 06:00:00,2022-04-24 06:00:00,295.15854,22.008545,ERCO
2022-04-24 07:00:00,2022-04-24 07:00:00,294.56497,21.414978,ERCO
2022-04-24 08:00:00,2022-04-24 08:00:00,294.03598,20.885986,ERCO
2022-04-24 09:00:00,2022-04-24 09:00:00,293.62036,20.470367,ERCO
2022-04-24 10:00:00,2022-04-24 10:00:00,293.2764,20.126404,ERCO
2022-04-24 11:00:00,2022-04-24 11:00:00,293.00085,19.85086,ERCO
2022-04-24 12:00:00,2022-04-24 12:00:00,292.77313,19.623138,ERCO
2022-04-24 13:00:00,2022-04-24 13:00:00,292.98373,19.83374,ERCO
2022-04-24 14:00:00,2022-04-24 14:00:00,293.56354,20.413544,ERCO
2022-04-24 15:00:00,2022-04-24 15:00:00,294.33118,21.181183,ERCO
2022-04-24 16:00:00,2022-04-24 16:00:00,295.16977,22.019775,ERCO
2022-04-24 17:00:00,2022-04-24 17:00:00,296.03616,22.88617,ERCO
2022-04-24 18:00:00,2022-04-24 18:00:00,296.91226,23.762268,ERCO
2022-04-24 19:00:00,2022-04-24 19:00:00,297.69315,24.543152,ERCO
2022-04-24 20:00:00,2022-04-24 20:00:00,298.28183,25.131836,ERCO
2022-04-24 21:00:00,2022-04-24 21:00:00,298.659,25.509003,ERCO
2022-04-24 22:00:00,2022-04-24 22:00:00,298.79504,25.64505,ERCO
2022-04-24 23:00:00,2022-04-24 23:00:00,298.62762,25.47763,ERCO
2022-04-25 00:00:00,2022-04-25 00:00:00,298.07053,24.920532,ERCO
2022-04-25 01:00:00,2022-04-25 01:00:00,297.14618,23.996185,ERCO
2022-04-25 02:00:00,2022-04-25 02:00:00,296.14377,22.993774,ERCO
2022-04-25 03:00:00,2022-04-25 03:00:00,295.2337,22.08371,ERCO
2022-04-25 04:00:00,2022-04-25 04:00:00,294.38367,21.233673,ERCO
2022-04-25 05:00:00,2022-04-25 05:00:00,293.6129,20.462921,ERCO
2022-04-25 06:00:00,2022-04-25 06:00:00,292.9345,19.784515,ERCO
2022-04-25 07:00:00,2022-04-25 07:00:00,292.35587,19.205872,ERCO
2022-04-25 08:00:00,2022-04-25 08:00:00,291.91345,18.763458,ERCO
2022-04-25 09:00:00,2022-04-25 09:00:00,291.55283,18.402832,ERCO
2022-04-25 10:00:00,2022-04-25 10:00:00,291.22964,18.07965,ERCO
2022-04-25 11:00:00,2022-04-25 11:00:00,290.93304,17.78305,ERCO
2022-04-25 12:00:00,2022-04-25 12:00:00,290.6334,17.483398,ERCO
2022-04-25 13:00:00,2022-04-25 13:00:00,290.74197,17.59198,ERCO
2022-04-25 14:00:00,2022-04-25 14:00:00,291.0665,17.916504,ERCO
2022-04-25 15:00:00,2022-04-25 15:00:00,291.59094,18.440948,ERCO
2022-04-25 16:00:00,2022-04-25 16:00:00,292.22614,19.076141,ERCO
2022-04-25 17:00:00,2022-04-25 17:00:00,292.9188,19.768799,ERCO
2022-04-25 18:00:00,2022-04-25 18:00:00,293.65393,20.503937,ERCO
2022-04-25 19:00:00,2022-04-25 19:00:00,294.29404,21.144043,ERCO
2022-04-25 20:00:00,2022-04-25 20:00:00,294.7747,21.624695,ERCO
2022-04-25 21:00:00,2022-04-25 21:00:00,295.0836,21.933594,ERCO
2022-04-25 22:00:00,2022-04-25 22:00:00,295.13528,21.98529,ERCO
2022-04-25 23:00:00,2022-04-25 23:00:00,294.94324,21.793243,ERCO
2022-04-26 00:00:00,2022-04-26 00:00:00,294.4809,21.330902,ERCO
2022-04-26 01:00:00,2022-04-26 01:00:00,293.73154,20.581543,ERCO
2022-04-26 02:00:00,2022-04-26 02:00:00,292.90918,19.759186,ERCO
2022-04-26 03:00:00,2022-04-26 03:00:00,292.15088,19.000885,ERCO
2022-04-26 04:00:00,2022-04-26 04:00:00,291.4015,18.251495,ERCO
2022-04-26 05:00:00,2022-04-26 05:00:00,290.6929,17.542908,ERCO
2022-04-26 06:00:00,2022-04-26 06:00:00,290.04453,16.894531,ERCO
2022-04-26 07:00:00,2022-04-26 07:00:00,289.4307,16.2807,ERCO
2022-04-26 08:00:00,2022-04-26 08:00:00,288.8268,15.676819,ERCO
2022-04-26 09:00:00,2022-04-26 09:00:00,288.26263,15.11264,ERCO
2022-04-26 10:00:00,2022-04-26 10:00:00,287.76074,14.610748,ERCO
2022-04-26 11:00:00,2022-04-26 11:00:00,287.30804,14.158051,ERCO
2022-04-26 12:00:00,2022-04-26 12:00:00,286.85376,13.703766,ERCO
2022-04-26 13:00:00,2022-04-26 13:00:00,287.1191,13.969116,ERCO
2022-04-26 14:00:00,2022-04-26 14:00:00,287.75293,14.602936,ERCO
2022-04-26 15:00:00,2022-04-26 15:00:00,288.6032,15.453217,ERCO
2022-04-26 16:00:00,2022-04-26 16:00:00,289.5876,16.437592,ERCO
2022-04-26 17:00:00,2022-04-26 17:00:00,290.61304,17.463043,ERCO
2022-04-26 18:00:00,2022-04-26 18:00:00,291.6056,18.455597,ERCO
2022-04-26 19:00:00,2022-04-26 19:00:00,292.51492,19.36493,ERCO
2022-04-26 20:00:00,2022-04-26 20:00:00,293.28958,20.139587,ERCO
2022-04-26 21:00:00,2022-04-26 21:00:00,293.89917,20.749176,ERCO
2022-04-26 22:00:00,2022-04-26 22:00:00,294.31467,21.164673,ERCO
2022-04-26 23:00:00,2022-04-26 23:00:00,294.4714,21.321411,ERCO
2022-04-27 00:00:00,2022-04-27 00:00:00,294.32175,21.171753,ERCO
2022-04-27 01:00:00,2022-04-27 01:00:00,293.79,20.640015,ERCO
2022-04-27 02:00:00,2022-04-27 02:00:00,293.06433,19.914337,ERCO
2022-04-27 03:00:00,2022-04-27 03:00:00,292.39618,19.246185,ERCO
2022-04-27 04:00:00,2022-04-27 04:00:00,291.67212,18.522125,ERCO
2022-04-27 05:00:00,2022-04-27 05:00:00,291.00012,17.850128,ERCO
2022-04-27 06:00:00,2022-04-27 06:00:00,290.4148,17.264801,ERCO
2022-04-27 07:00:00,2022-04-27 07:00:00,289.8948,16.744812,ERCO
2022-04-27 08:00:00,2022-04-27 08:00:00,289.42825,16.27826,ERCO
2022-04-27 09:00:00,2022-04-27 09:00:00,289.02078,15.870789,ERCO
2022-04-27 10:00:00,2022-04-27 10:00:00,288.69153,15.541534,ERCO
2022-04-27 11:00:00,2022-04-27 11:00:00,288.4183,15.268311,ERCO
2022-04-27 12:00:00,2022-04-27 12:00:00,288.20926,15.059265,ERCO
2022-04-27 13:00:00,2022-04-27 13:00:00,288.9695,15.819519,ERCO
2022-04-27 14:00:00,2022-04-27 14:00:00,290.08618,16.936188,ERCO
2022-04-27 15:00:00,2022-04-27 15:00:00,291.37115,18.22116,ERCO
2022-04-27 16:00:00,2022-04-27 16:00:00,292.68744,19.537445,ERCO
2022-04-27 17:00:00,2022-04-27 17:00:00,293.99237,20.842377,ERCO
2022-04-27 18:00:00,2022-04-27 18:00:00,295.22693,22.076935,ERCO
2022-04-27 19:00:00,2022-04-27 19:00:00,296.3154,23.165405,ERCO
2022-04-27 20:00:00,2022-04-27 20:00:00,297.18625,24.036255,ERCO
2022-04-27 21:00:00,2022-04-27 21:00:00,297.84708,24.697083,ERCO
2022-04-27 22:00:00,2022-04-27 22:00:00,298.26538,25.115387,ERCO
2022-04-27 23:00:00,2022-04-27 23:00:00,298.37027,25.220276,ERCO
2022-04-28 00:00:00,2022-04-28 00:00:00,298.07928,24.92929,ERCO
2022-04-28 01:00:00,2022-04-28 01:00:00,297.30426,24.154266,ERCO
2022-04-28 02:00:00,2022-04-28 02:00:00,296.33392,23.18393,ERCO
2022-04-28 03:00:00,2022-04-28 03:00:00,295.45963,22.309631,ERCO
2022-04-28 04:00:00,2022-04-28 04:00:00,294.70804,21.558044,ERCO
2022-04-28 05:00:00,2022-04-28 05:00:00,294.01355,20.863556,ERCO
2022-04-28 06:00:00,2022-04-28 06:00:00,293.40094,20.250946,ERCO
2022-04-28 07:00:00,2022-04-28 07:00:00,292.90765,19.75766,ERCO
2022-04-28 08:00:00,2022-04-28 08:00:00,292.50842,19.358429,ERCO
2022-04-28 09:00:00,2022-04-28 09:00:00,292.1547,19.0047,ERCO
2022-04-28 10:00:00,2022-04-28 10:00:00,291.88016,18.730164,ERCO
2022-04-28 11:00:00,2022-04-28 11:00:00,291.71942,18.569427,ERCO
2022-04-28 12:00:00,2022-04-28 12:00:00,291.59595,18.445953,ERCO
2022-04-28 13:00:00,2022-04-28 13:00:00,292.19244,19.04245,ERCO
2022-04-28 14:00:00,2022-04-28 14:00:00,293.1815,20.031494,ERCO
2022-04-28 15:00:00,2022-04-28 15:00:00,294.32108,21.171082,ERCO
2022-04-28 16:00:00,2022-04-28 16:00:00,295.6293,22.47931,ERCO
2022-04-28 17:00:00,2022-04-28 17:00:00,296.95435,23.804352,ERCO
2022-04-28 18:00:00,2022-04-28 18:00:00,298.20276,25.052765,ERCO
2022-04-28 19:00:00,2022-04-28 19:00:00,299.29153,26.14154,ERCO
2022-04-28 20:00:00,2022-04-28 20:00:00,300.12067,26.970673,ERCO
2022-04-28 21:00:00,2022-04-28 21:00:00,300.67245,27.52246,ERCO
2022-04-28 22:00:00,2022-04-28 22:00:00,300.95004,27.800049,ERCO
2022-04-28 23:00:00,2022-04-28 23:00:00,300.91846,27.768463,ERCO
2022-04-29 00:00:00,2022-04-29 00:00:00,300.44962,27.299622,ERCO
2022-04-29 01:00:00,2022-04-29 01:00:00,299.50012,26.350128,ERCO
2022-04-29 02:00:00,2022-04-29 02:00:00,298.45557,25.305573,ERCO
2022-04-29 03:00:00,2022-04-29 03:00:00,297.48062,24.330627,ERCO
2022-04-29 04:00:00,2022-04-29 04:00:00,296.56058,23.410583,ERCO
2022-04-29 05:00:00,2022-04-29 05:00:00,295.7368,22.586792,ERCO
2022-04-29 06:00:00,2022-04-29 06:00:00,294.98453,21.834534,ERCO
2022-04-29 07:00:00,2022-04-29 07:00:00,294.34354,21.193542,ERCO
2022-04-29 08:00:00,2022-04-29 08:00:00,293.85638,20.70639,ERCO
2022-04-29 09:00:00,2022-04-29 09:00:00,293.5094,20.359406,ERCO
2022-04-29 10:00:00,2022-04-29 10:00:00,293.28976,20.13977,ERCO
2022-04-29 11:00:00,2022-04-29 11:00:00,293.14697,19.996979,ERCO
2022-04-29 12:00:00,2022-04-29 12:00:00,293.03067,19.880676,ERCO
2022-04-29 13:00:00,2022-04-29 13:00:00,293.42017,20.270172,ERCO
2022-04-29 14:00:00,2022-04-29 14:00:00,294.2895,21.139496,ERCO
2022-04-29 15:00:00,2022-04-29 15:00:00,295.4117,22.261719,ERCO
2022-04-29 16:00:00,2022-04-29 16:00:00,296.63702,23.48703,ERCO
2022-04-29 17:00:00,2022-04-29 17:00:00,297.85376,24.703766,ERCO
2022-04-29 18:00:00,2022-04-29 18:00:00,298.96655,25.816559,ERCO
2022-04-29 19:00:00,2022-04-29 19:00:00,299.934,26.783997,ERCO
2022-04-29 20:00:00,2022-04-29 20:00:00,300.70712,27.557129,ERCO
2022-04-29 21:00:00,2022-04-29 21:00:00,301.2656,28.1156,ERCO
2022-04-29 22:00:00,2022-04-29 22:00:00,301.58276,28.43277,ERCO
2022-04-29 23:00:00,2022-04-29 23:00:00,301.6062,28.456207,ERCO
2022-04-30 00:00:00,2022-04-30 00:00:00,301.2668,28.116821,ERCO
2022-04-30 01:00:00,2022-04-30 01:00:00,300.45026,27.300262,ERCO
2022-04-30 02:00:00,2022-04-30 02:00:00,299.38174,26.23175,ERCO
2022-04-30 03:00:00,2022-04-30 03:00:00,298.23416,25.084167,ERCO
2022-04-30 04:00:00,2022-04-30 04:00:00,297.1261,23.976105,ERCO
2022-04-30 05:00:00,2022-04-30 05:00:00,296.15173,23.00174,ERCO
2022-04-30 06:00:00,2022-04-30 06:00:00,295.3375,22.1875,ERCO
2022-04-30 07:00:00,2022-04-30 07:00:00,294.6382,21.48822,ERCO
2022-04-30 08:00:00,2022-04-30 08:00:00,294.06482,20.914825,ERCO
2022-04-30 09:00:00,2022-04-30 09:00:00,293.64856,20.498566,ERCO
2022-04-30 10:00:00,2022-04-30 10:00:00,293.34137,20.191376,ERCO
2022-04-30 11:00:00,2022-04-30 11:00:00,293.10162,19.95163,ERCO
2022-04-30 12:00:00,2022-04-30 12:00:00,292.8515,19.701508,ERCO
2022-04-30 13:00:00,2022-04-30 13:00:00,293.34644,20.196442,ERCO
2022-04-30 14:00:00,2022-04-30 14:00:00,294.20984,21.059845,ERCO
2022-04-30 15:00:00,2022-04-30 15:00:00,295.10803,21.958038,ERCO
2022-04-30 16:00:00,2022-04-30 16:00:00,296.07013,22.920135,ERCO
2022-04-30 17:00:00,2022-04-30 17:00:00,297.06284,23.912842,ERCO
2022-04-30 18:00:00,2022-04-30 18:00:00,298.0668,24.91681,ERCO
2022-04-30 19:00:00,2022-04-30 19:00:00,298.9967,25.84671,ERCO
2022-04-30 20:00:00,2022-04-30 20:00:00,299.77682,26.626831,ERCO
2022-04-30 21:00:00,2022-04-30 21:00:00,300.37457,27.224579,ERCO
2022-04-30 22:00:00,2022-04-30 22:00:00,300.74423,27.594238,ERCO
2022-04-30 23:00:00,2022-04-30 23:00:00,300.85425,27.704254,ERCO
2022-05-01 00:00:00,2022-05-01 00:00:00,300.6446,27.494598,ERCO
2022-05-01 01:00:00,2022-05-01 01:00:00,299.9853,26.835297,ERCO
2022-05-01 02:00:00,2022-05-01 02:00:00,298.9844,25.834412,ERCO
2022-05-01 03:00:00,2022-05-01 03:00:00,297.9848,24.834808,ERCO
2022-05-01 04:00:00,2022-05-01 04:00:00,296.94714,23.79715,ERCO
2022-05-01 05:00:00,2022-05-01 05:00:00,296.00238,22.852386,ERCO
2022-05-01 06:00:00,2022-05-01 06:00:00,295.18643,22.036438,ERCO
2022-05-01 07:00:00,2022-05-01 07:00:00,294.4797,21.329712,ERCO
2022-05-01 08:00:00,2022-05-01 08:00:00,293.87494,20.724945,ERCO
2022-05-01 09:00:00,2022-05-01 09:00:00,293.35873,20.20874,ERCO
2022-05-01 10:00:00,2022-05-01 10:00:00,292.9296,19.779602,ERCO
2022-05-01 11:00:00,2022-05-01 11:00:00,292.58948,19.439484,ERCO
2022-05-01 12:00:00,2022-05-01 12:00:00,292.32886,19.178864,ERCO
2022-05-01 13:00:00,2022-05-01 13:00:00,293.0173,19.86731,ERCO
2022-05-01 14:00:00,2022-05-01 14:00:00,294.1595,21.009491,ERCO
2022-05-01 15:00:00,2022-05-01 15:00:00,295.42712,22.27713,ERCO
2022-05-01 16:00:00,2022-05-01 16:00:00,296.63055,23.48056,ERCO
2022-05-01 17:00:00,2022-05-01 17:00:00,297.6983,24.54831,ERCO
2022-05-01 18:00:00,2022-05-01 18:00:00,298.7017,25.551697,ERCO
2022-05-01 19:00:00,2022-05-01 19:00:00,299.5703,26.420319,ERCO
2022-05-01 20:00:00,2022-05-01 20:00:00,300.2241,27.074097,ERCO
2022-05-01 21:00:00,2022-05-01 21:00:00,300.5842,27.434204,ERCO
2022-05-01 22:00:00,2022-05-01 22:00:00,300.71643,27.566437,ERCO
2022-05-01 23:00:00,2022-05-01 23:00:00,300.5528,27.402802,ERCO
2022-05-02 00:00:00,2022-05-02 00:00:00,300.05368,26.903687,ERCO
2022-05-02 01:00:00,2022-05-02 01:00:00,299.28015,26.130157,ERCO
2022-05-02 02:00:00,2022-05-02 02:00:00,298.36493,25.214935,ERCO
2022-05-02 03:00:00,2022-05-02 03:00:00,297.47165,24.321655,ERCO
2022-05-02 04:00:00,2022-05-02 04:00:00,296.78073,23.630737,ERCO
2022-05-02 05:00:00,2022-05-02 05:00:00,296.19998,23.049988,ERCO
2022-05-02 06:00:00,2022-05-02 06:00:00,295.6141,22.464111,ERCO
2022-05-02 07:00:00,2022-05-02 07:00:00,295.08054,21.930542,ERCO
2022-05-02 08:00:00,2022-05-02 08:00:00,294.58664,21.436646,ERCO
2022-05-02 09:00:00,2022-05-02 09:00:00,294.2817,21.131714,ERCO
2022-05-02 10:00:00,2022-05-02 10:00:00,294.0808,20.930817,ERCO
2022-05-02 11:00:00,2022-05-02 11:00:00,293.91956,20.769562,ERCO
2022-05-02 12:00:00,2022-05-02 12:00:00,293.79935,20.649353,ERCO
2022-05-02 13:00:00,2022-05-02 13:00:00,294.15872,21.008728,ERCO
2022-05-02 14:00:00,2022-05-02 14:00:00,294.85974,21.709747,ERCO
2022-05-02 15:00:00,2022-05-02 15:00:00,295.7824,22.632416,ERCO
2022-05-02 16:00:00,2022-05-02 16:00:00,296.93204,23.782043,ERCO
2022-05-02 17:00:00,2022-05-02 17:00:00,298.1571,25.00711,ERCO
2022-05-02 18:00:00,2022-05-02 18:00:00,299.3407,26.190704,ERCO
2022-05-02 19:00:00,2022-05-02 19:00:00,300.36075,27.210754,ERCO
2022-05-02 20:00:00,2022-05-02 20:00:00,301.1218,27.971802,ERCO
2022-05-02 21:00:00,2022-05-02 21:00:00,301.62134,28.471344,ERCO
2022-05-02 22:00:00,2022-05-02 22:00:00,301.89407,28.74408,ERCO
2022-05-02 23:00:00,2022-05-02 23:00:00,301.9228,28.772797,ERCO
2022-05-03 00:00:00,2022-05-03 00:00:00,301.5749,28.424896,ERCO
2022-05-03 01:00:00,2022-05-03 01:00:00,300.73782,27.58783,ERCO
2022-05-03 02:00:00,2022-05-03 02:00:00,299.64233,26.49234,ERCO
2022-05-03 03:00:00,2022-05-03 03:00:00,298.54413,25.394135,ERCO
2022-05-03 04:00:00,2022-05-03 04:00:00,297.50885,24.358856,ERCO
2022-05-03 05:00:00,2022-05-03 05:00:00,296.59656,23.446564,ERCO
2022-05-03 06:00:00,2022-05-03 06:00:00,295.8013,22.651306,ERCO
2022-05-03 07:00:00,2022-05-03 07:00:00,295.1388,21.9888,ERCO
2022-05-03 08:00:00,2022-05-03 08:00:00,294.57968,21.429688,ERCO
2022-05-03 09:00:00,2022-05-03 09:00:00,294.12524,20.97525,ERCO
2022-05-03 10:00:00,2022-05-03 10:00:00,293.74277,20.592773,ERCO
2022-05-03 11:00:00,2022-05-03 11:00:00,293.41174,20.26175,ERCO
2022-05-03 12:00:00,2022-05-03 12:00:00,293.09897,19.948975,ERCO
2022-05-03 13:00:00,2022-05-03 13:00:00,293.0377,19.887695,ERCO
2022-05-03 14:00:00,2022-05-03 14:00:00,293.2852,20.135193,ERCO
2022-05-03 15:00:00,2022-05-03 15:00:00,293.70538,20.55539,ERCO
2022-05-03 16:00:00,2022-05-03 16:00:00,294.2626,21.11261,ERCO
2022-05-03 17:00:00,2022-05-03 17:00:00,294.96997,21.819977,ERCO
2022-05-03 18:00:00,2022-05-03 18:00:00,295.81384,22.663849,ERCO
2022-05-03 19:00:00,2022-05-03 19:00:00,296.70474,23.554749,ERCO
2022-05-03 20:00:00,2022-05-03 20:00:00,297.51276,24.362762,ERCO
2022-05-03 21:00:00,2022-05-03 21:00:00,298.17462,25.024628,ERCO
2022-05-03 22:00:00,2022-05-03 22:00:00,298.60428,25.454285,ERCO
2022-05-03 23:00:00,2022-05-03 23:00:00,298.72815,25.578156,ERCO
2022-05-04 00:00:00,2022-05-04 00:00:00,298.48218,25.332184,ERCO
2022-05-04 01:00:00,2022-05-04 01:00:00,297.85013,24.700134,ERCO
2022-05-04 02:00:00,2022-05-04 02:00:00,297.09415,23.944153,ERCO
2022-05-04 03:00:00,2022-05-04 03:00:00,296.41855,23.268555,ERCO
2022-05-04 04:00:00,2022-05-04 04:00:00,295.8187,22.668701,ERCO
2022-05-04 05:00:00,2022-05-04 05:00:00,295.3421,22.192108,ERCO
2022-05-04 06:00:00,2022-05-04 06:00:00,294.9784,21.8284,ERCO
2022-05-04 07:00:00,2022-05-04 07:00:00,294.71155,21.561554,ERCO
2022-05-04 08:00:00,2022-05-04 08:00:00,294.5388,21.388794,ERCO
2022-05-04 09:00:00,2022-05-04 09:00:00,294.41885,21.26886,ERCO
2022-05-04 10:00:00,2022-05-04 10:00:00,294.31012,21.160126,ERCO
2022-05-04 11:00:00,2022-05-04 11:00:00,294.24854,21.098541,ERCO
2022-05-04 12:00:00,2022-05-04 12:00:00,294.2564,21.106415,ERCO
2022-05-04 13:00:00,2022-05-04 13:00:00,294.60626,21.456268,ERCO
2022-05-04 14:00:00,2022-05-04 14:00:00,295.2745,22.124512,ERCO
2022-05-04 15:00:00,2022-05-04 15:00:00,296.1304,22.980408,ERCO
2022-05-04 16:00:00,2022-05-04 16:00:00,297.05975,23.90976,ERCO
2022-05-04 17:00:00,2022-05-04 17:00:00,298.03735,24.88736,ERCO
2022-05-04 18:00:00,2022-05-04 18:00:00,299.02536,25.875366,ERCO
2022-05-04 19:00:00,2022-05-04 19:00:00,299.90646,26.75647,ERCO
2022-05-04 20:00:00,2022-05-04 20:00:00,300.58325,27.433258,ERCO
2022-05-04 21:00:00,2022-05-04 21:00:00,301.05548,27.905487,ERCO
2022-05-04 22:00:00,2022-05-04 22:00:00,301.30566,28.15567,ERCO
2022-05-04 23:00:00,2022-05-04 23:00:00,301.12613,27.976135,ERCO
2022-05-05 00:00:00,2022-05-05 00:00:00,300.5869,27.43692,ERCO
2022-05-05 01:00:00,2022-05-05 01:00:00,299.68964,26.539642,ERCO
2022-05-05 02:00:00,2022-05-05 02:00:00,298.80255,25.652557,ERCO
2022-05-05 03:00:00,2022-05-05 03:00:00,298.06335,24.91336,ERCO
2022-05-05 04:00:00,2022-05-05 04:00:00,297.43085,24.280853,ERCO
2022-05-05 05:00:00,2022-05-05 05:00:00,296.85815,23.70816,ERCO
2022-05-05 06:00:00,2022-05-05 06:00:00,296.3462,23.196198,ERCO
2022-05-05 07:00:00,2022-05-05 07:00:00,295.83527,22.685272,ERCO
2022-05-05 08:00:00,2022-05-05 08:00:00,295.38132,22.231323,ERCO
2022-05-05 09:00:00,2022-05-05 09:00:00,294.97476,21.824768,ERCO
2022-05-05 10:00:00,2022-05-05 10:00:00,294.65704,21.50705,ERCO
2022-05-05 11:00:00,2022-05-05 11:00:00,294.42703,21.277039,ERCO
2022-05-05 12:00:00,2022-05-05 12:00:00,294.183,21.03302,ERCO
2022-05-05 13:00:00,2022-05-05 13:00:00,294.28714,21.137146,ERCO
2022-05-05 14:00:00,2022-05-05 14:00:00,294.6066,21.456604,ERCO
2022-05-05 15:00:00,2022-05-05 15:00:00,295.10263,21.952637,ERCO
2022-05-05 16:00:00,2022-05-05 16:00:00,295.72275,22.572754,ERCO
2022-05-05 17:00:00,2022-05-05 17:00:00,296.46558,23.315582,ERCO
2022-05-05 18:00:00,2022-05-05 18:00:00,297.288,24.138,ERCO
2022-05-05 19:00:00,2022-05-05 19:00:00,298.09302,24.943024,ERCO
2022-05-05 20:00:00,2022-05-05 20:00:00,298.7255,25.5755,ERCO
2022-05-05 21:00:00,2022-05-05 21:00:00,299.22177,26.071777,ERCO
2022-05-05 22:00:00,2022-05-05 22:00:00,299.54968,26.399689,ERCO
2022-05-05 23:00:00,2022-05-05 23:00:00,299.64056,26.49057,ERCO
2022-05-06 00:00:00,2022-05-06 00:00:00,299.41104,26.261047,ERCO
2022-05-06 01:00:00,2022-05-06 01:00:00,298.7853,25.635315,ERCO
2022-05-06 02:00:00,2022-05-06 02:00:00,297.79312,24.643127,ERCO
2022-05-06 03:00:00,2022-05-06 03:00:00,296.8064,23.656403,ERCO
2022-05-06 04:00:00,2022-05-06 04:00:00,295.8059,22.655914,ERCO
2022-05-06 05:00:00,2022-05-06 05:00:00,294.88263,21.732635,ERCO
2022-05-06 06:00:00,2022-05-06 06:00:00,294.04025,20.890259,ERCO
2022-05-06 07:00:00,2022-05-06 07:00:00,293.24442,20.094421,ERCO
2022-05-06 08:00:00,2022-05-06 08:00:00,292.51508,19.365082,ERCO
2022-05-06 09:00:00,2022-05-06 09:00:00,291.8667,18.716705,ERCO
2022-05-06 10:00:00,2022-05-06 10:00:00,291.3081,18.158112,ERCO
2022-05-06 11:00:00,2022-05-06 11:00:00,290.8513,17.701294,ERCO
2022-05-06 12:00:00,2022-05-06 12:00:00,290.4835,17.333496,ERCO
2022-05-06 13:00:00,2022-05-06 13:00:00,291.34918,18.199188,ERCO
2022-05-06 14:00:00,2022-05-06 14:00:00,292.8941,19.74411,ERCO
2022-05-06 15:00:00,2022-05-06 15:00:00,294.6989,21.54892,ERCO
2022-05-06 16:00:00,2022-05-06 16:00:00,296.59616,23.446167,ERCO
2022-05-06 17:00:00,2022-05-06 17:00:00,298.39493,25.244934,ERCO
2022-05-06 18:00:00,2022-05-06 18:00:00,300.0556,26.90561,ERCO
2022-05-06 19:00:00,2022-05-06 19:00:00,301.4967,28.34671,ERCO
2022-05-06 20:00:00,2022-05-06 20:00:00,302.65503,29.505035,ERCO
2022-05-06 21:00:00,2022-05-06 21:00:00,303.50677,30.356781,ERCO
2022-05-06 22:00:00,2022-05-06 22:00:00,304.0214,30.871399,ERCO
2022-05-06 23:00:00,2022-05-06 23:00:00,304.15054,31.00055,ERCO
2022-05-07 00:00:00,2022-05-07 00:00:00,303.8177,30.667694,ERCO
2022-05-07 01:00:00,2022-05-07 01:00:00,302.8418,29.691803,ERCO
2022-05-07 02:00:00,2022-05-07 02:00:00,301.44205,28.292053,ERCO
2022-05-07 03:00:00,2022-05-07 03:00:00,300.11526,26.965271,ERCO
2022-05-07 04:00:00,2022-05-07 04:00:00,298.8697,25.719696,ERCO
2022-05-07 05:00:00,2022-05-07 05:00:00,297.78857,24.63858,ERCO
2022-05-07 06:00:00,2022-05-07 06:00:00,296.86557,23.715576,ERCO
2022-05-07 07:00:00,2022-05-07 07:00:00,296.05966,22.909668,ERCO
2022-05-07 08:00:00,2022-05-07 08:00:00,295.3913,22.241302,ERCO
2022-05-07 09:00:00,2022-05-07 09:00:00,294.8593,21.70932,ERCO
2022-05-07 10:00:00,2022-05-07 10:00:00,294.3998,21.249817,ERCO
2022-05-07 11:00:00,2022-05-07 11:00:00,294.0218,20.871796,ERCO
2022-05-07 12:00:00,2022-05-07 12:00:00,293.71722,20.56723,ERCO
2022-05-07 13:00:00,2022-05-07 13:00:00,294.43304,21.28305,ERCO
2022-05-07 14:00:00,2022-05-07 14:00:00,295.76315,22.61316,ERCO
2022-05-07 15:00:00,2022-05-07 15:00:00,297.46234,24.312347,ERCO
2022-05-07 16:00:00,2022-05-07 16:00:00,299.4916,26.341614,ERCO
2022-05-07 17:00:00,2022-05-07 17:00:00,301.51105,28.361053,ERCO
2022-05-07 18:00:00,2022-05-07 18:00:00,303.34967,30.199677,ERCO
2022-05-07 19:00:00,2022-05-07 19:00:00,304.88254,31.732544,ERCO
2022-05-07 20:00:00,2022-05-07 20:00:00,306.0505,32.900513,ERCO
2022-05-07 21:00:00,2022-05-07 21:00:00,306.86005,33.710052,ERCO
2022-05-07 22:00:00,2022-05-07 22:00:00,307.28912,34.13913,ERCO
2022-05-07 23:00:00,2022-05-07 23:00:00,307.29584,34.145844,ERCO
2022-05-08 00:00:00,2022-05-08 00:00:00,306.80106,33.651062,ERCO
2022-05-08 01:00:00,2022-05-08 01:00:00,305.62415,32.47415,ERCO
2022-05-08 02:00:00,2022-05-08 02:00:00,304.20944,31.059448,ERCO
2022-05-08 03:00:00,2022-05-08 03:00:00,302.842,29.692017,ERCO
2022-05-08 04:00:00,2022-05-08 04:00:00,301.53714,28.387146,ERCO
2022-05-08 05:00:00,2022-05-08 05:00:00,300.4001,27.250092,ERCO
2022-05-08 06:00:00,2022-05-08 06:00:00,299.39032,26.240326,ERCO
2022-05-08 07:00:00,2022-05-08 07:00:00,298.51953,25.369537,ERCO
2022-05-08 08:00:00,2022-05-08 08:00:00,297.76535,24.615356,ERCO
2022-05-08 09:00:00,2022-05-08 09:00:00,297.1144,23.964417,ERCO
2022-05-08 10:00:00,2022-05-08 10:00:00,296.5684,23.418396,ERCO
2022-05-08 11:00:00,2022-05-08 11:00:00,296.1412,22.99121,ERCO
2022-05-08 12:00:00,2022-05-08 12:00:00,295.78772,22.637726,ERCO
2022-05-08 13:00:00,2022-05-08 13:00:00,296.3519,23.201904,ERCO
2022-05-08 14:00:00,2022-05-08 14:00:00,297.45715,24.30716,ERCO
2022-05-08 15:00:00,2022-05-08 15:00:00,298.8171,25.667114,ERCO
2022-05-08 16:00:00,2022-05-08 16:00:00,300.4295,27.27951,ERCO
2022-05-08 17:00:00,2022-05-08 17:00:00,302.06274,28.91275,ERCO
2022-05-08 18:00:00,2022-05-08 18:00:00,303.58167,30.431671,ERCO
2022-05-08 19:00:00,2022-05-08 19:00:00,304.88834,31.738342,ERCO
2022-05-08 20:00:00,2022-05-08 20:00:00,305.8989,32.7489,ERCO
2022-05-08 21:00:00,2022-05-08 21:00:00,306.58957,33.439575,ERCO
2022-05-08 22:00:00,2022-05-08 22:00:00,306.92145,33.771454,ERCO
2022-05-08 23:00:00,2022-05-08 23:00:00,306.84344,33.69345,ERCO
2022-05-09 00:00:00,2022-05-09 00:00:00,306.2728,33.122803,ERCO
2022-05-09 01:00:00,2022-05-09 01:00:00,305.16165,32.011658,ERCO
2022-05-09 02:00:00,2022-05-09 02:00:00,303.8796,30.729614,ERCO
2022-05-09 03:00:00,2022-05-09 03:00:00,302.60428,29.454285,ERCO
2022-05-09 04:00:00,2022-05-09 04:00:00,301.33374,28.183746,ERCO
2022-05-09 05:00:00,2022-05-09 05:00:00,300.2357,27.085693,ERCO
2022-05-09 06:00:00,2022-05-09 06:00:00,299.31528,26.165283,ERCO
2022-05-09 07:00:00,2022-05-09 07:00:00,298.5716,25.4216,ERCO
2022-05-09 08:00:00,2022-05-09 08:00:00,297.95428,24.80429,ERCO
2022-05-09 09:00:00,2022-05-09 09:00:00,297.45023,24.300232,ERCO
2022-05-09 10:00:00,2022-05-09 10:00:00,297.00446,23.854462,ERCO
2022-05-09 11:00:00,2022-05-09 11:00:00,296.64523,23.49524,ERCO
2022-05-09 12:00:00,2022-05-09 12:00:00,296.36975,23.219757,ERCO
2022-05-09 13:00:00,2022-05-09 13:00:00,296.95212,23.802124,ERCO
2022-05-09 14:00:00,2022-05-09 14:00:00,297.94684,24.796844,ERCO
2022-05-09 15:00:00,2022-05-09 15:00:00,299.16714,26.01715,ERCO
2022-05-09 16:00:00,2022-05-09 16:00:00,300.58344,27.433441,ERCO
2022-05-09 17:00:00,2022-05-09 17:00:00,302.04767,28.897675,ERCO
2022-05-09 18:00:00,2022-05-09 18:00:00,303.45883,30.308838,ERCO
2022-05-09 19:00:00,2022-05-09 19:00:00,304.69485,31.54486,ERCO
2022-05-09 20:00:00,2022-05-09 20:00:00,305.63907,32.489075,ERCO
2022-05-09 21:00:00,2022-05-09 21:00:00,306.28247,33.132477,ERCO
2022-05-09 22:00:00,2022-05-09 22:00:00,306.60052,33.45053,ERCO
2022-05-09 23:00:00,2022-05-09 23:00:00,306.56006,33.410065,ERCO
2022-05-10 00:00:00,2022-05-10 00:00:00,306.09305,32.943054,ERCO
2022-05-10 01:00:00,2022-05-10 01:00:00,305.13666,31.986664,ERCO
2022-05-10 02:00:00,2022-05-10 02:00:00,303.9699,30.819916,ERCO
2022-05-10 03:00:00,2022-05-10 03:00:00,302.76443,29.61444,ERCO
2022-05-10 04:00:00,2022-05-10 04:00:00,301.56384,28.413849,ERCO
2022-05-10 05:00:00,2022-05-10 05:00:00,300.56396,27.41397,ERCO
2022-05-10 06:00:00,2022-05-10 06:00:00,299.73016,26.58017,ERCO
2022-05-10 07:00:00,2022-05-10 07:00:00,299.00845,25.85846,ERCO
2022-05-10 08:00:00,2022-05-10 08:00:00,298.4086,25.258606,ERCO
2022-05-10 09:00:00,2022-05-10 09:00:00,297.92224,24.772247,ERCO
2022-05-10 10:00:00,2022-05-10 10:00:00,297.50443,24.354431,ERCO
2022-05-10 11:00:00,2022-05-10 11:00:00,297.17328,24.023285,ERCO
2022-05-10 12:00:00,2022-05-10 12:00:00,296.92844,23.778442,ERCO
2022-05-10 13:00:00,2022-05-10 13:00:00,297.31174,24.161743,ERCO
2022-05-10 14:00:00,2022-05-10 14:00:00,298.02444,24.87445,ERCO
2022-05-10 15:00:00,2022-05-10 15:00:00,298.89377,25.743774,ERCO
2022-05-10 16:00:00,2022-05-10 16:00:00,299.91415,26.76416,ERCO
2022-05-10 17:00:00,2022-05-10 17:00:00,300.97968,27.829681,ERCO
2022-05-10 18:00:00,2022-05-10 18:00:00,302.0734,28.9234,ERCO
2022-05-10 19:00:00,2022-05-10 19:00:00,303.11682,29.966827,ERCO
2022-05-10 20:00:00,2022-05-10 20:00:00,303.97015,30.82016,ERCO
2022-05-10 21:00:00,2022-05-10 21:00:00,304.5489,31.398895,ERCO
2022-05-10 22:00:00,2022-05-10 22:00:00,304.6816,31.531616,ERCO
2022-05-10 23:00:00,2022-05-10 23:00:00,304.2973,31.147308,ERCO
2022-05-11 00:00:00,2022-05-11 00:00:00,303.53207,30.38208,ERCO
2022-05-11 01:00:00,2022-05-11 01:00:00,302.5542,29.404205,ERCO
2022-05-11 02:00:00,2022-05-11 02:00:00,301.46414,28.314148,ERCO
2022-05-11 03:00:00,2022-05-11 03:00:00,300.58087,27.430878,ERCO
2022-05-11 04:00:00,2022-05-11 04:00:00,299.7307,26.580719,ERCO
2022-05-11 05:00:00,2022-05-11 05:00:00,298.99338,25.843384,ERCO
2022-05-11 06:00:00,2022-05-11 06:00:00,298.28024,25.130249,ERCO
2022-05-11 07:00:00,2022-05-11 07:00:00,297.4894,24.339417,ERCO
2022-05-11 08:00:00,2022-05-11 08:00:00,296.7672,23.617218,ERCO
2022-05-11 09:00:00,2022-05-11 09:00:00,296.22488,23.07489,ERCO
2022-05-11 10:00:00,2022-05-11 10:00:00,295.7616,22.611603,ERCO
2022-05-11 11:00:00,2022-05-11 11:00:00,295.44412,22.294128,ERCO
2022-05-11 12:00:00,2022-05-11 12:00:00,295.1949,22.044891,ERCO
2022-05-11 13:00:00,2022-05-11 13:00:00,295.57956,22.429565,ERCO
2022-05-11 14:00:00,2022-05-11 14:00:00,296.35516,23.20517,ERCO
2022-05-11 15:00:00,2022-05-11 15:00:00,297.41116,24.26117,ERCO
2022-05-11 16:00:00,2022-05-11 16:00:00,298.67175,25.521759,ERCO
2022-05-11 17:00:00,2022-05-11 17:00:00,300.05396,26.903961,ERCO
2022-05-11 18:00:00,2022-05-11 18:00:00,301.4484,28.2984,ERCO
2022-05-11 19:00:00,2022-05-11 19:00:00,302.71582,29.565826,ERCO
2022-05-11 20:00:00,2022-05-11 20:00:00,303.7149,30.56491,ERCO
2022-05-11 21:00:00,2022-05-11 21:00:00,304.3938,31.243805,ERCO
2022-05-11 22:00:00,2022-05-11 22:00:00,304.65396,31.503967,ERCO
2022-05-11 23:00:00,2022-05-11 23:00:00,304.56113,31.411133,ERCO
2022-05-12 00:00:00,2022-05-12 00:00:00,304.01425,30.864258,ERCO
2022-05-12 01:00:00,2022-05-12 01:00:00,303.02667,29.876678,ERCO
2022-05-12 02:00:00,2022-05-12 02:00:00,301.896,28.746002,ERCO
2022-05-12 03:00:00,2022-05-12 03:00:00,300.9283,27.77832,ERCO
2022-05-12 04:00:00,2022-05-12 04:00:00,300.01367,26.863678,ERCO
2022-05-12 05:00:00,2022-05-12 05:00:00,299.13242,25.982422,ERCO
2022-05-12 06:00:00,2022-05-12 06:00:00,298.2501,25.100098,ERCO
2022-05-12 07:00:00,2022-05-12 07:00:00,297.34863,24.198639,ERCO
2022-05-12 08:00:00,2022-05-12 08:00:00,296.5137,23.363708,ERCO
2022-05-12 09:00:00,2022-05-12 09:00:00,295.80716,22.657166,ERCO
2022-05-12 10:00:00,2022-05-12 10:00:00,295.1979,22.047913,ERCO
2022-05-12 11:00:00,2022-05-12 11:00:00,294.68845,21.538452,ERCO
2022-05-12 12:00:00,2022-05-12 12:00:00,294.31393,21.16394,ERCO
2022-05-12 13:00:00,2022-05-12 13:00:00,294.9472,21.79721,ERCO
2022-05-12 14:00:00,2022-05-12 14:00:00,295.83646,22.686462,ERCO
2022-05-12 15:00:00,2022-05-12 15:00:00,297.1024,23.952393,ERCO
2022-05-12 16:00:00,2022-05-12 16:00:00,298.6212,25.471191,ERCO
2022-05-12 17:00:00,2022-05-12 17:00:00,300.20972,27.059723,ERCO
2022-05-12 18:00:00,2022-05-12 18:00:00,301.74518,28.595184,ERCO
2022-05-12 19:00:00,2022-05-12 19:00:00,303.12506,29.975067,ERCO
2022-05-12 20:00:00,2022-05-12 20:00:00,304.22726,31.07727,ERCO
2022-05-12 21:00:00,2022-05-12 21:00:00,304.99698,31.846985,ERCO
2022-05-12 22:00:00,2022-05-12 22:00:00,305.40015,32.250153,ERCO
2022-05-12 23:00:00,2022-05-12 23:00:00,305.42007,32.27008,ERCO
2022-05-13 00:00:00,2022-05-13 00:00:00,305.0065,31.856506,ERCO
2022-05-13 01:00:00,2022-05-13 01:00:00,304.04822,30.898224,ERCO
2022-05-13 02:00:00,2022-05-13 02:00:00,302.7872,29.637207,ERCO
2022-05-13 03:00:00,2022-05-13 03:00:00,301.6136,28.463593,ERCO
2022-05-13 04:00:00,2022-05-13 04:00:00,300.48514,27.335144,ERCO
2022-05-13 05:00:00,2022-05-13 05:00:00,299.41122,26.26123,ERCO
2022-05-13 06:00:00,2022-05-13 06:00:00,298.38623,25.236237,ERCO
2022-05-13 07:00:00,2022-05-13 07:00:00,297.40875,24.258759,ERCO
2022-05-13 08:00:00,2022-05-13 08:00:00,296.52957,23.379578,ERCO
2022-05-13 09:00:00,2022-05-13 09:00:00,295.79788,22.647888,ERCO
2022-05-13 10:00:00,2022-05-13 10:00:00,295.14526,21.99527,ERCO
2022-05-13 11:00:00,2022-05-13 11:00:00,294.58463,21.434631,ERCO
2022-05-13 12:00:00,2022-05-13 12:00:00,294.1539,21.003906,ERCO
2022-05-13 13:00:00,2022-05-13 13:00:00,294.78818,21.638184,ERCO
2022-05-13 14:00:00,2022-05-13 14:00:00,295.84497,22.694977,ERCO
2022-05-13 15:00:00,2022-05-13 15:00:00,297.29077,24.140778,ERCO
2022-05-13 16:00:00,2022-05-13 16:00:00,298.92517,25.775177,ERCO
2022-05-13 17:00:00,2022-05-13 17:00:00,300.57254,27.422546,ERCO
2022-05-13 18:00:00,2022-05-13 18:00:00,302.1214,28.971405,ERCO
2022-05-13 19:00:00,2022-05-13 19:00:00,303.44662,30.29663,ERCO
2022-05-13 20:00:00,2022-05-13 20:00:00,304.47226,31.322266,ERCO
2022-05-13 21:00:00,2022-05-13 21:00:00,305.1441,31.99411,ERCO
2022-05-13 22:00:00,2022-05-13 22:00:00,305.36673,32.216736,ERCO
2022-05-13 23:00:00,2022-05-13 23:00:00,305.1108,31.960815,ERCO
2022-05-14 00:00:00,2022-05-14 00:00:00,304.38574,31.235748,ERCO
2022-05-14 01:00:00,2022-05-14 01:00:00,303.2277,30.077698,ERCO
2022-05-14 02:00:00,2022-05-14 02:00:00,301.90775,28.757751,ERCO
2022-05-14 03:00:00,2022-05-14 03:00:00,300.83054,27.680542,ERCO
2022-05-14 04:00:00,2022-05-14 04:00:00,299.8968,26.746796,ERCO
2022-05-14 05:00:00,2022-05-14 05:00:00,299.1007,25.950714,ERCO
2022-05-14 06:00:00,2022-05-14 06:00:00,298.42932,25.279327,ERCO
2022-05-14 07:00:00,2022-05-14 07:00:00,297.74432,24.59433,ERCO
2022-05-14 08:00:00,2022-05-14 08:00:00,297.12308,23.973083,ERCO
2022-05-14 09:00:00,2022-05-14 09:00:00,296.46738,23.317383,ERCO
2022-05-14 10:00:00,2022-05-14 10:00:00,295.8137,22.663696,ERCO
2022-05-14 11:00:00,2022-05-14 11:00:00,295.24615,22.09616,ERCO
2022-05-14 12:00:00,2022-05-14 12:00:00,294.81134,21.661346,ERCO
2022-05-14 13:00:00,2022-05-14 13:00:00,295.60468,22.454681,ERCO
2022-05-14 14:00:00,2022-05-14 14:00:00,296.84024,23.690247,ERCO
2022-05-14 15:00:00,2022-05-14 15:00:00,298.34036,25.190369,ERCO
2022-05-14 16:00:00,2022-05-14 16:00:00,299.89145,26.741455,ERCO
2022-05-14 17:00:00,2022-05-14 17:00:00,301.38458,28.234589,ERCO
2022-05-14 18:00:00,2022-05-14 18:00:00,302.7742,29.624207,ERCO
2022-05-14 19:00:00,2022-05-14 19:00:00,303.9942,30.844208,ERCO
2022-05-14 20:00:00,2022-05-14 20:00:00,304.93964,31.789642,ERCO
2022-05-14 21:00:00,2022-05-14 21:00:00,305.58487,32.434875,ERCO
2022-05-14 22:00:00,2022-05-14 22:00:00,305.8926,32.742615,ERCO
2022-05-14 23:00:00,2022-05-14 23:00:00,305.85263,32.702637,ERCO
2022-05-15 00:00:00,2022-05-15 00:00:00,305.4884,32.33841,ERCO
2022-05-15 01:00:00,2022-05-15 01:00:00,304.7788,31.628815,ERCO
2022-05-15 02:00:00,2022-05-15 02:00:00,303.74927,30.599274,ERCO
2022-05-15 03:00:00,2022-05-15 03:00:00,302.74,29.589996,ERCO
2022-05-15 04:00:00,2022-05-15 04:00:00,301.74255,28.59256,ERCO
2022-05-15 05:00:00,2022-05-15 05:00:00,300.7253,27.575317,ERCO
2022-05-15 06:00:00,2022-05-15 06:00:00,299.72635,26.576355,ERCO
2022-05-15 07:00:00,2022-05-15 07:00:00,298.8106,25.660614,ERCO
2022-05-15 08:00:00,2022-05-15 08:00:00,297.9656,24.815613,ERCO
2022-05-15 09:00:00,2022-05-15 09:00:00,297.18817,24.038177,ERCO
2022-05-15 10:00:00,2022-05-15 10:00:00,296.4671,23.317108,ERCO
2022-05-15 11:00:00,2022-05-15 11:00:00,295.8141,22.664093,ERCO
2022-05-15 12:00:00,2022-05-15 12:00:00,295.3445,22.194519,ERCO
2022-05-15 13:00:00,2022-05-15 13:00:00,296.3465,23.196503,ERCO
2022-05-15 14:00:00,2022-05-15 14:00:00,297.66083,24.510834,ERCO
2022-05-15 15:00:00,2022-05-15 15:00:00,299.34433,26.194336,ERCO
2022-05-15 16:00:00,2022-05-15 16:00:00,301.20303,28.05304,ERCO
2022-05-15 17:00:00,2022-05-15 17:00:00,302.97247,29.82248,ERCO
2022-05-15 18:00:00,2022-05-15 18:00:00,304.54816,31.398163,ERCO
2022-05-15 19:00:00,2022-05-15 19:00:00,305.79367,32.643677,ERCO
2022-05-15 20:00:00,2022-05-15 20:00:00,306.69418,33.54419,ERCO
2022-05-15 21:00:00,2022-05-15 21:00:00,307.30893,34.158936,ERCO
2022-05-15 22:00:00,2022-05-15 22:00:00,307.625,34.475006,ERCO
2022-05-15 23:00:00,2022-05-15 23:00:00,307.6207,34.470703,ERCO
2022-05-16 00:00:00,2022-05-16 00:00:00,307.24637,34.096375,ERCO
2022-05-16 01:00:00,2022-05-16 01:00:00,306.35852,33.208527,ERCO
2022-05-16 02:00:00,2022-05-16 02:00:00,305.08884,31.938843,ERCO
2022-05-16 03:00:00,2022-05-16 03:00:00,303.858,30.708008,ERCO
2022-05-16 04:00:00,2022-05-16 04:00:00,302.5305,29.380493,ERCO
2022-05-16 05:00:00,2022-05-16 05:00:00,301.2026,28.052612,ERCO
2022-05-16 06:00:00,2022-05-16 06:00:00,300.02185,26.871857,ERCO
2022-05-16 07:00:00,2022-05-16 07:00:00,298.9317,25.781708,ERCO
2022-05-16 08:00:00,2022-05-16 08:00:00,297.86942,24.719421,ERCO
2022-05-16 09:00:00,2022-05-16 09:00:00,296.94522,23.795227,ERCO
2022-05-16 10:00:00,2022-05-16 10:00:00,296.15268,23.002686,ERCO
2022-05-16 11:00:00,2022-05-16 11:00:00,295.46732,22.317322,ERCO
2022-05-16 12:00:00,2022-05-16 12:00:00,294.9211,21.771118,ERCO
2022-05-16 13:00:00,2022-05-16 13:00:00,295.34732,22.197327,ERCO
2022-05-16 14:00:00,2022-05-16 14:00:00,296.35385,23.203857,ERCO
2022-05-16 15:00:00,2022-05-16 15:00:00,297.79437,24.644379,ERCO
2022-05-16 16:00:00,2022-05-16 16:00:00,299.384,26.234009,ERCO
2022-05-16 17:00:00,2022-05-16 17:00:00,300.95895,27.80896,ERCO
2022-05-16 18:00:00,2022-05-16 18:00:00,302.44724,29.297241,ERCO
2022-05-16 19:00:00,2022-05-16 19:00:00,303.76453,30.614532,ERCO
2022-05-16 20:00:00,2022-05-16 20:00:00,304.80936,31.659363,ERCO
2022-05-16 21:00:00,2022-05-16 21:00:00,305.54846,32.398468,ERCO
2022-05-16 22:00:00,2022-05-16 22:00:00,305.97147,32.821472,ERCO
2022-05-16 23:00:00,2022-05-16 23:00:00,306.04672,32.89673,ERCO
2022-05-17 00:00:00,2022-05-17 00:00:00,305.73798,32.587982,ERCO
2022-05-17 01:00:00,2022-05-17 01:00:00,304.99857,31.848572,ERCO
2022-05-17 02:00:00,2022-05-17 02:00:00,303.86642,30.71643,ERCO
2022-05-17 03:00:00,2022-05-17 03:00:00,302.74,29.589996,ERCO
2022-05-17 04:00:00,2022-05-17 04:00:00,301.6913,28.54132,ERCO
2022-05-17 05:00:00,2022-05-17 05:00:00,300.6366,27.486603,ERCO
2022-05-17 06:00:00,2022-05-17 06:00:00,299.6464,26.496399,ERCO
2022-05-17 07:00:00,2022-05-17 07:00:00,298.80127,25.651276,ERCO
2022-05-17 08:00:00,2022-05-17 08:00:00,297.94174,24.791748,ERCO
2022-05-17 09:00:00,2022-05-17 09:00:00,297.2237,24.0737,ERCO
2022-05-17 10:00:00,2022-05-17 10:00:00,296.59012,23.440125,ERCO
2022-05-17 11:00:00,2022-05-17 11:00:00,296.08765,22.937653,ERCO
2022-05-17 12:00:00,2022-05-17 12:00:00,295.73474,22.584747,ERCO
2022-05-17 13:00:00,2022-05-17 13:00:00,296.3876,23.23761,ERCO
2022-05-17 14:00:00,2022-05-17 14:00:00,297.45346,24.303467,ERCO
2022-05-17 15:00:00,2022-05-17 15:00:00,299.02203,25.87204,ERCO
2022-05-17 16:00:00,2022-05-17 16:00:00,300.83893,27.688934,ERCO
2022-05-17 17:00:00,2022-05-17 17:00:00,302.67072,29.520721,ERCO
2022-05-17 18:00:00,2022-05-17 18:00:00,304.37115,31.22116,ERCO
2022-05-17 19:00:00,2022-05-17 19:00:00,305.80136,32.651367,ERCO
2022-05-17 20:00:00,2022-05-17 20:00:00,306.8687,33.71872,ERCO
2022-05-17 21:00:00,2022-05-17 21:00:00,307.55392,34.40393,ERCO
2022-05-17 22:00:00,2022-05-17 22:00:00,307.85553,34.705536,ERCO
2022-05-17 23:00:00,2022-05-17 23:00:00,307.75824,34.608246,ERCO
2022-05-18 00:00:00,2022-05-18 00:00:00,307.20868,34.058685,ERCO
2022-05-18 01:00:00,2022-05-18 01:00:00,306.05032,32.90033,ERCO
2022-05-18 02:00:00,2022-05-18 02:00:00,304.68726,31.537262,ERCO
2022-05-18 03:00:00,2022-05-18 03:00:00,303.47394,30.323944,ERCO
2022-05-18 04:00:00,2022-05-18 04:00:00,302.2911,29.141113,ERCO
2022-05-18 05:00:00,2022-05-18 05:00:00,301.17517,28.025177,ERCO
2022-05-18 06:00:00,2022-05-18 06:00:00,300.19534,27.04535,ERCO
2022-05-18 07:00:00,2022-05-18 07:00:00,299.25684,26.106842,ERCO
2022-05-18 08:00:00,2022-05-18 08:00:00,298.41855,25.268555,ERCO
2022-05-18 09:00:00,2022-05-18 09:00:00,297.72388,24.573883,ERCO
2022-05-18 10:00:00,2022-05-18 10:00:00,297.0784,23.928406,ERCO
2022-05-18 11:00:00,2022-05-18 11:00:00,296.39752,23.247528,ERCO
2022-05-18 12:00:00,2022-05-18 12:00:00,295.79587,22.645874,ERCO
2022-05-18 13:00:00,2022-05-18 13:00:00,296.3526,23.202606,ERCO
2022-05-18 14:00:00,2022-05-18 14:00:00,297.53513,24.385132,ERCO
2022-05-18 15:00:00,2022-05-18 15:00:00,299.2488,26.098816,ERCO
2022-05-18 16:00:00,2022-05-18 16:00:00,301.15817,28.008179,ERCO
2022-05-18 17:00:00,2022-05-18 17:00:00,302.99408,29.844086,ERCO
2022-05-18 18:00:00,2022-05-18 18:00:00,304.68063,31.53064,ERCO
2022-05-18 19:00:00,2022-05-18 19:00:00,306.09882,32.948822,ERCO
2022-05-18 20:00:00,2022-05-18 20:00:00,307.142,33.992004,ERCO
2022-05-18 21:00:00,2022-05-18 21:00:00,307.81808,34.66809,ERCO
2022-05-18 22:00:00,2022-05-18 22:00:00,308.12344,34.97345,ERCO
2022-05-18 23:00:00,2022-05-18 23:00:00,308.02444,34.87445,ERCO
2022-05-19 00:00:00,2022-05-19 00:00:00,307.4823,34.332306,ERCO
2022-05-19 01:00:00,2022-05-19 01:00:00,306.42154,33.271545,ERCO
2022-05-19 02:00:00,2022-05-19 02:00:00,305.0171,31.867096,ERCO
2022-05-19 03:00:00,2022-05-19 03:00:00,303.7054,30.55542,ERCO
2022-05-19 04:00:00,2022-05-19 04:00:00,302.44464,29.294647,ERCO
2022-05-19 05:00:00,2022-05-19 05:00:00,301.17603,28.026031,ERCO
2022-05-19 06:00:00,2022-05-19 06:00:00,299.97302,26.823029,ERCO
2022-05-19 07:00:00,2022-05-19 07:00:00,298.8783,25.728302,ERCO
2022-05-19 08:00:00,2022-05-19 08:00:00,297.89197,24.741974,ERCO
2022-05-19 09:00:00,2022-05-19 09:00:00,297.0459,23.895905,ERCO
2022-05-19 10:00:00,2022-05-19 10:00:00,296.29727,23.147278,ERCO
2022-05-19 11:00:00,2022-05-19 11:00:00,295.63153,22.481537,ERCO
2022-05-19 12:00:00,2022-05-19 12:00:00,295.18546,22.035461,ERCO
2022-05-19 13:00:00,2022-05-19 13:00:00,295.99258,22.84259,ERCO
2022-05-19 14:00:00,2022-05-19 14:00:00,297.32956,24.179565,ERCO
2022-05-19 15:00:00,2022-05-19 15:00:00,299.05612,25.906128,ERCO
2022-05-19 16:00:00,2022-05-19 16:00:00,300.9256,27.775604,ERCO
2022-05-19 17:00:00,2022-05-19 17:00:00,302.78046,29.630463,ERCO
2022-05-19 18:00:00,2022-05-19 18:00:00,304.52847,31.378479,ERCO
2022-05-19 19:00:00,2022-05-19 19:00:00,306.02243,32.872437,ERCO
2022-05-19 20:00:00,2022-05-19 20:00:00,307.13632,33.98633,ERCO
2022-05-19 21:00:00,2022-05-19 21:00:00,307.8488,34.69879,ERCO
2022-05-19 22:00:00,2022-05-19 22:00:00,308.15265,35.002655,ERCO
2022-05-19 23:00:00,2022-05-19 23:00:00,308.01486,34.86487,ERCO
2022-05-20 00:00:00,2022-05-20 00:00:00,307.41763,34.26764,ERCO
2022-05-20 01:00:00,2022-05-20 01:00:00,306.34607,33.196075,ERCO
2022-05-20 02:00:00,2022-05-20 02:00:00,304.9609,31.810913,ERCO
2022-05-20 03:00:00,2022-05-20 03:00:00,303.6416,30.491608,ERCO
2022-05-20 04:00:00,2022-05-20 04:00:00,302.2703,29.1203,ERCO
2022-05-20 05:00:00,2022-05-20 05:00:00,301.06873,27.918732,ERCO
2022-05-20 06:00:00,2022-05-20 06:00:00,300.071,26.92102,ERCO
2022-05-20 07:00:00,2022-05-20 07:00:00,299.19727,26.047272,ERCO
2022-05-20 08:00:00,2022-05-20 08:00:00,298.44806,25.298065,ERCO
2022-05-20 09:00:00,2022-05-20 09:00:00,297.85245,24.702454,ERCO
2022-05-20 10:00:00,2022-05-20 10:00:00,297.35345,24.20346,ERCO
2022-05-20 11:00:00,2022-05-20 11:00:00,296.95844,23.808441,ERCO
2022-05-20 12:00:00,2022-05-20 12:00:00,296.69696,23.546967,ERCO
2022-05-20 13:00:00,2022-05-20 13:00:00,297.4504,24.300415,ERCO
2022-05-20 14:00:00,2022-05-20 14:00:00,298.51587,25.365875,ERCO
2022-05-20 15:00:00,2022-05-20 15:00:00,299.82825,26.678253,ERCO
2022-05-20 16:00:00,2022-05-20 16:00:00,301.34363,28.193634,ERCO
2022-05-20 17:00:00,2022-05-20 17:00:00,302.85388,29.703888,ERCO
2022-05-20 18:00:00,2022-05-20 18:00:00,304.2615,31.111511,ERCO
2022-05-20 19:00:00,2022-05-20 19:00:00,305.4811,32.331116,ERCO
2022-05-20 20:00:00,2022-05-20 20:00:00,306.40524,33.25525,ERCO
2022-05-20 21:00:00,2022-05-20 21:00:00,307.0306,33.880615,ERCO
2022-05-20 22:00:00,2022-05-20 22:00:00,307.33002,34.180023,ERCO
2022-05-20 23:00:00,2022-05-20 23:00:00,307.25162,34.101624,ERCO
2022-05-21 00:00:00,2022-05-21 00:00:00,306.75748,33.607483,ERCO
2022-05-21 01:00:00,2022-05-21 01:00:00,305.8204,32.67041,ERCO
2022-05-21 02:00:00,2022-05-21 02:00:00,304.57135,31.421356,ERCO
2022-05-21 03:00:00,2022-05-21 03:00:00,303.39047,30.240479,ERCO
2022-05-21 04:00:00,2022-05-21 04:00:00,302.2228,29.072815,ERCO
2022-05-21 05:00:00,2022-05-21 05:00:00,301.0683,27.918304,ERCO
2022-05-21 06:00:00,2022-05-21 06:00:00,300.04318,26.893188,ERCO
2022-05-21 07:00:00,2022-05-21 07:00:00,299.0934,25.94342,ERCO
2022-05-21 08:00:00,2022-05-21 08:00:00,298.2838,25.13382,ERCO
2022-05-21 09:00:00,2022-05-21 09:00:00,297.5897,24.439697,ERCO
2022-05-21 10:00:00,2022-05-21 10:00:00,296.97055,23.820557,ERCO
2022-05-21 11:00:00,2022-05-21 11:00:00,296.43576,23.285767,ERCO
2022-05-21 12:00:00,2022-05-21 12:00:00,296.04007,22.890076,ERCO
2022-05-21 13:00:00,2022-05-21 13:00:00,296.54678,23.39679,ERCO
2022-05-21 14:00:00,2022-05-21 14:00:00,297.34012,24.190125,ERCO
2022-05-21 15:00:00,2022-05-21 15:00:00,298.32504,25.175049,ERCO
2022-05-21 16:00:00,2022-05-21 16:00:00,299.41672,26.266724,ERCO
2022-05-21 17:00:00,2022-05-21 17:00:00,300.51685,27.366852,ERCO
2022-05-21 18:00:00,2022-05-21 18:00:00,301.57202,28.422028,ERCO
2022-05-21 19:00:00,2022-05-21 19:00:00,302.4891,29.339111,ERCO
2022-05-21 20:00:00,2022-05-21 20:00:00,303.16855,30.018555,ERCO
2022-05-21 21:00:00,2022-05-21 21:00:00,303.51733,30.36734,ERCO
2022-05-21 22:00:00,2022-05-21 22:00:00,303.40933,30.259338,ERCO
2022-05-21 23:00:00,2022-05-21 23:00:00,302.8448,29.694794,ERCO
2022-05-22 00:00:00,2022-05-22 00:00:00,301.86087,28.710876,ERCO
2022-05-22 01:00:00,2022-05-22 01:00:00,300.49585,27.345856,ERCO
2022-05-22 02:00:00,2022-05-22 02:00:00,298.95898,25.80899,ERCO
2022-05-22 03:00:00,2022-05-22 03:00:00,297.59,24.440002,ERCO
2022-05-22 04:00:00,2022-05-22 04:00:00,296.38544,23.235443,ERCO
2022-05-22 05:00:00,2022-05-22 05:00:00,295.31183,22.161835,ERCO
2022-05-22 06:00:00,2022-05-22 06:00:00,294.40298,21.25299,ERCO
2022-05-22 07:00:00,2022-05-22 07:00:00,293.62552,20.475525,ERCO
2022-05-22 08:00:00,2022-05-22 08:00:00,292.95474,19.804749,ERCO
2022-05-22 09:00:00,2022-05-22 09:00:00,292.38724,19.237244,ERCO
2022-05-22 10:00:00,2022-05-22 10:00:00,291.9227,18.772705,ERCO
2022-05-22 11:00:00,2022-05-22 11:00:00,291.5215,18.371521,ERCO
2022-05-22 12:00:00,2022-05-22 12:00:00,291.17764,18.027649,ERCO
2022-05-22 13:00:00,2022-05-22 13:00:00,291.05295,17.902954,ERCO
2022-05-22 14:00:00,2022-05-22 14:00:00,291.12604,17.976044,ERCO
2022-05-22 15:00:00,2022-05-22 15:00:00,291.45712,18.307129,ERCO
2022-05-22 16:00:00,2022-05-22 16:00:00,292.01044,18.860443,ERCO
2022-05-22 17:00:00,2022-05-22 17:00:00,292.74014,19.590149,ERCO
2022-05-22 18:00:00,2022-05-22 18:00:00,293.5048,20.354797,ERCO
2022-05-22 19:00:00,2022-05-22 19:00:00,294.2957,21.14569,ERCO
2022-05-22 20:00:00,2022-05-22 20:00:00,295.0224,21.872406,ERCO
2022-05-22 21:00:00,2022-05-22 21:00:00,295.62802,22.478027,ERCO
2022-05-22 22:00:00,2022-05-22 22:00:00,296.08374,22.933746,ERCO
2022-05-22 23:00:00,2022-05-22 23:00:00,296.34357,23.193573,ERCO
2022-05-23 00:00:00,2022-05-23 00:00:00,296.3793,23.22931,ERCO
2022-05-23 01:00:00,2022-05-23 01:00:00,296.14902,22.999023,ERCO
2022-05-23 02:00:00,2022-05-23 02:00:00,295.77142,22.62143,ERCO
2022-05-23 03:00:00,2022-05-23 03:00:00,295.3866,22.236603,ERCO
2022-05-23 04:00:00,2022-05-23 04:00:00,294.96826,21.818268,ERCO
2022-05-23 05:00:00,2022-05-23 05:00:00,294.5594,21.409393,ERCO
2022-05-23 06:00:00,2022-05-23 06:00:00,294.1799,21.029907,ERCO
2022-05-23 07:00:00,2022-05-23 07:00:00,293.8444,20.694397,ERCO
2022-05-23 08:00:00,2022-05-23 08:00:00,293.5738,20.423798,ERCO
2022-05-23 09:00:00,2022-05-23 09:00:00,293.33148,20.181488,ERCO
2022-05-23 10:00:00,2022-05-23 10:00:00,293.10968,19.959686,ERCO
2022-05-23 11:00:00,2022-05-23 11:00:00,292.93796,19.787964,ERCO
2022-05-23 12:00:00,2022-05-23 12:00:00,292.83072,19.680725,ERCO
2022-05-23 13:00:00,2022-05-23 13:00:00,293.11407,19.96408,ERCO
2022-05-23 14:00:00,2022-05-23 14:00:00,293.6375,20.487518,ERCO
2022-05-23 15:00:00,2022-05-23 15:00:00,294.34323,21.193237,ERCO
2022-05-23 16:00:00,2022-05-23 16:00:00,295.2305,22.080505,ERCO
2022-05-23 17:00:00,2022-05-23 17:00:00,296.20505,23.055054,ERCO
2022-05-23 18:00:00,2022-05-23 18:00:00,297.2102,24.060211,ERCO
2022-05-23 19:00:00,2022-05-23 19:00:00,298.15524,25.005249,ERCO
2022-05-23 20:00:00,2022-05-23 20:00:00,298.79108,25.641083,ERCO
2022-05-23 21:00:00,2022-05-23 21:00:00,299.14386,25.993866,ERCO
2022-05-23 22:00:00,2022-05-23 22:00:00,299.13055,25.98056,ERCO
2022-05-23 23:00:00,2022-05-23 23:00:00,298.85364,25.703644,ERCO
2022-05-24 00:00:00,2022-05-24 00:00:00,298.32852,25.178528,ERCO
2022-05-24 01:00:00,2022-05-24 01:00:00,297.66638,24.516388,ERCO
2022-05-24 02:00:00,2022-05-24 02:00:00,296.89502,23.745026,ERCO
2022-05-24 03:00:00,2022-05-24 03:00:00,296.1776,23.027618,ERCO
2022-05-24 04:00:00,2022-05-24 04:00:00,295.5103,22.360321,ERCO
2022-05-24 05:00:00,2022-05-24 05:00:00,294.83582,21.685822,ERCO
2022-05-24 06:00:00,2022-05-24 06:00:00,294.306,21.156006,ERCO
2022-05-24 07:00:00,2022-05-24 07:00:00,293.89365,20.743652,ERCO
2022-05-24 08:00:00,2022-05-24 08:00:00,293.51114,20.361145,ERCO
2022-05-24 09:00:00,2022-05-24 09:00:00,293.26083,20.11084,ERCO
2022-05-24 10:00:00,2022-05-24 10:00:00,292.98386,19.833862,ERCO
2022-05-24 11:00:00,2022-05-24 11:00:00,292.81052,19.660522,ERCO
2022-05-24 12:00:00,2022-05-24 12:00:00,292.7751,19.625092,ERCO
2022-05-24 13:00:00,2022-05-24 13:00:00,293.17355,20.02356,ERCO
2022-05-24 14:00:00,2022-05-24 14:00:00,293.90247,20.752472,ERCO
2022-05-24 15:00:00,2022-05-24 15:00:00,294.762,21.612,ERCO
2022-05-24 16:00:00,2022-05-24 16:00:00,295.53137,22.381378,ERCO
2022-05-24 17:00:00,2022-05-24 17:00:00,296.27213,23.122131,ERCO
2022-05-24 18:00:00,2022-05-24 18:00:00,296.95242,23.80243,ERCO
2022-05-24 19:00:00,2022-05-24 19:00:00,297.51132,24.361328,ERCO
2022-05-24 20:00:00,2022-05-24 20:00:00,297.87866,24.728668,ERCO
2022-05-24 21:00:00,2022-05-24 21:00:00,298.13748,24.987488,ERCO
2022-05-24 22:00:00,2022-05-24 22:00:00,298.18158,25.031586,ERCO
2022-05-24 23:00:00,2022-05-24 23:00:00,297.8861,24.736115,ERCO
2022-05-25 00:00:00,2022-05-25 00:00:00,297.09268,23.942688,ERCO
2022-05-25 01:00:00,2022-05-25 01:00:00,296.10318,22.953186,ERCO
2022-05-25 02:00:00,2022-05-25 02:00:00,295.1586,22.008606,ERCO
2022-05-25 03:00:00,2022-05-25 03:00:00,294.40128,21.251282,ERCO
2022-05-25 04:00:00,2022-05-25 04:00:00,293.72894,20.578949,ERCO
2022-05-25 05:00:00,2022-05-25 05:00:00,293.13397,19.983978,ERCO
2022-05-25 06:00:00,2022-05-25 06:00:00,292.5859,19.435913,ERCO
2022-05-25 07:00:00,2022-05-25 07:00:00,292.0252,18.875214,ERCO
2022-05-25 08:00:00,2022-05-25 08:00:00,291.4779,18.327911,ERCO
2022-05-25 09:00:00,2022-05-25 09:00:00,290.89838,17.748383,ERCO
2022-05-25 10:00:00,2022-05-25 10:00:00,290.3617,17.2117,ERCO
2022-05-25 11:00:00,2022-05-25 11:00:00,289.82785,16.677856,ERCO
2022-05-25 12:00:00,2022-05-25 12:00:00,289.51657,16.366577,ERCO
2022-05-25 13:00:00,2022-05-25 13:00:00,289.70184,16.55185,ERCO
2022-05-25 14:00:00,2022-05-25 14:00:00,290.1605,17.010498,ERCO
2022-05-25 15:00:00,2022-05-25 15:00:00,290.91647,17.76648,ERCO
2022-05-25 16:00:00,2022-05-25 16:00:00,291.81598,18.665985,ERCO
2022-05-25 17:00:00,2022-05-25 17:00:00,292.70163,19.551636,ERCO
2022-05-25 18:00:00,2022-05-25 18:00:00,293.62012,20.470123,ERCO
2022-05-25 19:00:00,2022-05-25 19:00:00,294.56647,21.416473,ERCO
2022-05-25 20:00:00,2022-05-25 20:00:00,295.39688,22.246887,ERCO
2022-05-25 21:00:00,2022-05-25 21:00:00,296.0786,22.92862,ERCO
2022-05-25 22:00:00,2022-05-25 22:00:00,296.58102,23.43103,ERCO
2022-05-25 23:00:00,2022-05-25 23:00:00,296.87903,23.729034,ERCO
2022-05-26 00:00:00,2022-05-26 00:00:00,296.919,23.769012,ERCO
2022-05-26 01:00:00,2022-05-26 01:00:00,296.53867,23.388672,ERCO
2022-05-26 02:00:00,2022-05-26 02:00:00,295.6499,22.499908,ERCO
2022-05-26 03:00:00,2022-05-26 03:00:00,294.74188,21.591888,ERCO
2022-05-26 04:00:00,2022-05-26 04:00:00,293.86215,20.712158,ERCO
2022-05-26 05:00:00,2022-05-26 05:00:00,293.04504,19.89505,ERCO
2022-05-26 06:00:00,2022-05-26 06:00:00,292.31128,19.161285,ERCO
2022-05-26 07:00:00,2022-05-26 07:00:00,291.70108,18.551086,ERCO
2022-05-26 08:00:00,2022-05-26 08:00:00,291.18753,18.037537,ERCO
2022-05-26 09:00:00,2022-05-26 09:00:00,290.7799,17.629913,ERCO
2022-05-26 10:00:00,2022-05-26 10:00:00,290.44736,17.297363,ERCO
2022-05-26 11:00:00,2022-05-26 11:00:00,290.1231,16.973114,ERCO
2022-05-26 12:00:00,2022-05-26 12:00:00,289.97537,16.825378,ERCO
2022-05-26 13:00:00,2022-05-26 13:00:00,291.6436,18.493591,ERCO
2022-05-26 14:00:00,2022-05-26 14:00:00,293.4455,20.295502,ERCO
2022-05-26 15:00:00,2022-05-26 15:00:00,295.38806,22.238068,ERCO
2022-05-26 16:00:00,2022-05-26 16:00:00,297.2271,24.077118,ERCO
2022-05-26 17:00:00,2022-05-26 17:00:00,298.81152,25.66153,ERCO
2022-05-26 18:00:00,2022-05-26 18:00:00,300.17172,27.021729,ERCO
2022-05-26 19:00:00,2022-05-26 19:00:00,301.29413,28.144135,ERCO
2022-05-26 20:00:00,2022-05-26 20:00:00,302.14972,28.999725,ERCO
2022-05-26 21:00:00,2022-05-26 21:00:00,302.76437,29.61438,ERCO
2022-05-26 22:00:00,2022-05-26 22:00:00,303.14505,29.995056,ERCO
2022-05-26 23:00:00,2022-05-26 23:00:00,303.24127,30.091278,ERCO
2022-05-27 00:00:00,2022-05-27 00:00:00,303.00192,29.851929,ERCO
2022-05-27 01:00:00,2022-05-27 01:00:00,302.232,29.082,ERCO
2022-05-27 02:00:00,2022-05-27 02:00:00,300.88547,27.735474,ERCO
2022-05-27 03:00:00,2022-05-27 03:00:00,299.59586,26.445862,ERCO
2022-05-27 04:00:00,2022-05-27 04:00:00,298.36285,25.21286,ERCO
2022-05-27 05:00:00,2022-05-27 05:00:00,297.28833,24.138336,ERCO
2022-05-27 06:00:00,2022-05-27 06:00:00,296.37222,23.222229,ERCO
2022-05-27 07:00:00,2022-05-27 07:00:00,295.56488,22.414886,ERCO
2022-05-27 08:00:00,2022-05-27 08:00:00,294.88776,21.737762,ERCO
2022-05-27 09:00:00,2022-05-27 09:00:00,294.31342,21.163422,ERCO
2022-05-27 10:00:00,2022-05-27 10:00:00,293.8472,20.697205,ERCO
2022-05-27 11:00:00,2022-05-27 11:00:00,293.4951,20.345093,ERCO
2022-05-27 12:00:00,2022-05-27 12:00:00,293.25394,20.103943,ERCO
2022-05-27 13:00:00,2022-05-27 13:00:00,294.40176,21.25177,ERCO
2022-05-27 14:00:00,2022-05-27 14:00:00,295.7744,22.62442,ERCO
2022-05-27 15:00:00,2022-05-27 15:00:00,297.37857,24.228577,ERCO
2022-05-27 16:00:00,2022-05-27 16:00:00,299.01318,25.86319,ERCO
2022-05-27 17:00:00,2022-05-27 17:00:00,300.53497,27.38498,ERCO
2022-05-27 18:00:00,2022-05-27 18:00:00,301.8876,28.73761,ERCO
2022-05-27 19:00:00,2022-05-27 19:00:00,303.02466,29.874664,ERCO
2022-05-27 20:00:00,2022-05-27 20:00:00,303.9093,30.759308,ERCO
2022-05-27 21:00:00,2022-05-27 21:00:00,304.55124,31.401245,ERCO
2022-05-27 22:00:00,2022-05-27 22:00:00,304.9403,31.790314,ERCO
2022-05-27 23:00:00,2022-05-27 23:00:00,305.029,31.878998,ERCO
2022-05-28 00:00:00,2022-05-28 00:00:00,304.75967,31.60968,ERCO
2022-05-28 01:00:00,2022-05-28 01:00:00,303.93832,30.78833,ERCO
2022-05-28 02:00:00,2022-05-28 02:00:00,302.6397,29.489716,ERCO
2022-05-28 03:00:00,2022-05-28 03:00:00,301.4333,28.283295,ERCO
2022-05-28 04:00:00,2022-05-28 04:00:00,300.2972,27.147217,ERCO
2022-05-28 05:00:00,2022-05-28 05:00:00,299.25436,26.10437,ERCO
2022-05-28 06:00:00,2022-05-28 06:00:00,298.31067,25.160675,ERCO
2022-05-28 07:00:00,2022-05-28 07:00:00,297.4762,24.326202,ERCO
2022-05-28 08:00:00,2022-05-28 08:00:00,296.73474,23.584747,ERCO
2022-05-28 09:00:00,2022-05-28 09:00:00,296.06702,22.917023,ERCO
2022-05-28 10:00:00,2022-05-28 10:00:00,295.47647,22.326477,ERCO
2022-05-28 11:00:00,2022-05-28 11:00:00,294.98016,21.83017,ERCO
2022-05-28 12:00:00,2022-05-28 12:00:00,294.74612,21.59613,ERCO
2022-05-28 13:00:00,2022-05-28 13:00:00,295.98685,22.836853,ERCO
2022-05-28 14:00:00,2022-05-28 14:00:00,297.2455,24.09552,ERCO
2022-05-28 15:00:00,2022-05-28 15:00:00,298.82782,25.677826,ERCO
2022-05-28 16:00:00,2022-05-28 16:00:00,300.54718,27.397186,ERCO
2022-05-28 17:00:00,2022-05-28 17:00:00,302.21738,29.067383,ERCO
2022-05-28 18:00:00,2022-05-28 18:00:00,303.73553,30.58554,ERCO
2022-05-28 19:00:00,2022-05-28 19:00:00,305.0123,31.862305,ERCO
2022-05-28 20:00:00,2022-05-28 20:00:00,305.95697,32.806976,ERCO
2022-05-28 21:00:00,2022-05-28 21:00:00,306.55383,33.40384,ERCO
2022-05-28 22:00:00,2022-05-28 22:00:00,306.7899,33.639893,ERCO
2022-05-28 23:00:00,2022-05-28 23:00:00,306.6211,33.4711,ERCO
2022-05-29 00:00:00,2022-05-29 00:00:00,305.90417,32.75418,ERCO
2022-05-29 01:00:00,2022-05-29 01:00:00,304.49954,31.349548,ERCO
2022-05-29 02:00:00,2022-05-29 02:00:00,302.93173,29.781738,ERCO
2022-05-29 03:00:00,2022-05-29 03:00:00,301.69452,28.544525,ERCO
2022-05-29 04:00:00,2022-05-29 04:00:00,300.67548,27.525482,ERCO
2022-05-29 05:00:00,2022-05-29 05:00:00,299.8493,26.69931,ERCO
2022-05-29 06:00:00,2022-05-29 06:00:00,299.06085,25.910858,ERCO
2022-05-29 07:00:00,2022-05-29 07:00:00,298.33453,25.18454,ERCO
2022-05-29 08:00:00,2022-05-29 08:00:00,297.68292,24.532928,ERCO
2022-05-29 09:00:00,2022-05-29 09:00:00,297.11887,23.968872,ERCO
2022-05-29 10:00:00,2022-05-29 10:00:00,296.61176,23.461761,ERCO
2022-05-29 11:00:00,2022-05-29 11:00:00,296.1584,23.008392,ERCO
2022-05-29 12:00:00,2022-05-29 12:00:00,295.84763,22.697632,ERCO
2022-05-29 13:00:00,2022-05-29 13:00:00,296.5102,23.360199,ERCO
2022-05-29 14:00:00,2022-05-29 14:00:00,297.53595,24.385956,ERCO
2022-05-29 15:00:00,2022-05-29 15:00:00,298.96152,25.811523,ERCO
2022-05-29 16:00:00,2022-05-29 16:00:00,300.58795,27.437958,ERCO
2022-05-29 17:00:00,2022-05-29 17:00:00,302.168,29.018005,ERCO
2022-05-29 18:00:00,2022-05-29 18:00:00,303.57574,30.42575,ERCO
2022-05-29 19:00:00,2022-05-29 19:00:00,304.75598,31.605988,ERCO
2022-05-29 20:00:00,2022-05-29 20:00:00,305.6295,32.479492,ERCO
2022-05-29 21:00:00,2022-05-29 21:00:00,306.18515,33.035156,ERCO
2022-05-29 22:00:00,2022-05-29 22:00:00,306.3954,33.24539,ERCO
2022-05-29 23:00:00,2022-05-29 23:00:00,306.22165,33.071655,ERCO
2022-05-30 00:00:00,2022-05-30 00:00:00,305.60138,32.451385,ERCO
2022-05-30 01:00:00,2022-05-30 01:00:00,304.45032,31.300323,ERCO
2022-05-30 02:00:00,2022-05-30 02:00:00,303.07297,29.922974,ERCO
2022-05-30 03:00:00,2022-05-30 03:00:00,301.89624,28.746246,ERCO
2022-05-30 04:00:00,2022-05-30 04:00:00,300.68542,27.53543,ERCO
2022-05-30 05:00:00,2022-05-30 05:00:00,299.6048,26.454803,ERCO
2022-05-30 06:00:00,2022-05-30 06:00:00,298.71365,25.56366,ERCO
2022-05-30 07:00:00,2022-05-30 07:00:00,297.96744,24.817444,ERCO
2022-05-30 08:00:00,2022-05-30 08:00:00,297.37033,24.220337,ERCO
2022-05-30 09:00:00,2022-05-30 09:00:00,296.88644,23.73645,ERCO
2022-05-30 10:00:00,2022-05-30 10:00:00,296.5037,23.353699,ERCO
2022-05-30 11:00:00,2022-05-30 11:00:00,296.1771,23.0271,ERCO
2022-05-30 12:00:00,2022-05-30 12:00:00,296.04684,22.89685,ERCO
2022-05-30 13:00:00,2022-05-30 13:00:00,296.6773,23.527313,ERCO
2022-05-30 14:00:00,2022-05-30 14:00:00,297.60843,24.458435,ERCO
2022-05-30 15:00:00,2022-05-30 15:00:00,298.64258,25.492584,ERCO
2022-05-30 16:00:00,2022-05-30 16:00:00,299.7485,26.59851,ERCO
2022-05-30 17:00:00,2022-05-30 17:00:00,300.8838,27.733795,ERCO
2022-05-30 18:00:00,2022-05-30 18:00:00,301.97073,28.82074,ERCO
2022-05-30 19:00:00,2022-05-30 19:00:00,302.93304,29.78305,ERCO
2022-05-30 20:00:00,2022-05-30 20:00:00,303.71597,30.565979,ERCO
2022-05-30 21:00:00,2022-05-30 21:00:00,304.2836,31.133606,ERCO
2022-05-30 22:00:00,2022-05-30 22:00:00,304.5885,31.438507,ERCO
2022-05-30 23:00:00,2022-05-30 23:00:00,304.59485,31.444855,ERCO
2022-05-31 00:00:00,2022-05-31 00:00:00,304.26465,31.114655,ERCO
2022-05-31 01:00:00,2022-05-31 01:00:00,303.54227,30.392273,ERCO
2022-05-31 02:00:00,2022-05-31 02:00:00,302.54694,29.396942,ERCO
2022-05-31 03:00:00,2022-05-31 03:00:00,301.59613,28.446136,ERCO
2022-05-31 04:00:00,2022-05-31 04:00:00,300.66055,27.51056,ERCO
2022-05-31 05:00:00,2022-05-31 05:00:00,299.8323,26.682312,ERCO
2022-05-31 06:00:00,2022-05-31 06:00:00,299.12656,25.976562,ERCO
2022-05-31 07:00:00,2022-05-31 07:00:00,298.52124,25.371246,ERCO
2022-05-31 08:00:00,2022-05-31 08:00:00,298.02374,24.873749,ERCO
2022-05-31 09:00:00,2022-05-31 09:00:00,297.63318,24.483185,ERCO
2022-05-31 10:00:00,2022-05-31 10:00:00,297.2893,24.139313,ERCO
2022-05-31 11:00:00,2022-05-31 11:00:00,296.9768,23.826813,ERCO
2022-05-31 12:00:00,2022-05-31 12:00:00,296.8107,23.660706,ERCO
2022-05-31 13:00:00,2022-05-31 13:00:00,297.31848,24.168488,ERCO
2022-05-31 14:00:00,2022-05-31 14:00:00,298.05804,24.90805,ERCO
2022-05-31 15:00:00,2022-05-31 15:00:00,298.92624,25.776245,ERCO
2022-05-31 16:00:00,2022-05-31 16:00:00,299.9591,26.809113,ERCO
2022-05-31 17:00:00,2022-05-31 17:00:00,301.10846,27.958466,ERCO
2022-05-31 18:00:00,2022-05-31 18:00:00,302.2574,29.107391,ERCO
2022-05-31 19:00:00,2022-05-31 19:00:00,303.30292,30.152924,ERCO
2022-05-31 20:00:00,2022-05-31 20:00:00,304.14282,30.992828,ERCO
2022-05-31 21:00:00,2022-05-31 21:00:00,304.72247,31.57248,ERCO
2022-05-31 22:00:00,2022-05-31 22:00:00,304.97723,31.82724,ERCO
2022-05-31 23:00:00,2022-05-31 23:00:00,304.83667,31.686676,ERCO
2022-06-01 00:00:00,2022-06-01 00:00:00,304.12543,30.975433,ERCO
2022-06-01 01:00:00,2022-06-01 01:00:00,303.17462,30.024628,ERCO
2022-06-01 02:00:00,2022-06-01 02:00:00,302.16653,29.01654,ERCO
2022-06-01 03:00:00,2022-06-01 03:00:00,301.2555,28.1055,ERCO
2022-06-01 04:00:00,2022-06-01 04:00:00,300.3872,27.237213,ERCO
2022-06-01 05:00:00,2022-06-01 05:00:00,299.66898,26.518982,ERCO
2022-06-01 06:00:00,2022-06-01 06:00:00,299.00464,25.854645,ERCO
2022-06-01 07:00:00,2022-06-01 07:00:00,298.36993,25.21994,ERCO
2022-06-01 08:00:00,2022-06-01 08:00:00,297.8386,24.688599,ERCO
2022-06-01 09:00:00,2022-06-01 09:00:00,297.45157,24.301575,ERCO
2022-06-01 10:00:00,2022-06-01 10:00:00,297.1367,23.986694,ERCO
2022-06-01 11:00:00,2022-06-01 11:00:00,296.91385,23.763855,ERCO
2022-06-01 12:00:00,2022-06-01 12:00:00,296.84558,23.695587,ERCO
2022-06-01 13:00:00,2022-06-01 13:00:00,297.21652,24.066528,ERCO
2022-06-01 14:00:00,2022-06-01 14:00:00,297.80682,24.65683,ERCO
2022-06-01 15:00:00,2022-06-01 15:00:00,298.5635,25.413513,ERCO
2022-06-01 16:00:00,2022-06-01 16:00:00,299.43604,26.286041,ERCO
2022-06-01 17:00:00,2022-06-01 17:00:00,300.3527,27.202698,ERCO
2022-06-01 18:00:00,2022-06-01 18:00:00,301.28027,28.13028,ERCO
2022-06-01 19:00:00,2022-06-01 19:00:00,302.11438,28.964386,ERCO
2022-06-01 20:00:00,2022-06-01 20:00:00,302.72644,29.576447,ERCO
2022-06-01 21:00:00,2022-06-01 21:00:00,303.02444,29.87445,ERCO
2022-06-01 22:00:00,2022-06-01 22:00:00,302.87772,29.727722,ERCO
2022-06-01 23:00:00,2022-06-01 23:00:00,302.3383,29.188293,ERCO
2022-06-02 00:00:00,2022-06-02 00:00:00,301.53018,28.380188,ERCO
2022-06-02 01:00:00,2022-06-02 01:00:00,300.62158,27.471588,ERCO
2022-06-02 02:00:00,2022-06-02 02:00:00,299.57657,26.426575,ERCO
2022-06-02 03:00:00,2022-06-02 03:00:00,298.57318,25.423187,ERCO
2022-06-02 04:00:00,2022-06-02 04:00:00,297.6854,24.5354,ERCO
2022-06-02 05:00:00,2022-06-02 05:00:00,296.921,23.770996,ERCO
2022-06-02 06:00:00,2022-06-02 06:00:00,296.27667,23.126678,ERCO
2022-06-02 07:00:00,2022-06-02 07:00:00,295.67673,22.526733,ERCO
2022-06-02 08:00:00,2022-06-02 08:00:00,295.23535,22.085358,ERCO
2022-06-02 09:00:00,2022-06-02 09:00:00,294.93686,21.786865,ERCO
2022-06-02 10:00:00,2022-06-02 10:00:00,294.64926,21.499268,ERCO
2022-06-02 11:00:00,2022-06-02 11:00:00,294.37854,21.228546,ERCO
2022-06-02 12:00:00,2022-06-02 12:00:00,294.18027,21.030273,ERCO
2022-06-02 13:00:00,2022-06-02 13:00:00,294.4311,21.281097,ERCO
2022-06-02 14:00:00,2022-06-02 14:00:00,294.9914,21.8414,ERCO
2022-06-02 15:00:00,2022-06-02 15:00:00,295.7868,22.63681,ERCO
2022-06-02 16:00:00,2022-06-02 16:00:00,296.6893,23.539307,ERCO
2022-06-02 17:00:00,2022-06-02 17:00:00,297.63425,24.484253,ERCO
2022-06-02 18:00:00,2022-06-02 18:00:00,298.5479,25.397919,ERCO
2022-06-02 19:00:00,2022-06-02 19:00:00,299.3676,26.21762,ERCO
2022-06-02 20:00:00,2022-06-02 20:00:00,299.987,26.837006,ERCO
2022-06-02 21:00:00,2022-06-02 21:00:00,300.449,27.299011,ERCO
2022-06-02 22:00:00,2022-06-02 22:00:00,300.73288,27.582886,ERCO
2022-06-02 23:00:00,2022-06-02 23:00:00,300.8026,27.652618,ERCO
2022-06-03 00:00:00,2022-06-03 00:00:00,300.63235,27.48236,ERCO
2022-06-03 01:00:00,2022-06-03 01:00:00,300.23004,27.080048,ERCO
2022-06-03 02:00:00,2022-06-03 02:00:00,299.5996,26.449615,ERCO
2022-06-03 03:00:00,2022-06-03 03:00:00,298.9616,25.811615,ERCO
2022-06-03 04:00:00,2022-06-03 04:00:00,298.33588,25.185883,ERCO
2022-06-03 05:00:00,2022-06-03 05:00:00,297.81134,24.661346,ERCO
2022-06-03 06:00:00,2022-06-03 06:00:00,297.31577,24.165771,ERCO
2022-06-03 07:00:00,2022-06-03 07:00:00,296.77682,23.626831,ERCO
2022-06-03 08:00:00,2022-06-03 08:00:00,296.25952,23.109528,ERCO
2022-06-03 09:00:00,2022-06-03 09:00:00,295.80795,22.657959,ERCO
2022-06-03 10:00:00,2022-06-03 10:00:00,295.38132,22.231323,ERCO
2022-06-03 11:00:00,2022-06-03 11:00:00,294.95093,21.800934,ERCO
2022-06-03 12:00:00,2022-06-03 12:00:00,294.67337,21.523376,ERCO
2022-06-03 13:00:00,2022-06-03 13:00:00,295.0874,21.937408,ERCO
2022-06-03 14:00:00,2022-06-03 14:00:00,295.75983,22.609833,ERCO
2022-06-03 15:00:00,2022-06-03 15:00:00,296.56012,23.410126,ERCO
2022-06-03 16:00:00,2022-06-03 16:00:00,297.4086,24.258606,ERCO
2022-06-03 17:00:00,2022-06-03 17:00:00,298.31027,25.160278,ERCO
2022-06-03 18:00:00,2022-06-03 18:00:00,299.2394,26.089417,ERCO
2022-06-03 19:00:00,2022-06-03 19:00:00,300.1109,26.960907,ERCO
2022-06-03 20:00:00,2022-06-03 20:00:00,300.84146,27.691467,ERCO
2022-06-03 21:00:00,2022-06-03 21:00:00,301.4127,28.262695,ERCO
2022-06-03 22:00:00,2022-06-03 22:00:00,301.77478,28.624786,ERCO
2022-06-03 23:00:00,2022-06-03 23:00:00,301.85544,28.705444,ERCO
2022-06-04 00:00:00,2022-06-04 00:00:00,301.67786,28.527863,ERCO
2022-06-04 01:00:00,2022-06-04 01:00:00,301.19366,28.04367,ERCO
2022-06-04 02:00:00,2022-06-04 02:00:00,300.4567,27.306702,ERCO
2022-06-04 03:00:00,2022-06-04 03:00:00,299.7313,26.581299,ERCO
2022-06-04 04:00:00,2022-06-04 04:00:00,299.04446,25.89447,ERCO
2022-06-04 05:00:00,2022-06-04 05:00:00,298.38052,25.23053,ERCO
2022-06-04 06:00:00,2022-06-04 06:00:00,297.7354,24.585419,ERCO
2022-06-04 07:00:00,2022-06-04 07:00:00,297.16714,24.01715,ERCO
2022-06-04 08:00:00,2022-06-04 08:00:00,296.61832,23.468323,ERCO
2022-06-04 09:00:00,2022-06-04 09:00:00,296.09488,22.944885,ERCO
2022-06-04 10:00:00,2022-06-04 10:00:00,295.64557,22.495575,ERCO
2022-06-04 11:00:00,2022-06-04 11:00:00,295.272,22.12201,ERCO
2022-06-04 12:00:00,2022-06-04 12:00:00,295.04886,21.898865,ERCO
2022-06-04 13:00:00,2022-06-04 13:00:00,295.56512,22.41513,ERCO
2022-06-04 14:00:00,2022-06-04 14:00:00,296.39847,23.248474,ERCO
2022-06-04 15:00:00,2022-06-04 15:00:00,297.42047,24.270477,ERCO
2022-06-04 16:00:00,2022-06-04 16:00:00,298.63202,25.482025,ERCO
2022-06-04 17:00:00,2022-06-04 17:00:00,299.82153,26.67154,ERCO
2022-06-04 18:00:00,2022-06-04 18:00:00,300.91718,27.767181,ERCO
2022-06-04 19:00:00,2022-06-04 19:00:00,301.93692,28.786926,ERCO
2022-06-04 20:00:00,2022-06-04 20:00:00,302.74677,29.596771,ERCO
2022-06-04 21:00:00,2022-06-04 21:00:00,303.36737,30.217377,ERCO
2022-06-04 22:00:00,2022-06-04 22:00:00,303.81476,30.664764,ERCO
2022-06-04 23:00:00,2022-06-04 23:00:00,304.02368,30.873688,ERCO
2022-06-05 00:00:00,2022-06-05 00:00:00,303.90298,30.75299,ERCO
2022-06-05 01:00:00,2022-06-05 01:00:00,303.39496,30.244965,ERCO
2022-06-05 02:00:00,2022-06-05 02:00:00,302.48752,29.337524,ERCO
2022-06-05 03:00:00,2022-06-05 03:00:00,301.59747,28.44748,ERCO
2022-06-05 04:00:00,2022-06-05 04:00:00,300.76813,27.618134,ERCO
2022-06-05 05:00:00,2022-06-05 05:00:00,299.98892,26.838928,ERCO
2022-06-05 06:00:00,2022-06-05 06:00:00,299.2557,26.105713,ERCO
2022-06-05 07:00:00,2022-06-05 07:00:00,298.59528,25.445282,ERCO
2022-06-05 08:00:00,2022-06-05 08:00:00,297.99582,24.845825,ERCO
2022-06-05 09:00:00,2022-06-05 09:00:00,297.44604,24.296051,ERCO
2022-06-05 10:00:00,2022-06-05 10:00:00,296.95248,23.80249,ERCO
2022-06-05 11:00:00,2022-06-05 11:00:00,296.49316,23.34317,ERCO
2022-06-05 12:00:00,2022-06-05 12:00:00,296.27853,23.12854,ERCO
2022-06-05 13:00:00,2022-06-05 13:00:00,297.21936,24.069366,ERCO
2022-06-05 14:00:00,2022-06-05 14:00:00,298.40317,25.253174,ERCO
2022-06-05 15:00:00,2022-06-05 15:00:00,299.8349,26.684906,ERCO
2022-06-05 16:00:00,2022-06-05 16:00:00,301.36832,28.218323,ERCO
2022-06-05 17:00:00,2022-06-05 17:00:00,302.84335,29.69336,ERCO
2022-06-05 18:00:00,2022-06-05 18:00:00,304.22043,31.070435,ERCO
2022-06-05 19:00:00,2022-06-05 19:00:00,305.42325,32.273254,ERCO
2022-06-05 20:00:00,2022-06-05 20:00:00,306.37323,33.223236,ERCO
2022-06-05 21:00:00,2022-06-05 21:00:00,307.05246,33.902466,ERCO
2022-06-05 22:00:00,2022-06-05 22:00:00,307.4368,34.286804,ERCO
2022-06-05 23:00:00,2022-06-05 23:00:00,307.47287,34.322876,ERCO
2022-06-06 00:00:00,2022-06-06 00:00:00,307.07727,33.927277,ERCO
2022-06-06 01:00:00,2022-06-06 01:00:00,306.17035,33.020355,ERCO
2022-06-06 02:00:00,2022-06-06 02:00:00,304.89743,31.747437,ERCO
2022-06-06 03:00:00,2022-06-06 03:00:00,303.71985,30.569855,ERCO
2022-06-06 04:00:00,2022-06-06 04:00:00,302.5449,29.394897,ERCO
2022-06-06 05:00:00,2022-06-06 05:00:00,301.46478,28.314789,ERCO
2022-06-06 06:00:00,2022-06-06 06:00:00,300.4899,27.339905,ERCO
2022-06-06 07:00:00,2022-06-06 07:00:00,299.61896,26.468964,ERCO
2022-06-06 08:00:00,2022-06-06 08:00:00,298.83752,25.68753,ERCO
2022-06-06 09:00:00,2022-06-06 09:00:00,298.16718,25.017181,ERCO
2022-06-06 10:00:00,2022-06-06 10:00:00,297.55386,24.40387,ERCO
2022-06-06 11:00:00,2022-06-06 11:00:00,296.99973,23.849731,ERCO
2022-06-06 12:00:00,2022-06-06 12:00:00,296.66208,23.512085,ERCO
2022-06-06 13:00:00,2022-06-06 13:00:00,297.434,24.283997,ERCO
2022-06-06 14:00:00,2022-06-06 14:00:00,298.57983,25.42984,ERCO
2022-06-06 15:00:00,2022-06-06 15:00:00,300.02008,26.870087,ERCO
2022-06-06 16:00:00,2022-06-06 16:00:00,301.6393,28.489319,ERCO
2022-06-06 17:00:00,2022-06-06 17:00:00,303.2935,30.143494,ERCO
2022-06-06 18:00:00,2022-06-06 18:00:00,304.8688,31.718811,ERCO
2022-06-06 19:00:00,2022-06-06 19:00:00,306.2425,33.0925,ERCO
2022-06-06 20:00:00,2022-06-06 20:00:00,307.29382,34.14383,ERCO
2022-06-06 21:00:00,2022-06-06 21:00:00,307.98917,34.839172,ERCO
2022-06-06 22:00:00,2022-06-06 22:00:00,308.31247,35.162476,ERCO
2022-06-06 23:00:00,2022-06-06 23:00:00,308.24103,35.091034,ERCO
2022-06-07 00:00:00,2022-06-07 00:00:00,307.733,34.583008,ERCO
2022-06-07 01:00:00,2022-06-07 01:00:00,306.73532,33.585327,ERCO
2022-06-07 02:00:00,2022-06-07 02:00:00,305.41968,32.269684,ERCO
2022-06-07 03:00:00,2022-06-07 03:00:00,304.1609,31.010895,ERCO
2022-06-07 04:00:00,2022-06-07 04:00:00,302.94882,29.798828,ERCO
2022-06-07 05:00:00,2022-06-07 05:00:00,301.82446,28.674469,ERCO
2022-06-07 06:00:00,2022-06-07 06:00:00,300.82645,27.676453,ERCO
2022-06-07 07:00:00,2022-06-07 07:00:00,299.92786,26.777863,ERCO
2022-06-07 08:00:00,2022-06-07 08:00:00,299.15625,26.006256,ERCO
2022-06-07 09:00:00,2022-06-07 09:00:00,298.5092,25.359192,ERCO
2022-06-07 10:00:00,2022-06-07 10:00:00,297.9357,24.785706,ERCO
2022-06-07 11:00:00,2022-06-07 11:00:00,297.45682,24.306824,ERCO
2022-06-07 12:00:00,2022-06-07 12:00:00,297.1709,24.020905,ERCO
2022-06-07 13:00:00,2022-06-07 13:00:00,297.69617,24.546173,ERCO
2022-06-07 14:00:00,2022-06-07 14:00:00,298.62704,25.47705,ERCO
2022-06-07 15:00:00,2022-06-07 15:00:00,299.9397,26.789703,ERCO
2022-06-07 16:00:00,2022-06-07 16:00:00,301.4349,28.284912,ERCO
2022-06-07 17:00:00,2022-06-07 17:00:00,302.95963,29.809631,ERCO
2022-06-07 18:00:00,2022-06-07 18:00:00,304.44046,31.290466,ERCO
2022-06-07 19:00:00,2022-06-07 19:00:00,305.7685,32.6185,ERCO
2022-06-07 20:00:00,2022-06-07 20:00:00,306.8331,33.683105,ERCO
2022-06-07 21:00:00,2022-06-07 21:00:00,307.5828,34.4328,ERCO
2022-06-07 22:00:00,2022-06-07 22:00:00,307.98917,34.839172,ERCO
2022-06-07 23:00:00,2022-06-07 23:00:00,308.00848,34.85849,ERCO
2022-06-08 00:00:00,2022-06-08 00:00:00,307.61127,34.461273,ERCO
2022-06-08 01:00:00,2022-06-08 01:00:00,306.74597,33.595978,ERCO
2022-06-08 02:00:00,2022-06-08 02:00:00,305.54504,32.39505,ERCO
2022-06-08 03:00:00,2022-06-08 03:00:00,304.38797,31.237976,ERCO
2022-06-08 04:00:00,2022-06-08 04:00:00,303.2824,30.132416,ERCO
2022-06-08 05:00:00,2022-06-08 05:00:00,302.25613,29.10614,ERCO
2022-06-08 06:00:00,2022-06-08 06:00:00,301.29446,28.14447,ERCO
2022-06-08 07:00:00,2022-06-08 07:00:00,300.39697,27.246979,ERCO
2022-06-08 08:00:00,2022-06-08 08:00:00,299.5979,26.447906,ERCO
2022-06-08 09:00:00,2022-06-08 09:00:00,298.8921,25.742096,ERCO
2022-06-08 10:00:00,2022-06-08 10:00:00,298.2796,25.129608,ERCO
2022-06-08 11:00:00,2022-06-08 11:00:00,297.67703,24.527039,ERCO
2022-06-08 12:00:00,2022-06-08 12:00:00,297.29135,24.141357,ERCO
2022-06-08 13:00:00,2022-06-08 13:00:00,297.82278,24.67279,ERCO
2022-06-08 14:00:00,2022-06-08 14:00:00,298.61176,25.461761,ERCO
2022-06-08 15:00:00,2022-06-08 15:00:00,299.65982,26.509827,ERCO
2022-06-08 16:00:00,2022-06-08 16:00:00,300.8424,27.692413,ERCO
2022-06-08 17:00:00,2022-06-08 17:00:00,302.04926,28.899261,ERCO
2022-06-08 18:00:00,2022-06-08 18:00:00,303.25922,30.109222,ERCO
2022-06-08 19:00:00,2022-06-08 19:00:00,304.3466,31.196594,ERCO
2022-06-08 20:00:00,2022-06-08 20:00:00,305.19653,32.04654,ERCO
2022-06-08 21:00:00,2022-06-08 21:00:00,305.76895,32.618958,ERCO
2022-06-08 22:00:00,2022-06-08 22:00:00,306.034,32.884003,ERCO
2022-06-08 23:00:00,2022-06-08 23:00:00,305.90723,32.757233,ERCO
2022-06-09 00:00:00,2022-06-09 00:00:00,305.43808,32.288086,ERCO
2022-06-09 01:00:00,2022-06-09 01:00:00,304.6834,31.533417,ERCO
2022-06-09 02:00:00,2022-06-09 02:00:00,303.70947,30.559479,ERCO
2022-06-09 03:00:00,2022-06-09 03:00:00,302.79556,29.645569,ERCO
2022-06-09 04:00:00,2022-06-09 04:00:00,301.8921,28.742096,ERCO
2022-06-09 05:00:00,2022-06-09 05:00:00,301.0566,27.906616,ERCO
2022-06-09 06:00:00,2022-06-09 06:00:00,300.3252,27.175201,ERCO
2022-06-09 07:00:00,2022-06-09 07:00:00,299.66492,26.514923,ERCO
2022-06-09 08:00:00,2022-06-09 08:00:00,299.0627,25.91272,ERCO
2022-06-09 09:00:00,2022-06-09 09:00:00,298.51254,25.362549,ERCO
2022-06-09 10:00:00,2022-06-09 10:00:00,298.01422,24.864227,ERCO
2022-06-09 11:00:00,2022-06-09 11:00:00,297.55078,24.400787,ERCO
2022-06-09 12:00:00,2022-06-09 12:00:00,297.25232,24.102325,ERCO
2022-06-09 13:00:00,2022-06-09 13:00:00,297.67426,24.524261,ERCO
2022-06-09 14:00:00,2022-06-09 14:00:00,298.48114,25.331146,ERCO
2022-06-09 15:00:00,2022-06-09 15:00:00,299.56537,26.415375,ERCO
2022-06-09 16:00:00,2022-06-09 16:00:00,300.76752,27.617523,ERCO
2022-06-09 17:00:00,2022-06-09 17:00:00,302.00552,28.85553,ERCO
2022-06-09 18:00:00,2022-06-09 18:00:00,303.22943,30.079437,ERCO
2022-06-09 19:00:00,2022-06-09 19:00:00,304.37378,31.223785,ERCO
2022-06-09 20:00:00,2022-06-09 20:00:00,305.34616,32.196167,ERCO
2022-06-09 21:00:00,2022-06-09 21:00:00,306.09976,32.949768,ERCO
2022-06-09 22:00:00,2022-06-09 22:00:00,306.58496,33.434967,ERCO
2022-06-09 23:00:00,2022-06-09 23:00:00,306.7638,33.6138,ERCO
2022-06-10 00:00:00,2022-06-10 00:00:00,306.61682,33.466827,ERCO
2022-06-10 01:00:00,2022-06-10 01:00:00,306.1234,32.97342,ERCO
2022-06-10 02:00:00,2022-06-10 02:00:00,305.28143,32.13144,ERCO
2022-06-10 03:00:00,2022-06-10 03:00:00,304.26953,31.119537,ERCO
2022-06-10 04:00:00,2022-06-10 04:00:00,303.1419,29.991913,ERCO
2022-06-10 05:00:00,2022-06-10 05:00:00,302.10428,28.954285,ERCO
2022-06-10 06:00:00,2022-06-10 06:00:00,301.23627,28.086273,ERCO
2022-06-10 07:00:00,2022-06-10 07:00:00,300.39105,27.241058,ERCO
2022-06-10 08:00:00,2022-06-10 08:00:00,299.72235,26.572357,ERCO
2022-06-10 09:00:00,2022-06-10 09:00:00,299.1942,26.04422,ERCO
2022-06-10 10:00:00,2022-06-10 10:00:00,298.71136,25.56137,ERCO
2022-06-10 11:00:00,2022-06-10 11:00:00,298.34006,25.190063,ERCO
2022-06-10 12:00:00,2022-06-10 12:00:00,298.17883,25.02884,ERCO
2022-06-10 13:00:00,2022-06-10 13:00:00,298.77054,25.620544,ERCO
2022-06-10 14:00:00,2022-06-10 14:00:00,299.73502,26.585022,ERCO
2022-06-10 15:00:00,2022-06-10 15:00:00,300.93198,27.781982,ERCO
2022-06-10 16:00:00,2022-06-10 16:00:00,302.30618,29.156189,ERCO
2022-06-10 17:00:00,2022-06-10 17:00:00,303.72925,30.579254,ERCO
2022-06-10 18:00:00,2022-06-10 18:00:00,305.12357,31.973572,ERCO
2022-06-10 19:00:00,2022-06-10 19:00:00,306.3843,33.234314,ERCO
2022-06-10 20:00:00,2022-06-10 20:00:00,307.4132,34.263214,ERCO
2022-06-10 21:00:00,2022-06-10 21:00:00,308.18643,35.036438,ERCO
2022-06-10 22:00:00,2022-06-10 22:00:00,308.66785,35.517853,ERCO
2022-06-10 23:00:00,2022-06-10 23:00:00,308.8229,35.672913,ERCO
2022-06-11 00:00:00,2022-06-11 00:00:00,308.6306,35.48062,ERCO
2022-06-11 01:00:00,2022-06-11 01:00:00,308.07312,34.923126,ERCO
2022-06-11 02:00:00,2022-06-11 02:00:00,307.13113,33.98114,ERCO
2022-06-11 03:00:00,2022-06-11 03:00:00,306.11673,32.966736,ERCO
2022-06-11 04:00:00,2022-06-11 04:00:00,305.1393,31.989319,ERCO
2022-06-11 05:00:00,2022-06-11 05:00:00,304.20013,31.05014,ERCO
2022-06-11 06:00:00,2022-06-11 06:00:00,303.23984,30.089844,ERCO
2022-06-11 07:00:00,2022-06-11 07:00:00,302.33102,29.18103,ERCO
2022-06-11 08:00:00,2022-06-11 08:00:00,301.52,28.369995,ERCO
2022-06-11 09:00:00,2022-06-11 09:00:00,300.80673,27.656738,ERCO
2022-06-11 10:00:00,2022-06-11 10:00:00,300.1801,27.03012,ERCO
2022-06-11 11:00:00,2022-06-11 11:00:00,299.61475,26.464752,ERCO
2022-06-11 12:00:00,2022-06-11 12:00:00,299.29306,26.143066,ERCO
2022-06-11 13:00:00,2022-06-11 13:00:00,300.08603,26.936035,ERCO
2022-06-11 14:00:00,2022-06-11 14:00:00,301.1797,28.029694,ERCO
2022-06-11 15:00:00,2022-06-11 15:00:00,302.62323,29.473236,ERCO
2022-06-11 16:00:00,2022-06-11 16:00:00,304.26474,31.114746,ERCO
2022-06-11 17:00:00,2022-06-11 17:00:00,305.9257,32.775696,ERCO
2022-06-11 18:00:00,2022-06-11 18:00:00,307.4852,34.335205,ERCO
2022-06-11 19:00:00,2022-06-11 19:00:00,308.79715,35.647156,ERCO
2022-06-11 20:00:00,2022-06-11 20:00:00,309.79077,36.640778,ERCO
2022-06-11 21:00:00,2022-06-11 21:00:00,310.48285,37.332855,ERCO
2022-06-11 22:00:00,2022-06-11 22:00:00,310.86777,37.717773,ERCO
2022-06-11 23:00:00,2022-06-11 23:00:00,310.91138,37.761383,ERCO
2022-06-12 00:00:00,2022-06-12 00:00:00,310.57477,37.424774,ERCO
2022-06-12 01:00:00,2022-06-12 01:00:00,309.7606,36.610596,ERCO
2022-06-12 02:00:00,2022-06-12 02:00:00,308.5334,35.383392,ERCO
2022-06-12 03:00:00,2022-06-12 03:00:00,307.33234,34.182343,ERCO
2022-06-12 04:00:00,2022-06-12 04:00:00,306.25983,33.109833,ERCO
2022-06-12 05:00:00,2022-06-12 05:00:00,305.2374,32.087402,ERCO
2022-06-12 06:00:00,2022-06-12 06:00:00,304.18585,31.035858,ERCO
2022-06-12 07:00:00,2022-06-12 07:00:00,303.18015,30.030151,ERCO
2022-06-12 08:00:00,2022-06-12 08:00:00,302.28867,29.138672,ERCO
2022-06-12 09:00:00,2022-06-12 09:00:00,301.52515,28.375153,ERCO
2022-06-12 10:00:00,2022-06-12 10:00:00,300.84665,27.696655,ERCO
2022-06-12 11:00:00,2022-06-12 11:00:00,300.21375,27.063751,ERCO
2022-06-12 12:00:00,2022-06-12 12:00:00,299.7802,26.630219,ERCO
2022-06-12 13:00:00,2022-06-12 13:00:00,300.30466,27.154663,ERCO
2022-06-12 14:00:00,2022-06-12 14:00:00,301.23358,28.083588,ERCO
2022-06-12 15:00:00,2022-06-12 15:00:00,302.6188,29.468811,ERCO
2022-06-12 16:00:00,2022-06-12 16:00:00,304.31018,31.160187,ERCO
2022-06-12 17:00:00,2022-06-12 17:00:00,306.07236,32.922363,ERCO
2022-06-12 18:00:00,2022-06-12 18:00:00,307.75436,34.60437,ERCO
2022-06-12 19:00:00,2022-06-12 19:00:00,309.1757,36.025696,ERCO
2022-06-12 20:00:00,2022-06-12 20:00:00,310.19724,37.04724,ERCO
2022-06-12 21:00:00,2022-06-12 21:00:00,310.84323,37.693237,ERCO
2022-06-12 22:00:00,2022-06-12 22:00:00,311.1221,37.972107,ERCO
2022-06-12 23:00:00,2022-06-12 23:00:00,311.0401,37.890106,ERCO
2022-06-13 00:00:00,2022-06-13 00:00:00,310.54056,37.390564,ERCO
2022-06-13 01:00:00,2022-06-13 01:00:00,309.55322,36.40323,ERCO
2022-06-13 02:00:00,2022-06-13 02:00:00,308.10464,34.95465,ERCO
2022-06-13 03:00:00,2022-06-13 03:00:00,306.77765,33.627655,ERCO
2022-06-13 04:00:00,2022-06-13 04:00:00,305.6283,32.478302,ERCO
2022-06-13 05:00:00,2022-06-13 05:00:00,304.54514,31.395142,ERCO
2022-06-13 06:00:00,2022-06-13 06:00:00,303.44934,30.299347,ERCO
2022-06-13 07:00:00,2022-06-13 07:00:00,302.39453,29.244537,ERCO
2022-06-13 08:00:00,2022-06-13 08:00:00,301.40356,28.25357,ERCO
2022-06-13 09:00:00,2022-06-13 09:00:00,300.4969,27.346893,ERCO
2022-06-13 10:00:00,2022-06-13 10:00:00,299.68726,26.537262,ERCO
2022-06-13 11:00:00,2022-06-13 11:00:00,298.95566,25.805664,ERCO
2022-06-13 12:00:00,2022-06-13 12:00:00,298.47577,25.325775,ERCO
2022-06-13 13:00:00,2022-06-13 13:00:00,298.97217,25.822174,ERCO
2022-06-13 14:00:00,2022-06-13 14:00:00,299.88586,26.73587,ERCO
2022-06-13 15:00:00,2022-06-13 15:00:00,301.28076,28.130768,ERCO
2022-06-13 16:00:00,2022-06-13 16:00:00,302.91028,29.760284,ERCO
2022-06-13 17:00:00,2022-06-13 17:00:00,304.54916,31.39917,ERCO
2022-06-13 18:00:00,2022-06-13 18:00:00,306.05984,32.90985,ERCO
2022-06-13 19:00:00,2022-06-13 19:00:00,307.3132,34.163208,ERCO
2022-06-13 20:00:00,2022-06-13 20:00:00,308.22482,35.07483,ERCO
2022-06-13 21:00:00,2022-06-13 21:00:00,308.78714,35.637146,ERCO
2022-06-13 22:00:00,2022-06-13 22:00:00,308.9926,35.84262,ERCO
2022-06-13 23:00:00,2022-06-13 23:00:00,308.83267,35.68268,ERCO
2022-06-14 00:00:00,2022-06-14 00:00:00,308.27463,35.124634,ERCO
2022-06-14 01:00:00,2022-06-14 01:00:00,307.29514,34.14514,ERCO
2022-06-14 02:00:00,2022-06-14 02:00:00,305.91266,32.762665,ERCO
2022-06-14 03:00:00,2022-06-14 03:00:00,304.6588,31.50882,ERCO
2022-06-14 04:00:00,2022-06-14 04:00:00,303.54532,30.395325,ERCO
2022-06-14 05:00:00,2022-06-14 05:00:00,302.59473,29.444733,ERCO
2022-06-14 06:00:00,2022-06-14 06:00:00,301.7381,28.588104,ERCO
2022-06-14 07:00:00,2022-06-14 07:00:00,300.8973,27.747314,ERCO
2022-06-14 08:00:00,2022-06-14 08:00:00,300.1248,26.974792,ERCO
2022-06-14 09:00:00,2022-06-14 09:00:00,299.43784,26.287842,ERCO
2022-06-14 10:00:00,2022-06-14 10:00:00,298.8181,25.668121,ERCO
2022-06-14 11:00:00,2022-06-14 11:00:00,298.26953,25.119537,ERCO
2022-06-14 12:00:00,2022-06-14 12:00:00,297.94125,24.79126,ERCO
2022-06-14 13:00:00,2022-06-14 13:00:00,298.3649,25.214905,ERCO
2022-06-14 14:00:00,2022-06-14 14:00:00,299.26285,26.112854,ERCO
2022-06-14 15:00:00,2022-06-14 15:00:00,300.5397,27.38971,ERCO
2022-06-14 16:00:00,2022-06-14 16:00:00,302.01086,28.86087,ERCO
2022-06-14 17:00:00,2022-06-14 17:00:00,303.51154,30.361542,ERCO
2022-06-14 18:00:00,2022-06-14 18:00:00,304.95462,31.804626,ERCO
2022-06-14 19:00:00,2022-06-14 19:00:00,306.21042,33.060425,ERCO
2022-06-14 20:00:00,2022-06-14 20:00:00,307.16425,34.01425,ERCO
2022-06-14 21:00:00,2022-06-14 21:00:00,307.77667,34.62668,ERCO
2022-06-14 22:00:00,2022-06-14 22:00:00,308.0324,34.882416,ERCO
2022-06-14 23:00:00,2022-06-14 23:00:00,307.8926,34.742615,ERCO
2022-06-15 00:00:00,2022-06-15 00:00:00,307.3157,34.16571,ERCO
2022-06-15 01:00:00,2022-06-15 01:00:00,306.39374,33.243744,ERCO
2022-06-15 02:00:00,2022-06-15 02:00:00,305.23785,32.08786,ERCO
2022-06-15 03:00:00,2022-06-15 03:00:00,304.14972,30.999725,ERCO
2022-06-15 04:00:00,2022-06-15 04:00:00,303.0653,29.915314,ERCO
2022-06-15 05:00:00,2022-06-15 05:00:00,302.11072,28.960724,ERCO
2022-06-15 06:00:00,2022-06-15 06:00:00,301.32443,28.174438,ERCO
2022-06-15 07:00:00,2022-06-15 07:00:00,300.65524,27.505249,ERCO
2022-06-15 08:00:00,2022-06-15 08:00:00,300.05515,26.905151,ERCO
2022-06-15 09:00:00,2022-06-15 09:00:00,299.52295,26.372955,ERCO
2022-06-15 10:00:00,2022-06-15 10:00:00,299.0336,25.883606,ERCO
2022-06-15 11:00:00,2022-06-15 11:00:00,298.5974,25.447418,ERCO
2022-06-15 12:00:00,2022-06-15 12:00:00,298.34927,25.19928,ERCO
2022-06-15 13:00:00,2022-06-15 13:00:00,298.8037,25.653717,ERCO
2022-06-15 14:00:00,2022-06-15 14:00:00,299.63074,26.480743,ERCO
2022-06-15 15:00:00,2022-06-15 15:00:00,300.7433,27.593292,ERCO
2022-06-15 16:00:00,2022-06-15 16:00:00,302.0408,28.890808,ERCO
2022-06-15 17:00:00,2022-06-15 17:00:00,303.4176,30.267609,ERCO
2022-06-15 18:00:00,2022-06-15 18:00:00,304.78143,31.63144,ERCO
2022-06-15 19:00:00,2022-06-15 19:00:00,306.01758,32.867584,ERCO
2022-06-15 20:00:00,2022-06-15 20:00:00,306.99918,33.849182,ERCO
2022-06-15 21:00:00,2022-06-15 21:00:00,307.67413,34.52414,ERCO
2022-06-15 22:00:00,2022-06-15 22:00:00,308.02014,34.870148,ERCO
2022-06-15 23:00:00,2022-06-15 23:00:00,308.00266,34.85266,ERCO
2022-06-16 00:00:00,2022-06-16 00:00:00,307.6095,34.459503,ERCO
2022-06-16 01:00:00,2022-06-16 01:00:00,306.85623,33.706238,ERCO
2022-06-16 02:00:00,2022-06-16 02:00:00,305.79776,32.647766,ERCO
2022-06-16 03:00:00,2022-06-16 03:00:00,304.72095,31.570953,ERCO
2022-06-16 04:00:00,2022-06-16 04:00:00,303.6707,30.52069,ERCO
2022-06-16 05:00:00,2022-06-16 05:00:00,302.71933,29.569336,ERCO
2022-06-16 06:00:00,2022-06-16 06:00:00,301.87616,28.726166,ERCO
2022-06-16 07:00:00,2022-06-16 07:00:00,301.06625,27.91626,ERCO
2022-06-16 08:00:00,2022-06-16 08:00:00,300.26257,27.11258,ERCO
2022-06-16 09:00:00,2022-06-16 09:00:00,299.47723,26.32724,ERCO
2022-06-16 10:00:00,2022-06-16 10:00:00,298.74954,25.599548,ERCO
2022-06-16 11:00:00,2022-06-16 11:00:00,298.0943,24.944305,ERCO
2022-06-16 12:00:00,2022-06-16 12:00:00,297.6807,24.5307,ERCO
2022-06-16 13:00:00,2022-06-16 13:00:00,298.16257,25.012573,ERCO
2022-06-16 14:00:00,2022-06-16 14:00:00,299.01276,25.862762,ERCO
2022-06-16 15:00:00,2022-06-16 15:00:00,300.28873,27.138733,ERCO
2022-06-16 16:00:00,2022-06-16 16:00:00,301.7927,28.6427,ERCO
2022-06-16 17:00:00,2022-06-16 17:00:00,303.3375,30.1875,ERCO
2022-06-16 18:00:00,2022-06-16 18:00:00,304.85086,31.700867,ERCO
2022-06-16 19:00:00,2022-06-16 19:00:00,306.20255,33.05255,ERCO
2022-06-16 20:00:00,2022-06-16 20:00:00,307.2638,34.1138,ERCO
2022-06-16 21:00:00,2022-06-16 21:00:00,308.0017,34.851715,ERCO
2022-06-16 22:00:00,2022-06-16 22:00:00,308.40247,35.252472,ERCO
2022-06-16 23:00:00,2022-06-16 23:00:00,308.43835,35.28836,ERCO
2022-06-17 00:00:00,2022-06-17 00:00:00,308.10855,34.958557,ERCO
2022-06-17 01:00:00,2022-06-17 01:00:00,307.41476,34.26477,ERCO
2022-06-17 02:00:00,2022-06-17 02:00:00,306.32236,33.172363,ERCO
2022-06-17 03:00:00,2022-06-17 03:00:00,305.27603,32.126038,ERCO
2022-06-17 04:00:00,2022-06-17 04:00:00,304.32306,31.173065,ERCO
2022-06-17 05:00:00,2022-06-17 05:00:00,303.42407,30.274078,ERCO
2022-06-17 06:00:00,2022-06-17 06:00:00,302.36603,29.216034,ERCO
2022-06-17 07:00:00,2022-06-17 07:00:00,301.26013,28.110138,ERCO
2022-06-17 08:00:00,2022-06-17 08:00:00,300.26688,27.116882,ERCO
2022-06-17 09:00:00,2022-06-17 09:00:00,299.39777,26.247772,ERCO
2022-06-17 10:00:00,2022-06-17 10:00:00,298.6458,25.49582,ERCO
2022-06-17 11:00:00,2022-06-17 11:00:00,297.98007,24.830078,ERCO
2022-06-17 12:00:00,2022-06-17 12:00:00,297.53012,24.380127,ERCO
2022-06-17 13:00:00,2022-06-17 13:00:00,298.46658,25.31659,ERCO
2022-06-17 14:00:00,2022-06-17 14:00:00,299.61404,26.46405,ERCO
2022-06-17 15:00:00,2022-06-17 15:00:00,301.0714,27.921417,ERCO
2022-06-17 16:00:00,2022-06-17 16:00:00,302.59573,29.44574,ERCO
2022-06-17 17:00:00,2022-06-17 17:00:00,303.93112,30.781128,ERCO
2022-06-17 18:00:00,2022-06-17 18:00:00,305.06497,31.914978,ERCO
2022-06-17 19:00:00,2022-06-17 19:00:00,306.0252,32.875214,ERCO
2022-06-17 20:00:00,2022-06-17 20:00:00,306.74872,33.598724,ERCO
2022-06-17 21:00:00,2022-06-17 21:00:00,307.23975,34.089752,ERCO
2022-06-17 22:00:00,2022-06-17 22:00:00,307.446,34.29602,ERCO
2022-06-17 23:00:00,2022-06-17 23:00:00,307.34396,34.19397,ERCO
2022-06-18 00:00:00,2022-06-18 00:00:00,306.97903,33.82904,ERCO
2022-06-18 01:00:00,2022-06-18 01:00:00,306.3611,33.21112,ERCO
2022-06-18 02:00:00,2022-06-18 02:00:00,305.45804,32.308044,ERCO
2022-06-18 03:00:00,2022-06-18 03:00:00,304.5363,31.386292,ERCO
2022-06-18 04:00:00,2022-06-18 04:00:00,303.6559,30.50592,ERCO
2022-06-18 05:00:00,2022-06-18 05:00:00,302.79672,29.646729,ERCO
2022-06-18 06:00:00,2022-06-18 06:00:00,301.89835,28.748352,ERCO
2022-06-18 07:00:00,2022-06-18 07:00:00,300.98782,27.83783,ERCO
2022-06-18 08:00:00,2022-06-18 08:00:00,300.17557,27.025574,ERCO
2022-06-18 09:00:00,2022-06-18 09:00:00,299.42905,26.279053,ERCO
2022-06-18 10:00:00,2022-06-18 10:00:00,298.75543,25.605438,ERCO
2022-06-18 11:00:00,2022-06-18 11:00:00,298.1504,25.000397,ERCO
2022-06-18 12:00:00,2022-06-18 12:00:00,297.75534,24.605347,ERCO
2022-06-18 13:00:00,2022-06-18 13:00:00,298.55624,25.40625,ERCO
2022-06-18 14:00:00,2022-06-18 14:00:00,299.65747,26.507477,ERCO
2022-06-18 15:00:00,2022-06-18 15:00:00,300.9549,27.804901,ERCO
2022-06-18 16:00:00,2022-06-18 16:00:00,302.21213,29.062134,ERCO
2022-06-18 17:00:00,2022-06-18 17:00:00,303.3846,30.23462,ERCO
2022-06-18 18:00:00,2022-06-18 18:00:00,304.4987,31.348694,ERCO
2022-06-18 19:00:00,2022-06-18 19:00:00,305.48016,32.33017,ERCO
2022-06-18 20:00:00,2022-06-18 20:00:00,306.25345,33.103455,ERCO
2022-06-18 21:00:00,2022-06-18 21:00:00,306.80014,33.650146,ERCO
2022-06-18 22:00:00,2022-06-18 22:00:00,307.098,33.947998,ERCO
2022-06-18 23:00:00,2022-06-18 23:00:00,307.13113,33.98114,ERCO
2022-06-19 00:00:00,2022-06-19 00:00:00,306.87686,33.726868,ERCO
2022-06-19 01:00:00,2022-06-19 01:00:00,306.34912,33.199127,ERCO
2022-06-19 02:00:00,2022-06-19 02:00:00,305.54733,32.39734,ERCO
2022-06-19 03:00:00,2022-06-19 03:00:00,304.70337,31.553375,ERCO
2022-06-19 04:00:00,2022-06-19 04:00:00,303.85492,30.704926,ERCO
2022-06-19 05:00:00,2022-06-19 05:00:00,303.05,29.899994,ERCO
2022-06-19 06:00:00,2022-06-19 06:00:00,302.20184,29.05185,ERCO
2022-06-19 07:00:00,2022-06-19 07:00:00,301.34085,28.190857,ERCO
2022-06-19 08:00:00,2022-06-19 08:00:00,300.50912,27.35913,ERCO
2022-06-19 09:00:00,2022-06-19 09:00:00,299.7306,26.580597,ERCO
2022-06-19 10:00:00,2022-06-19 10:00:00,299.02307,25.873077,ERCO
2022-06-19 11:00:00,2022-06-19 11:00:00,298.38345,25.23346,ERCO
2022-06-19 12:00:00,2022-06-19 12:00:00,297.94052,24.790527,ERCO
2022-06-19 13:00:00,2022-06-19 13:00:00,298.7988,25.648804,ERCO
2022-06-19 14:00:00,2022-06-19 14:00:00,299.91586,26.76587,ERCO
2022-06-19 15:00:00,2022-06-19 15:00:00,301.21924,28.069244,ERCO
2022-06-19 16:00:00,2022-06-19 16:00:00,302.553,29.403015,ERCO
2022-06-19 17:00:00,2022-06-19 17:00:00,303.8207,30.670715,ERCO
2022-06-19 18:00:00,2022-06-19 18:00:00,304.99207,31.842072,ERCO
2022-06-19 19:00:00,2022-06-19 19:00:00,306.0046,32.854614,ERCO
2022-06-19 20:00:00,2022-06-19 20:00:00,306.8001,33.650116,ERCO
2022-06-19 21:00:00,2022-06-19 21:00:00,307.36313,34.213135,ERCO
2022-06-19 22:00:00,2022-06-19 22:00:00,307.63495,34.484955,ERCO
2022-06-19 23:00:00,2022-06-19 23:00:00,307.61127,34.461273,ERCO
2022-06-20 00:00:00,2022-06-20 00:00:00,307.2866,34.136597,ERCO
2022-06-20 01:00:00,2022-06-20 01:00:00,306.6651,33.515106,ERCO
2022-06-20 02:00:00,2022-06-20 02:00:00,305.7766,32.626617,ERCO
2022-06-20 03:00:00,2022-06-20 03:00:00,304.91495,31.764954,ERCO
2022-06-20 04:00:00,2022-06-20 04:00:00,304.05933,30.909332,ERCO
2022-06-20 05:00:00,2022-06-20 05:00:00,303.2791,30.12912,ERCO
2022-06-20 06:00:00,2022-06-20 06:00:00,302.495,29.345001,ERCO
2022-06-20 07:00:00,2022-06-20 07:00:00,301.61746,28.467468,ERCO
2022-06-20 08:00:00,2022-06-20 08:00:00,300.7526,27.6026,ERCO
2022-06-20 09:00:00,2022-06-20 09:00:00,299.96017,26.81018,ERCO
2022-06-20 10:00:00,2022-06-20 10:00:00,299.2372,26.08722,ERCO
2022-06-20 11:00:00,2022-06-20 11:00:00,298.59433,25.444336,ERCO
2022-06-20 12:00:00,2022-06-20 12:00:00,298.1551,25.005096,ERCO
2022-06-20 13:00:00,2022-06-20 13:00:00,299.05005,25.900055,ERCO
2022-06-20 14:00:00,2022-06-20 14:00:00,300.2401,27.090118,ERCO
2022-06-20 15:00:00,2022-06-20 15:00:00,301.64993,28.499939,ERCO
2022-06-20 16:00:00,2022-06-20 16:00:00,303.0444,29.89441,ERCO
2022-06-20 17:00:00,2022-06-20 17:00:00,304.34323,31.193237,ERCO
2022-06-20 18:00:00,2022-06-20 18:00:00,305.54037,32.39038,ERCO
2022-06-20 19:00:00,2022-06-20 19:00:00,306.5858,33.43579,ERCO
2022-06-20 20:00:00,2022-06-20 20:00:00,307.40686,34.256866,ERCO
2022-06-20 21:00:00,2022-06-20 21:00:00,307.98087,34.83087,ERCO
2022-06-20 22:00:00,2022-06-20 22:00:00,308.28714,35.137146,ERCO
2022-06-20 23:00:00,2022-06-20 23:00:00,308.30792,35.15793,ERCO
2022-06-21 00:00:00,2022-06-21 00:00:00,308.0137,34.86371,ERCO
2022-06-21 01:00:00,2022-06-21 01:00:00,307.41272,34.262726,ERCO
2022-06-21 02:00:00,2022-06-21 02:00:00,306.51312,33.36313,ERCO
2022-06-21 03:00:00,2022-06-21 03:00:00,305.63394,32.483948,ERCO
2022-06-21 04:00:00,2022-06-21 04:00:00,304.78995,31.639954,ERCO
2022-06-21 05:00:00,2022-06-21 05:00:00,303.97006,30.820068,ERCO
2022-06-21 06:00:00,2022-06-21 06:00:00,303.13873,29.988739,ERCO
2022-06-21 07:00:00,2022-06-21 07:00:00,302.29224,29.142242,ERCO
2022-06-21 08:00:00,2022-06-21 08:00:00,301.5122,28.362213,ERCO
2022-06-21 09:00:00,2022-06-21 09:00:00,300.80078,27.650787,ERCO
2022-06-21 10:00:00,2022-06-21 10:00:00,300.12833,26.978333,ERCO
2022-06-21 11:00:00,2022-06-21 11:00:00,299.51328,26.363281,ERCO
2022-06-21 12:00:00,2022-06-21 12:00:00,299.1059,25.955902,ERCO
2022-06-21 13:00:00,2022-06-21 13:00:00,299.83456,26.68457,ERCO
2022-06-21 14:00:00,2022-06-21 14:00:00,300.8062,27.65622,ERCO
2022-06-21 15:00:00,2022-06-21 15:00:00,301.95752,28.807526,ERCO
2022-06-21 16:00:00,2022-06-21 16:00:00,303.0729,29.922913,ERCO
2022-06-21 17:00:00,2022-06-21 17:00:00,304.15094,31.000946,ERCO
2022-06-21 18:00:00,2022-06-21 18:00:00,305.1745,32.024506,ERCO
2022-06-21 19:00:00,2022-06-21 19:00:00,306.0934,32.94342,ERCO
2022-06-21 20:00:00,2022-06-21 20:00:00,306.79266,33.64267,ERCO
2022-06-21 21:00:00,2022-06-21 21:00:00,307.25058,34.100586,ERCO
2022-06-21 22:00:00,2022-06-21 22:00:00,307.43832,34.28833,ERCO
2022-06-21 23:00:00,2022-06-21 23:00:00,307.3732,34.223206,ERCO
2022-06-22 00:00:00,2022-06-22 00:00:00,307.03076,33.880768,ERCO
2022-06-22 01:00:00,2022-06-22 01:00:00,306.40588,33.25589,ERCO
2022-06-22 02:00:00,2022-06-22 02:00:00,305.6016,32.4516,ERCO
2022-06-22 03:00:00,2022-06-22 03:00:00,304.77747,31.627472,ERCO
2022-06-22 04:00:00,2022-06-22 04:00:00,303.96643,30.816437,ERCO
2022-06-22 05:00:00,2022-06-22 05:00:00,303.19437,30.044373,ERCO
2022-06-22 06:00:00,2022-06-22 06:00:00,302.47482,29.32483,ERCO
2022-06-22 07:00:00,2022-06-22 07:00:00,301.75177,28.601776,ERCO
2022-06-22 08:00:00,2022-06-22 08:00:00,301.0248,27.874817,ERCO
2022-06-22 09:00:00,2022-06-22 09:00:00,300.3394,27.189392,ERCO
2022-06-22 10:00:00,2022-06-22 10:00:00,299.69675,26.546753,ERCO
2022-06-22 11:00:00,2022-06-22 11:00:00,299.12497,25.974976,ERCO
2022-06-22 12:00:00,2022-06-22 12:00:00,298.7604,25.610413,ERCO
2022-06-22 13:00:00,2022-06-22 13:00:00,299.49857,26.348572,ERCO
2022-06-22 14:00:00,2022-06-22 14:00:00,300.45483,27.30484,ERCO
2022-06-22 15:00:00,2022-06-22 15:00:00,301.57867,28.42868,ERCO
2022-06-22 16:00:00,2022-06-22 16:00:00,302.77054,29.620544,ERCO
2022-06-22 17:00:00,2022-06-22 17:00:00,303.93085,30.780853,ERCO
2022-06-22 18:00:00,2022-06-22 18:00:00,304.98325,31.833252,ERCO
2022-06-22 19:00:00,2022-06-22 19:00:00,305.87375,32.723755,ERCO
2022-06-22 20:00:00,2022-06-22 20:00:00,306.57053,33.420532,ERCO
2022-06-22 21:00:00,2022-06-22 21:00:00,307.07523,33.925232,ERCO
2022-06-22 22:00:00,2022-06-22 22:00:00,307.36694,34.21695,ERCO
2022-06-22 23:00:00,2022-06-22 23:00:00,307.42422,34.27423,ERCO
2022-06-23 00:00:00,2022-06-23 00:00:00,307.2078,34.0578,ERCO
2022-06-23 01:00:00,2022-06-23 01:00:00,306.72513,33.575134,ERCO
2022-06-23 02:00:00,2022-06-23 02:00:00,306.01123,32.861237,ERCO
2022-06-23 03:00:00,2022-06-23 03:00:00,305.25668,32.10669,ERCO
2022-06-23 04:00:00,2022-06-23 04:00:00,304.4651,31.315094,ERCO
2022-06-23 05:00:00,2022-06-23 05:00:00,303.6798,30.529816,ERCO
2022-06-23 06:00:00,2022-06-23 06:00:00,302.92462,29.774628,ERCO
2022-06-23 07:00:00,2022-06-23 07:00:00,302.146,28.996002,ERCO
2022-06-23 08:00:00,2022-06-23 08:00:00,301.34503,28.195038,ERCO
2022-06-23 09:00:00,2022-06-23 09:00:00,300.57962,27.429626,ERCO
2022-06-23 10:00:00,2022-06-23 10:00:00,299.87503,26.725037,ERCO
2022-06-23 11:00:00,2022-06-23 11:00:00,299.24097,26.090973,ERCO
2022-06-23 12:00:00,2022-06-23 12:00:00,298.82755,25.677551,ERCO
2022-06-23 13:00:00,2022-06-23 13:00:00,299.75092,26.600922,ERCO
2022-06-23 14:00:00,2022-06-23 14:00:00,301.01047,27.860474,ERCO
2022-06-23 15:00:00,2022-06-23 15:00:00,302.4671,29.317108,ERCO
2022-06-23 16:00:00,2022-06-23 16:00:00,303.8909,30.740906,ERCO
2022-06-23 17:00:00,2022-06-23 17:00:00,305.14008,31.990082,ERCO
2022-06-23 18:00:00,2022-06-23 18:00:00,306.1894,33.0394,ERCO
2022-06-23 19:00:00,2022-06-23 19:00:00,307.09766,33.947662,ERCO
2022-06-23 20:00:00,2022-06-23 20:00:00,307.80896,34.658966,ERCO
2022-06-23 21:00:00,2022-06-23 21:00:00,308.3515,35.201508,ERCO
2022-06-23 22:00:00,2022-06-23 22:00:00,308.71176,35.561768,ERCO
2022-06-23 23:00:00,2022-06-23 23:00:00,308.81656,35.666565,ERCO
2022-06-24 00:00:00,2022-06-24 00:00:00,308.61838,35.468384,ERCO
2022-06-24 01:00:00,2022-06-24 01:00:00,308.09137,34.941376,ERCO
2022-06-24 02:00:00,2022-06-24 02:00:00,307.22656,34.07657,ERCO
2022-06-24 03:00:00,2022-06-24 03:00:00,306.30746,33.15747,ERCO
2022-06-24 04:00:00,2022-06-24 04:00:00,305.39352,32.24353,ERCO
2022-06-24 05:00:00,2022-06-24 05:00:00,304.4953,31.345306,ERCO
2022-06-24 06:00:00,2022-06-24 06:00:00,303.5584,30.408417,ERCO
2022-06-24 07:00:00,2022-06-24 07:00:00,302.58102,29.43103,ERCO
2022-06-24 08:00:00,2022-06-24 08:00:00,301.65424,28.504242,ERCO
2022-06-24 09:00:00,2022-06-24 09:00:00,300.8099,27.659912,ERCO
2022-06-24 10:00:00,2022-06-24 10:00:00,300.04312,26.893127,ERCO
2022-06-24 11:00:00,2022-06-24 11:00:00,299.37598,26.225983,ERCO
2022-06-24 12:00:00,2022-06-24 12:00:00,298.9291,25.779114,ERCO
2022-06-24 13:00:00,2022-06-24 13:00:00,299.95718,26.80719,ERCO
2022-06-24 14:00:00,2022-06-24 14:00:00,301.1919,28.0419,ERCO
2022-06-24 15:00:00,2022-06-24 15:00:00,302.72766,29.577667,ERCO
2022-06-24 16:00:00,2022-06-24 16:00:00,304.2946,31.144592,ERCO
2022-06-24 17:00:00,2022-06-24 17:00:00,305.6864,32.536407,ERCO
2022-06-24 18:00:00,2022-06-24 18:00:00,306.8434,33.69342,ERCO
2022-06-24 19:00:00,2022-06-24 19:00:00,307.82144,34.671448,ERCO
2022-06-24 20:00:00,2022-06-24 20:00:00,308.58508,35.43509,ERCO
2022-06-24 21:00:00,2022-06-24 21:00:00,309.12195,35.971954,ERCO
2022-06-24 22:00:00,2022-06-24 22:00:00,309.4089,36.25891,ERCO
2022-06-24 23:00:00,2022-06-24 23:00:00,309.41794,36.267944,ERCO
2022-06-25 00:00:00,2022-06-25 00:00:00,309.11084,35.960846,ERCO
2022-06-25 01:00:00,2022-06-25 01:00:00,308.45633,35.306335,ERCO
2022-06-25 02:00:00,2022-06-25 02:00:00,307.40118,34.25119,ERCO
2022-06-25 03:00:00,2022-06-25 03:00:00,306.33398,33.18399,ERCO
2022-06-25 04:00:00,2022-06-25 04:00:00,305.29813,32.148132,ERCO
2022-06-25 05:00:00,2022-06-25 05:00:00,304.30618,31.156189,ERCO
2022-06-25 06:00:00,2022-06-25 06:00:00,303.24445,30.094452,ERCO
2022-06-25 07:00:00,2022-06-25 07:00:00,302.19476,29.04477,ERCO
2022-06-25 08:00:00,2022-06-25 08:00:00,301.2043,28.054321,ERCO
2022-06-25 09:00:00,2022-06-25 09:00:00,300.29517,27.145172,ERCO
2022-06-25 10:00:00,2022-06-25 10:00:00,299.47437,26.324371,ERCO
2022-06-25 11:00:00,2022-06-25 11:00:00,298.71768,25.567688,ERCO
2022-06-25 12:00:00,2022-06-25 12:00:00,298.20505,25.055054,ERCO
2022-06-25 13:00:00,2022-06-25 13:00:00,299.10385,25.953857,ERCO
2022-06-25 14:00:00,2022-06-25 14:00:00,300.2594,27.109406,ERCO
2022-06-25 15:00:00,2022-06-25 15:00:00,301.71027,28.560272,ERCO
2022-06-25 16:00:00,2022-06-25 16:00:00,303.27792,30.12793,ERCO
2022-06-25 17:00:00,2022-06-25 17:00:00,304.78848,31.638489,ERCO
2022-06-25 18:00:00,2022-06-25 18:00:00,306.13928,32.98929,ERCO
2022-06-25 19:00:00,2022-06-25 19:00:00,307.25772,34.107727,ERCO
2022-06-25 20:00:00,2022-06-25 20:00:00,308.09418,34.944183,ERCO
2022-06-25 21:00:00,2022-06-25 21:00:00,308.65994,35.50995,ERCO
2022-06-25 22:00:00,2022-06-25 22:00:00,308.93027,35.780273,ERCO
2022-06-25 23:00:00,2022-06-25 23:00:00,308.8773,35.727295,ERCO
2022-06-26 00:00:00,2022-06-26 00:00:00,308.49927,35.349274,ERCO
2022-06-26 01:00:00,2022-06-26 01:00:00,307.78812,34.638123,ERCO
2022-06-26 02:00:00,2022-06-26 02:00:00,306.73822,33.588226,ERCO
2022-06-26 03:00:00,2022-06-26 03:00:00,305.71414,32.564148,ERCO
2022-06-26 04:00:00,2022-06-26 04:00:00,304.7574,31.607391,ERCO
2022-06-26 05:00:00,2022-06-26 05:00:00,303.81958,30.669586,ERCO
2022-06-26 06:00:00,2022-06-26 06:00:00,302.81577,29.665771,ERCO
2022-06-26 07:00:00,2022-06-26 07:00:00,301.8204,28.67041,ERCO
2022-06-26 08:00:00,2022-06-26 08:00:00,300.91443,27.764435,ERCO
2022-06-26 09:00:00,2022-06-26 09:00:00,300.08926,26.93927,ERCO
2022-06-26 10:00:00,2022-06-26 10:00:00,299.34006,26.190063,ERCO
2022-06-26 11:00:00,2022-06-26 11:00:00,298.65887,25.50888,ERCO
2022-06-26 12:00:00,2022-06-26 12:00:00,298.1882,25.038208,ERCO
2022-06-26 13:00:00,2022-06-26 13:00:00,298.88147,25.731476,ERCO
2022-06-26 14:00:00,2022-06-26 14:00:00,299.90436,26.754364,ERCO
2022-06-26 15:00:00,2022-06-26 15:00:00,301.19373,28.043732,ERCO
2022-06-26 16:00:00,2022-06-26 16:00:00,302.57635,29.426361,ERCO
2022-06-26 17:00:00,2022-06-26 17:00:00,303.92557,30.775574,ERCO
2022-06-26 18:00:00,2022-06-26 18:00:00,305.15106,32.00107,ERCO
2022-06-26 19:00:00,2022-06-26 19:00:00,306.18054,33.03055,ERCO
2022-06-26 20:00:00,2022-06-26 20:00:00,306.953,33.80301,ERCO
2022-06-26 21:00:00,2022-06-26 21:00:00,307.4704,34.320404,ERCO
2022-06-26 22:00:00,2022-06-26 22:00:00,307.7159,34.565918,ERCO
2022-06-26 23:00:00,2022-06-26 23:00:00,307.64474,34.49475,ERCO
2022-06-27 00:00:00,2022-06-27 00:00:00,307.233,34.083008,ERCO
2022-06-27 01:00:00,2022-06-27 01:00:00,306.4882,33.338196,ERCO
2022-06-27 02:00:00,2022-06-27 02:00:00,305.43484,32.28485,ERCO
2022-06-27 03:00:00,2022-06-27 03:00:00,304.4041,31.25412,ERCO
2022-06-27 04:00:00,2022-06-27 04:00:00,303.36987,30.21988,ERCO
2022-06-27 05:00:00,2022-06-27 05:00:00,302.37317,29.223175,ERCO
2022-06-27 06:00:00,2022-06-27 06:00:00,301.44727,28.297272,ERCO
2022-06-27 07:00:00,2022-06-27 07:00:00,300.6338,27.483795,ERCO
2022-06-27 08:00:00,2022-06-27 08:00:00,299.8812,26.731201,ERCO
2022-06-27 09:00:00,2022-06-27 09:00:00,299.20834,26.05835,ERCO
2022-06-27 10:00:00,2022-06-27 10:00:00,298.61746,25.467468,ERCO
2022-06-27 11:00:00,2022-06-27 11:00:00,298.09045,24.94046,ERCO
2022-06-27 12:00:00,2022-06-27 12:00:00,297.7056,24.555603,ERCO
2022-06-27 13:00:00,2022-06-27 13:00:00,298.12964,24.979645,ERCO
2022-06-27 14:00:00,2022-06-27 14:00:00,299.02954,25.879547,ERCO
2022-06-27 15:00:00,2022-06-27 15:00:00,300.12003,26.970032,ERCO
2022-06-27 16:00:00,2022-06-27 16:00:00,301.2376,28.087616,ERCO
2022-06-27 17:00:00,2022-06-27 17:00:00,302.3657,29.215698,ERCO
2022-06-27 18:00:00,2022-06-27 18:00:00,303.45294,30.302948,ERCO
2022-06-27 19:00:00,2022-06-27 19:00:00,304.33752,31.18753,ERCO
2022-06-27 20:00:00,2022-06-27 20:00:00,304.83734,31.687347,ERCO
2022-06-27 21:00:00,2022-06-27 21:00:00,304.96466,31.814667,ERCO
2022-06-27 22:00:00,2022-06-27 22:00:00,304.81036,31.66037,ERCO
2022-06-27 23:00:00,2022-06-27 23:00:00,304.36435,31.214355,ERCO
2022-06-28 00:00:00,2022-06-28 00:00:00,303.72812,30.578125,ERCO
2022-06-28 01:00:00,2022-06-28 01:00:00,302.80075,29.650757,ERCO
2022-06-28 02:00:00,2022-06-28 02:00:00,301.75568,28.605682,ERCO
2022-06-28 03:00:00,2022-06-28 03:00:00,300.868,27.718018,ERCO
2022-06-28 04:00:00,2022-06-28 04:00:00,300.0608,26.910797,ERCO
2022-06-28 05:00:00,2022-06-28 05:00:00,299.4031,26.253113,ERCO
2022-06-28 06:00:00,2022-06-28 06:00:00,298.82455,25.67456,ERCO
2022-06-28 07:00:00,2022-06-28 07:00:00,298.29572,25.145721,ERCO
2022-06-28 08:00:00,2022-06-28 08:00:00,297.7985,24.648499,ERCO
2022-06-28 09:00:00,2022-06-28 09:00:00,297.35892,24.208923,ERCO
2022-06-28 10:00:00,2022-06-28 10:00:00,296.97263,23.822632,ERCO
2022-06-28 11:00:00,2022-06-28 11:00:00,296.61215,23.462158,ERCO
2022-06-28 12:00:00,2022-06-28 12:00:00,296.38174,23.23175,ERCO
2022-06-28 13:00:00,2022-06-28 13:00:00,296.88068,23.730682,ERCO
2022-06-28 14:00:00,2022-06-28 14:00:00,297.82452,24.67453,ERCO
2022-06-28 15:00:00,2022-06-28 15:00:00,298.93613,25.786133,ERCO
2022-06-28 16:00:00,2022-06-28 16:00:00,300.05197,26.901978,ERCO
2022-06-28 17:00:00,2022-06-28 17:00:00,301.13467,27.98468,ERCO
2022-06-28 18:00:00,2022-06-28 18:00:00,302.14078,28.990784,ERCO
2022-06-28 19:00:00,2022-06-28 19:00:00,302.993,29.843018,ERCO
2022-06-28 20:00:00,2022-06-28 20:00:00,303.57248,30.422485,ERCO
2022-06-28 21:00:00,2022-06-28 21:00:00,303.8978,30.747803,ERCO
2022-06-28 22:00:00,2022-06-28 22:00:00,304.08344,30.933441,ERCO
2022-06-28 23:00:00,2022-06-28 23:00:00,303.97247,30.82248,ERCO
2022-06-29 00:00:00,2022-06-29 00:00:00,303.65164,30.501648,ERCO
2022-06-29 01:00:00,2022-06-29 01:00:00,303.04953,29.899536,ERCO
2022-06-29 02:00:00,2022-06-29 02:00:00,302.22586,29.075867,ERCO
2022-06-29 03:00:00,2022-06-29 03:00:00,301.52866,28.378662,ERCO
2022-06-29 04:00:00,2022-06-29 04:00:00,300.86414,27.714142,ERCO
2022-06-29 05:00:00,2022-06-29 05:00:00,300.19928,27.049286,ERCO
2022-06-29 06:00:00,2022-06-29 06:00:00,299.54514,26.395142,ERCO
2022-06-29 07:00:00,2022-06-29 07:00:00,298.93597,25.78598,ERCO
2022-06-29 08:00:00,2022-06-29 08:00:00,298.3534,25.2034,ERCO
2022-06-29 09:00:00,2022-06-29 09:00:00,297.83398,24.68399,ERCO
2022-06-29 10:00:00,2022-06-29 10:00:00,297.35303,24.203033,ERCO
2022-06-29 11:00:00,2022-06-29 11:00:00,296.9131,23.763092,ERCO
2022-06-29 12:00:00,2022-06-29 12:00:00,296.63358,23.483582,ERCO
2022-06-29 13:00:00,2022-06-29 13:00:00,297.53113,24.381134,ERCO
2022-06-29 14:00:00,2022-06-29 14:00:00,298.79056,25.640564,ERCO
2022-06-29 15:00:00,2022-06-29 15:00:00,300.04074,26.890747,ERCO
2022-06-29 16:00:00,2022-06-29 16:00:00,301.18497,28.034973,ERCO
2022-06-29 17:00:00,2022-06-29 17:00:00,302.26193,29.111938,ERCO
2022-06-29 18:00:00,2022-06-29 18:00:00,303.28806,30.138062,ERCO
2022-06-29 19:00:00,2022-06-29 19:00:00,304.18863,31.038635,ERCO
2022-06-29 20:00:00,2022-06-29 20:00:00,304.89163,31.741638,ERCO
2022-06-29 21:00:00,2022-06-29 21:00:00,305.4046,32.25461,ERCO
2022-06-29 22:00:00,2022-06-29 22:00:00,305.71652,32.56653,ERCO
2022-06-29 23:00:00,2022-06-29 23:00:00,305.79233,32.642334,ERCO
2022-06-30 00:00:00,2022-06-30 00:00:00,305.61658,32.466583,ERCO
2022-06-30 01:00:00,2022-06-30 01:00:00,305.13757,31.98758,ERCO
2022-06-30 02:00:00,2022-06-30 02:00:00,304.37247,31.222473,ERCO
2022-06-30 03:00:00,2022-06-30 03:00:00,303.57715,30.427155,ERCO
2022-06-30 04:00:00,2022-06-30 04:00:00,302.79315,29.643158,ERCO
2022-06-30 05:00:00,2022-06-30 05:00:00,302.04526,28.895264,ERCO
2022-06-30 06:00:00,2022-06-30 06:00:00,301.33502,28.185028,ERCO
2022-06-30 07:00:00,2022-06-30 07:00:00,300.6205,27.47052,ERCO
2022-06-30 08:00:00,2022-06-30 08:00:00,299.9358,26.785797,ERCO
2022-06-30 09:00:00,2022-06-30 09:00:00,299.30298,26.152985,ERCO
2022-06-30 10:00:00,2022-06-30 10:00:00,298.7324,25.582397,ERCO
2022-06-30 11:00:00,2022-06-30 11:00:00,298.22665,25.07666,ERCO
2022-06-30 12:00:00,2022-06-30 12:00:00,297.88068,24.730682,ERCO
2022-06-30 13:00:00,2022-06-30 13:00:00,298.77905,25.629059,ERCO
2022-06-30 14:00:00,2022-06-30 14:00:00,299.9857,26.835693,ERCO
2022-06-30 15:00:00,2022-06-30 15:00:00,301.33984,28.18985,ERCO
2022-06-30 16:00:00,2022-06-30 16:00:00,302.61124,29.461243,ERCO
2022-06-30 17:00:00,2022-06-30 17:00:00,303.82016,30.670166,ERCO
2022-06-30 18:00:00,2022-06-30 18:00:00,304.9236,31.77362,ERCO
2022-06-30 19:00:00,2022-06-30 19:00:00,305.7857,32.63571,ERCO
2022-06-30 20:00:00,2022-06-30 20:00:00,306.3654,33.215393,ERCO
2022-06-30 21:00:00,2022-06-30 21:00:00,306.7506,33.600616,ERCO
2022-06-30 22:00:00,2022-06-30 22:00:00,306.95496,33.804962,ERCO
2022-06-30 23:00:00,2022-06-30 23:00:00,306.9672,33.8172,ERCO
2022-07-01 00:00:00,2022-07-01 00:00:00,306.72626,33.576263,ERCO
2022-07-01 01:00:00,2022-07-01 01:00:00,306.20053,33.050537,ERCO
2022-07-01 02:00:00,2022-07-01 02:00:00,305.38693,32.23694,ERCO
2022-07-01 03:00:00,2022-07-01 03:00:00,304.54654,31.396545,ERCO
2022-07-01 04:00:00,2022-07-01 04:00:00,303.7436,30.593597,ERCO
2022-07-01 05:00:00,2022-07-01 05:00:00,302.99353,29.843536,ERCO
2022-07-01 06:00:00,2022-07-01 06:00:00,302.24582,29.095825,ERCO
2022-07-01 07:00:00,2022-07-01 07:00:00,301.4986,28.348602,ERCO
2022-07-01 08:00:00,2022-07-01 08:00:00,300.7947,27.644714,ERCO
2022-07-01 09:00:00,2022-07-01 09:00:00,300.16553,27.015533,ERCO
2022-07-01 10:00:00,2022-07-01 10:00:00,299.59982,26.44983,ERCO
2022-07-01 11:00:00,2022-07-01 11:00:00,299.09372,25.943726,ERCO
2022-07-01 12:00:00,2022-07-01 12:00:00,298.75897,25.608978,ERCO
2022-07-01 13:00:00,2022-07-01 13:00:00,299.46848,26.318481,ERCO
2022-07-01 14:00:00,2022-07-01 14:00:00,300.53003,27.380035,ERCO
2022-07-01 15:00:00,2022-07-01 15:00:00,301.8576,28.707611,ERCO
2022-07-01 16:00:00,2022-07-01 16:00:00,303.22308,30.07309,ERCO
2022-07-01 17:00:00,2022-07-01 17:00:00,304.48267,31.332672,ERCO
2022-07-01 18:00:00,2022-07-01 18:00:00,305.59332,32.44333,ERCO
2022-07-01 19:00:00,2022-07-01 19:00:00,306.43216,33.282166,ERCO
2022-07-01 20:00:00,2022-07-01 20:00:00,306.84958,33.699585,ERCO
2022-07-01 21:00:00,2022-07-01 21:00:00,307.16284,34.012848,ERCO
2022-07-01 22:00:00,2022-07-01 22:00:00,307.2183,34.0683,ERCO
2022-07-01 23:00:00,2022-07-01 23:00:00,307.07236,33.922363,ERCO
2022-07-02 00:00:00,2022-07-02 00:00:00,306.68542,33.53543,ERCO
2022-07-02 01:00:00,2022-07-02 01:00:00,306.04462,32.894623,ERCO
2022-07-02 02:00:00,2022-07-02 02:00:00,305.219,32.069,ERCO
2022-07-02 03:00:00,2022-07-02 03:00:00,304.40225,31.252258,ERCO
2022-07-02 04:00:00,2022-07-02 04:00:00,303.60803,30.458038,ERCO
2022-07-02 05:00:00,2022-07-02 05:00:00,302.92603,29.776031,ERCO
2022-07-02 06:00:00,2022-07-02 06:00:00,302.26447,29.114471,ERCO
2022-07-02 07:00:00,2022-07-02 07:00:00,301.5831,28.433105,ERCO
2022-07-02 08:00:00,2022-07-02 08:00:00,300.94006,27.79007,ERCO
2022-07-02 09:00:00,2022-07-02 09:00:00,300.3595,27.209503,ERCO
2022-07-02 10:00:00,2022-07-02 10:00:00,299.8244,26.674408,ERCO
2022-07-02 11:00:00,2022-07-02 11:00:00,299.33926,26.18927,ERCO
2022-07-02 12:00:00,2022-07-02 12:00:00,299.02405,25.874054,ERCO
2022-07-02 13:00:00,2022-07-02 13:00:00,299.65735,26.507355,ERCO
2022-07-02 14:00:00,2022-07-02 14:00:00,300.64175,27.49176,ERCO
2022-07-02 15:00:00,2022-07-02 15:00:00,301.87625,28.726257,ERCO
2022-07-02 16:00:00,2022-07-02 16:00:00,303.21744,30.067444,ERCO
2022-07-02 17:00:00,2022-07-02 17:00:00,304.52792,31.37793,ERCO
2022-07-02 18:00:00,2022-07-02 18:00:00,305.69952,32.54953,ERCO
2022-07-02 19:00:00,2022-07-02 19:00:00,306.464,33.313995,ERCO
2022-07-02 20:00:00,2022-07-02 20:00:00,306.92825,33.77826,ERCO
2022-07-02 21:00:00,2022-07-02 21:00:00,307.1313,33.981293,ERCO
2022-07-02 22:00:00,2022-07-02 22:00:00,307.1884,34.03839,ERCO
2022-07-02 23:00:00,2022-07-02 23:00:00,306.98877,33.838776,ERCO
2022-07-03 00:00:00,2022-07-03 00:00:00,306.54337,33.39337,ERCO
2022-07-03 01:00:00,2022-07-03 01:00:00,305.85226,32.70227,ERCO
2022-07-03 02:00:00,2022-07-03 02:00:00,304.87283,31.72284,ERCO
2022-07-03 03:00:00,2022-07-03 03:00:00,303.97052,30.820526,ERCO
2022-07-03 04:00:00,2022-07-03 04:00:00,303.20135,30.051361,ERCO
2022-07-03 05:00:00,2022-07-03 05:00:00,302.5066,29.356598,ERCO
2022-07-03 06:00:00,2022-07-03 06:00:00,301.8972,28.747192,ERCO
2022-07-03 07:00:00,2022-07-03 07:00:00,301.3373,28.187317,ERCO
2022-07-03 08:00:00,2022-07-03 08:00:00,300.7944,27.64441,ERCO
2022-07-03 09:00:00,2022-07-03 09:00:00,300.2867,27.136719,ERCO
2022-07-03 10:00:00,2022-07-03 10:00:00,299.8183,26.668304,ERCO
2022-07-03 11:00:00,2022-07-03 11:00:00,299.39395,26.243958,ERCO
2022-07-03 12:00:00,2022-07-03 12:00:00,299.08694,25.93695,ERCO
2022-07-03 13:00:00,2022-07-03 13:00:00,299.6416,26.491608,ERCO
2022-07-03 14:00:00,2022-07-03 14:00:00,300.5064,27.356415,ERCO
2022-07-03 15:00:00,2022-07-03 15:00:00,301.6193,28.4693,ERCO
2022-07-03 16:00:00,2022-07-03 16:00:00,302.86816,29.71817,ERCO
2022-07-03 17:00:00,2022-07-03 17:00:00,304.12292,30.97293,ERCO
2022-07-03 18:00:00,2022-07-03 18:00:00,305.28336,32.13336,ERCO
2022-07-03 19:00:00,2022-07-03 19:00:00,306.00665,32.85666,ERCO
2022-07-03 20:00:00,2022-07-03 20:00:00,306.51727,33.36728,ERCO
2022-07-03 21:00:00,2022-07-03 21:00:00,306.8512,33.701202,ERCO
2022-07-03 22:00:00,2022-07-03 22:00:00,306.91144,33.761444,ERCO
2022-07-03 23:00:00,2022-07-03 23:00:00,306.73804,33.588043,ERCO
2022-07-04 00:00:00,2022-07-04 00:00:00,306.1763,33.026306,ERCO
2022-07-04 01:00:00,2022-07-04 01:00:00,305.30035,32.15036,ERCO
2022-07-04 02:00:00,2022-07-04 02:00:00,304.31985,31.16986,ERCO
2022-07-04 03:00:00,2022-07-04 03:00:00,303.51846,30.36847,ERCO
2022-07-04 04:00:00,2022-07-04 04:00:00,302.79492,29.644928,ERCO
2022-07-04 05:00:00,2022-07-04 05:00:00,302.11777,28.967773,ERCO
2022-07-04 06:00:00,2022-07-04 06:00:00,301.46606,28.31607,ERCO
2022-07-04 07:00:00,2022-07-04 07:00:00,300.80753,27.657532,ERCO
2022-07-04 08:00:00,2022-07-04 08:00:00,300.17804,27.028046,ERCO
2022-07-04 09:00:00,2022-07-04 09:00:00,299.6016,26.4516,ERCO
2022-07-04 10:00:00,2022-07-04 10:00:00,299.0454,25.895416,ERCO
2022-07-04 11:00:00,2022-07-04 11:00:00,298.52008,25.370087,ERCO
2022-07-04 12:00:00,2022-07-04 12:00:00,298.14926,24.999268,ERCO
2022-07-04 13:00:00,2022-07-04 13:00:00,298.75366,25.603668,ERCO
2022-07-04 14:00:00,2022-07-04 14:00:00,299.6473,26.497314,ERCO
2022-07-04 15:00:00,2022-07-04 15:00:00,300.8019,27.651917,ERCO
2022-07-04 16:00:00,2022-07-04 16:00:00,302.12238,28.972382,ERCO
2022-07-04 17:00:00,2022-07-04 17:00:00,303.4808,30.33081,ERCO
2022-07-04 18:00:00,2022-07-04 18:00:00,304.78955,31.639557,ERCO
2022-07-04 19:00:00,2022-07-04 19:00:00,305.9379,32.787903,ERCO
2022-07-04 20:00:00,2022-07-04 20:00:00,306.82532,33.675323,ERCO
2022-07-04 21:00:00,2022-07-04 21:00:00,307.44827,34.29828,ERCO
2022-07-04 22:00:00,2022-07-04 22:00:00,307.7769,34.626892,ERCO
2022-07-04 23:00:00,2022-07-04 23:00:00,307.7863,34.63629,ERCO
2022-07-05 00:00:00,2022-07-05 00:00:00,307.4598,34.309814,ERCO
2022-07-05 01:00:00,2022-07-05 01:00:00,306.8093,33.6593,ERCO
2022-07-05 02:00:00,2022-07-05 02:00:00,305.8371,32.687103,ERCO
2022-07-05 03:00:00,2022-07-05 03:00:00,304.9096,31.759613,ERCO
2022-07-05 04:00:00,2022-07-05 04:00:00,304.0576,30.907593,ERCO
2022-07-05 05:00:00,2022-07-05 05:00:00,303.27646,30.126465,ERCO
2022-07-05 06:00:00,2022-07-05 06:00:00,302.49863,29.348633,ERCO
2022-07-05 07:00:00,2022-07-05 07:00:00,301.72626,28.576263,ERCO
2022-07-05 08:00:00,2022-07-05 08:00:00,300.99875,27.848755,ERCO
2022-07-05 09:00:00,2022-07-05 09:00:00,300.33298,27.182983,ERCO
2022-07-05 10:00:00,2022-07-05 10:00:00,299.73083,26.580841,ERCO
2022-07-05 11:00:00,2022-07-05 11:00:00,299.1857,26.035706,ERCO
2022-07-05 12:00:00,2022-07-05 12:00:00,298.8081,25.658112,ERCO
2022-07-05 13:00:00,2022-07-05 13:00:00,299.31866,26.16867,ERCO
2022-07-05 14:00:00,2022-07-05 14:00:00,300.15698,27.006989,ERCO
2022-07-05 15:00:00,2022-07-05 15:00:00,301.2936,28.143616,ERCO
2022-07-05 16:00:00,2022-07-05 16:00:00,302.6139,29.463898,ERCO
2022-07-05 17:00:00,2022-07-05 17:00:00,303.9901,30.840118,ERCO
2022-07-05 18:00:00,2022-07-05 18:00:00,305.32657,32.176575,ERCO
2022-07-05 19:00:00,2022-07-05 19:00:00,306.50912,33.35913,ERCO
2022-07-05 20:00:00,2022-07-05 20:00:00,307.43832,34.28833,ERCO
2022-07-05 21:00:00,2022-07-05 21:00:00,308.0907,34.940704,ERCO
2022-07-05 22:00:00,2022-07-05 22:00:00,308.36847,35.218475,ERCO
2022-07-05 23:00:00,2022-07-05 23:00:00,308.2547,35.104706,ERCO
2022-07-06 00:00:00,2022-07-06 00:00:00,307.71527,34.565277,ERCO
2022-07-06 01:00:00,2022-07-06 01:00:00,306.93344,33.783447,ERCO
2022-07-06 02:00:00,2022-07-06 02:00:00,305.84067,32.690674,ERCO
2022-07-06 03:00:00,2022-07-06 03:00:00,304.78183,31.631836,ERCO
2022-07-06 04:00:00,2022-07-06 04:00:00,303.7273,30.577301,ERCO
2022-07-06 05:00:00,2022-07-06 05:00:00,302.8442,29.694214,ERCO
2022-07-06 06:00:00,2022-07-06 06:00:00,302.12238,28.972382,ERCO
2022-07-06 07:00:00,2022-07-06 07:00:00,301.41937,28.269379,ERCO
2022-07-06 08:00:00,2022-07-06 08:00:00,300.78345,27.633453,ERCO
2022-07-06 09:00:00,2022-07-06 09:00:00,300.20523,27.055237,ERCO
2022-07-06 10:00:00,2022-07-06 10:00:00,299.6968,26.546814,ERCO
2022-07-06 11:00:00,2022-07-06 11:00:00,299.2264,26.076416,ERCO
2022-07-06 12:00:00,2022-07-06 12:00:00,298.86032,25.710327,ERCO
2022-07-06 13:00:00,2022-07-06 13:00:00,299.39297,26.242981,ERCO
2022-07-06 14:00:00,2022-07-06 14:00:00,300.31915,27.169159,ERCO
2022-07-06 15:00:00,2022-07-06 15:00:00,301.55997,28.409973,ERCO
2022-07-06 16:00:00,2022-07-06 16:00:00,302.9698,29.819794,ERCO
2022-07-06 17:00:00,2022-07-06 17:00:00,304.4278,31.277802,ERCO
2022-07-06 18:00:00,2022-07-06 18:00:00,305.83066,32.680664,ERCO
2022-07-06 19:00:00,2022-07-06 19:00:00,307.02383,33.87384,ERCO
2022-07-06 20:00:00,2022-07-06 20:00:00,307.92633,34.776337,ERCO
2022-07-06 21:00:00,2022-07-06 21:00:00,308.53238,35.382385,ERCO
2022-07-06 22:00:00,2022-07-06 22:00:00,308.8295,35.679504,ERCO
2022-07-06 23:00:00,2022-07-06 23:00:00,308.79938,35.649384,ERCO
2022-07-07 00:00:00,2022-07-07 00:00:00,308.44482,35.29483,ERCO
2022-07-07 01:00:00,2022-07-07 01:00:00,307.7475,34.597504,ERCO
2022-07-07 02:00:00,2022-07-07 02:00:00,306.68253,33.53253,ERCO
2022-07-07 03:00:00,2022-07-07 03:00:00,305.61536,32.465363,ERCO
2022-07-07 04:00:00,2022-07-07 04:00:00,304.58768,31.437683,ERCO
2022-07-07 05:00:00,2022-07-07 05:00:00,303.65408,30.50409,ERCO
2022-07-07 06:00:00,2022-07-07 06:00:00,302.76434,29.61435,ERCO
2022-07-07 07:00:00,2022-07-07 07:00:00,301.94055,28.790558,ERCO
2022-07-07 08:00:00,2022-07-07 08:00:00,301.17325,28.023254,ERCO
2022-07-07 09:00:00,2022-07-07 09:00:00,300.48166,27.331665,ERCO
2022-07-07 10:00:00,2022-07-07 10:00:00,299.824,26.674011,ERCO
2022-07-07 11:00:00,2022-07-07 11:00:00,299.219,26.069,ERCO
2022-07-07 12:00:00,2022-07-07 12:00:00,298.75702,25.607025,ERCO
2022-07-07 13:00:00,2022-07-07 13:00:00,299.33725,26.187256,ERCO
2022-07-07 14:00:00,2022-07-07 14:00:00,300.31982,27.16983,ERCO
2022-07-07 15:00:00,2022-07-07 15:00:00,301.64523,28.49524,ERCO
2022-07-07 16:00:00,2022-07-07 16:00:00,303.10986,29.95987,ERCO
2022-07-07 17:00:00,2022-07-07 17:00:00,304.58295,31.432953,ERCO
2022-07-07 18:00:00,2022-07-07 18:00:00,305.95645,32.806458,ERCO
2022-07-07 19:00:00,2022-07-07 19:00:00,307.14175,33.99176,ERCO
2022-07-07 20:00:00,2022-07-07 20:00:00,308.09494,34.944946,ERCO
2022-07-07 21:00:00,2022-07-07 21:00:00,308.80313,35.653137,ERCO
2022-07-07 22:00:00,2022-07-07 22:00:00,309.23007,36.08008,ERCO
2022-07-07 23:00:00,2022-07-07 23:00:00,309.32953,36.179535,ERCO
2022-07-08 00:00:00,2022-07-08 00:00:00,309.06158,35.91159,ERCO
2022-07-08 01:00:00,2022-07-08 01:00:00,308.41272,35.262726,ERCO
2022-07-08 02:00:00,2022-07-08 02:00:00,307.3562,34.206207,ERCO
2022-07-08 03:00:00,2022-07-08 03:00:00,306.2564,33.106415,ERCO
2022-07-08 04:00:00,2022-07-08 04:00:00,305.21304,32.06305,ERCO
2022-07-08 05:00:00,2022-07-08 05:00:00,304.23627,31.086273,ERCO
2022-07-08 06:00:00,2022-07-08 06:00:00,303.31458,30.164581,ERCO
2022-07-08 07:00:00,2022-07-08 07:00:00,302.50677,29.356781,ERCO
2022-07-08 08:00:00,2022-07-08 08:00:00,301.76913,28.61914,ERCO
2022-07-08 09:00:00,2022-07-08 09:00:00,301.07388,27.92389,ERCO
2022-07-08 10:00:00,2022-07-08 10:00:00,300.4561,27.306091,ERCO
2022-07-08 11:00:00,2022-07-08 11:00:00,299.9049,26.754913,ERCO
2022-07-08 12:00:00,2022-07-08 12:00:00,299.48206,26.332062,ERCO
2022-07-08 13:00:00,2022-07-08 13:00:00,300.12402,26.97403,ERCO
2022-07-08 14:00:00,2022-07-08 14:00:00,301.2081,28.058105,ERCO
2022-07-08 15:00:00,2022-07-08 15:00:00,302.64752,29.497528,ERCO
2022-07-08 16:00:00,2022-07-08 16:00:00,304.18814,31.038147,ERCO
2022-07-08 17:00:00,2022-07-08 17:00:00,305.69736,32.547363,ERCO
2022-07-08 18:00:00,2022-07-08 18:00:00,307.07327,33.92328,ERCO
2022-07-08 19:00:00,2022-07-08 19:00:00,308.19043,35.040436,ERCO
2022-07-08 20:00:00,2022-07-08 20:00:00,309.06305,35.913055,ERCO
2022-07-08 21:00:00,2022-07-08 21:00:00,309.69656,36.54657,ERCO
2022-07-08 22:00:00,2022-07-08 22:00:00,310.07697,36.92697,ERCO
2022-07-08 23:00:00,2022-07-08 23:00:00,310.15402,37.00403,ERCO
2022-07-09 00:00:00,2022-07-09 00:00:00,309.9179,36.767914,ERCO
2022-07-09 01:00:00,2022-07-09 01:00:00,309.2972,36.147217,ERCO
2022-07-09 02:00:00,2022-07-09 02:00:00,308.2984,35.148407,ERCO
2022-07-09 03:00:00,2022-07-09 03:00:00,307.2762,34.12622,ERCO
2022-07-09 04:00:00,2022-07-09 04:00:00,306.18616,33.036163,ERCO
2022-07-09 05:00:00,2022-07-09 05:00:00,305.09952,31.949524,ERCO
2022-07-09 06:00:00,2022-07-09 06:00:00,304.0327,30.88272,ERCO
2022-07-09 07:00:00,2022-07-09 07:00:00,303.01648,29.866486,ERCO
2022-07-09 08:00:00,2022-07-09 08:00:00,302.1724,29.0224,ERCO
2022-07-09 09:00:00,2022-07-09 09:00:00,301.47986,28.329865,ERCO
2022-07-09 10:00:00,2022-07-09 10:00:00,300.87634,27.726349,ERCO
2022-07-09 11:00:00,2022-07-09 11:00:00,300.34854,27.198547,ERCO
2022-07-09 12:00:00,2022-07-09 12:00:00,299.94846,26.798462,ERCO
2022-07-09 13:00:00,2022-07-09 13:00:00,300.55417,27.404175,ERCO
2022-07-09 14:00:00,2022-07-09 14:00:00,301.67102,28.521027,ERCO
2022-07-09 15:00:00,2022-07-09 15:00:00,303.17468,30.024689,ERCO
2022-07-09 16:00:00,2022-07-09 16:00:00,304.81982,31.66983,ERCO
2022-07-09 17:00:00,2022-07-09 17:00:00,306.41818,33.26819,ERCO
2022-07-09 18:00:00,2022-07-09 18:00:00,307.8095,34.659515,ERCO
2022-07-09 19:00:00,2022-07-09 19:00:00,308.89743,35.747437,ERCO
2022-07-09 20:00:00,2022-07-09 20:00:00,309.66592,36.51593,ERCO
2022-07-09 21:00:00,2022-07-09 21:00:00,310.0873,36.937317,ERCO
2022-07-09 22:00:00,2022-07-09 22:00:00,310.2041,37.054108,ERCO
2022-07-09 23:00:00,2022-07-09 23:00:00,310.09177,36.941772,ERCO
2022-07-10 00:00:00,2022-07-10 00:00:00,309.6342,36.48419,ERCO
2022-07-10 01:00:00,2022-07-10 01:00:00,308.76392,35.613922,ERCO
2022-07-10 02:00:00,2022-07-10 02:00:00,307.54892,34.398926,ERCO
2022-07-10 03:00:00,2022-07-10 03:00:00,306.4681,33.318115,ERCO
2022-07-10 04:00:00,2022-07-10 04:00:00,305.54504,32.39505,ERCO
2022-07-10 05:00:00,2022-07-10 05:00:00,304.75385,31.603851,ERCO
2022-07-10 06:00:00,2022-07-10 06:00:00,304.0224,30.872406,ERCO
2022-07-10 07:00:00,2022-07-10 07:00:00,303.3318,30.181793,ERCO
2022-07-10 08:00:00,2022-07-10 08:00:00,302.68826,29.538269,ERCO
2022-07-10 09:00:00,2022-07-10 09:00:00,302.06488,28.914886,ERCO
2022-07-10 10:00:00,2022-07-10 10:00:00,301.46585,28.315857,ERCO
2022-07-10 11:00:00,2022-07-10 11:00:00,300.90262,27.752625,ERCO
2022-07-10 12:00:00,2022-07-10 12:00:00,300.4453,27.295319,ERCO
2022-07-10 13:00:00,2022-07-10 13:00:00,301.05145,27.901459,ERCO
2022-07-10 14:00:00,2022-07-10 14:00:00,302.13022,28.980225,ERCO
2022-07-10 15:00:00,2022-07-10 15:00:00,303.5205,30.370514,ERCO
2022-07-10 16:00:00,2022-07-10 16:00:00,305.02908,31.87909,ERCO
2022-07-10 17:00:00,2022-07-10 17:00:00,306.5219,33.371918,ERCO
2022-07-10 18:00:00,2022-07-10 18:00:00,307.88467,34.73468,ERCO
2022-07-10 19:00:00,2022-07-10 19:00:00,308.99792,35.84793,ERCO
2022-07-10 20:00:00,2022-07-10 20:00:00,309.78705,36.637054,ERCO
2022-07-10 21:00:00,2022-07-10 21:00:00,310.21054,37.060547,ERCO
2022-07-10 22:00:00,2022-07-10 22:00:00,310.4146,37.264618,ERCO
2022-07-10 23:00:00,2022-07-10 23:00:00,310.36298,37.212982,ERCO
2022-07-11 00:00:00,2022-07-11 00:00:00,309.9764,36.826416,ERCO
2022-07-11 01:00:00,2022-07-11 01:00:00,309.2388,36.088806,ERCO
2022-07-11 02:00:00,2022-07-11 02:00:00,308.17767,35.02768,ERCO
2022-07-11 03:00:00,2022-07-11 03:00:00,307.2083,34.05832,ERCO
2022-07-11 04:00:00,2022-07-11 04:00:00,306.3261,33.176117,ERCO
2022-07-11 05:00:00,2022-07-11 05:00:00,305.4925,32.3425,ERCO
2022-07-11 06:00:00,2022-07-11 06:00:00,304.6358,31.48581,ERCO
2022-07-11 07:00:00,2022-07-11 07:00:00,303.74667,30.59668,ERCO
2022-07-11 08:00:00,2022-07-11 08:00:00,302.9197,29.769714,ERCO
2022-07-11 09:00:00,2022-07-11 09:00:00,302.18134,29.031342,ERCO
2022-07-11 10:00:00,2022-07-11 10:00:00,301.49854,28.348541,ERCO
2022-07-11 11:00:00,2022-07-11 11:00:00,300.85547,27.705475,ERCO
2022-07-11 12:00:00,2022-07-11 12:00:00,300.31708,27.167084,ERCO
2022-07-11 13:00:00,2022-07-11 13:00:00,300.95963,27.809631,ERCO
2022-07-11 14:00:00,2022-07-11 14:00:00,302.1837,29.033691,ERCO
2022-07-11 15:00:00,2022-07-11 15:00:00,303.78464,30.634644,ERCO
2022-07-11 16:00:00,2022-07-11 16:00:00,305.49442,32.34442,ERCO
2022-07-11 17:00:00,2022-07-11 17:00:00,307.12024,33.970245,ERCO
2022-07-11 18:00:00,2022-07-11 18:00:00,308.4857,35.335693,ERCO
2022-07-11 19:00:00,2022-07-11 19:00:00,309.57388,36.42389,ERCO
2022-07-11 20:00:00,2022-07-11 20:00:00,310.3579,37.207916,ERCO
2022-07-11 21:00:00,2022-07-11 21:00:00,310.86072,37.710724,ERCO
2022-07-11 22:00:00,2022-07-11 22:00:00,311.10245,37.952454,ERCO
2022-07-11 23:00:00,2022-07-11 23:00:00,311.08282,37.93283,ERCO
2022-07-12 00:00:00,2022-07-12 00:00:00,310.74765,37.597656,ERCO
2022-07-12 01:00:00,2022-07-12 01:00:00,310.02597,36.875977,ERCO
2022-07-12 02:00:00,2022-07-12 02:00:00,308.91522,35.76523,ERCO
2022-07-12 03:00:00,2022-07-12 03:00:00,307.8257,34.67572,ERCO
2022-07-12 04:00:00,2022-07-12 04:00:00,306.80334,33.65335,ERCO
2022-07-12 05:00:00,2022-07-12 05:00:00,305.82797,32.67798,ERCO
2022-07-12 06:00:00,2022-07-12 06:00:00,304.83044,31.68045,ERCO
2022-07-12 07:00:00,2022-07-12 07:00:00,303.8591,30.709106,ERCO
2022-07-12 08:00:00,2022-07-12 08:00:00,302.9543,29.804321,ERCO
2022-07-12 09:00:00,2022-07-12 09:00:00,302.15692,29.006927,ERCO
2022-07-12 10:00:00,2022-07-12 10:00:00,301.46902,28.31903,ERCO
2022-07-12 11:00:00,2022-07-12 11:00:00,300.82568,27.67569,ERCO
2022-07-12 12:00:00,2022-07-12 12:00:00,300.28198,27.131989,ERCO
2022-07-12 13:00:00,2022-07-12 13:00:00,300.81622,27.66623,ERCO
2022-07-12 14:00:00,2022-07-12 14:00:00,301.9103,28.760315,ERCO
2022-07-12 15:00:00,2022-07-12 15:00:00,303.37976,30.229767,ERCO
2022-07-12 16:00:00,2022-07-12 16:00:00,304.99725,31.84726,ERCO
2022-07-12 17:00:00,2022-07-12 17:00:00,306.47552,33.32553,ERCO
2022-07-12 18:00:00,2022-07-12 18:00:00,307.6832,34.533203,ERCO
2022-07-12 19:00:00,2022-07-12 19:00:00,308.6109,35.460907,ERCO
2022-07-12 20:00:00,2022-07-12 20:00:00,309.2286,36.078613,ERCO
2022-07-12 21:00:00,2022-07-12 21:00:00,309.59818,36.44818,ERCO
2022-07-12 22:00:00,2022-07-12 22:00:00,309.7342,36.584198,ERCO
2022-07-12 23:00:00,2022-07-12 23:00:00,309.62534,36.47534,ERCO
2022-07-13 00:00:00,2022-07-13 00:00:00,309.30646,36.156464,ERCO
2022-07-13 01:00:00,2022-07-13 01:00:00,308.6134,35.46341,ERCO
2022-07-13 02:00:00,2022-07-13 02:00:00,307.57086,34.420868,ERCO
2022-07-13 03:00:00,2022-07-13 03:00:00,306.57724,33.427246,ERCO
2022-07-13 04:00:00,2022-07-13 04:00:00,305.6049,32.454895,ERCO
2022-07-13 05:00:00,2022-07-13 05:00:00,304.7593,31.609314,ERCO
2022-07-13 06:00:00,2022-07-13 06:00:00,303.97635,30.826355,ERCO
2022-07-13 07:00:00,2022-07-13 07:00:00,303.20065,30.05066,ERCO
2022-07-13 08:00:00,2022-07-13 08:00:00,302.46063,29.310638,ERCO
2022-07-13 09:00:00,2022-07-13 09:00:00,301.79007,28.640076,ERCO
2022-07-13 10:00:00,2022-07-13 10:00:00,301.17892,28.02893,ERCO
2022-07-13 11:00:00,2022-07-13 11:00:00,300.61652,27.466522,ERCO
2022-07-13 12:00:00,2022-07-13 12:00:00,300.13907,26.989075,ERCO
2022-07-13 13:00:00,2022-07-13 13:00:00,300.89178,27.74179,ERCO
2022-07-13 14:00:00,2022-07-13 14:00:00,302.08282,28.93283,ERCO
2022-07-13 15:00:00,2022-07-13 15:00:00,303.5767,30.426697,ERCO
2022-07-13 16:00:00,2022-07-13 16:00:00,305.11227,31.96228,ERCO
2022-07-13 17:00:00,2022-07-13 17:00:00,306.52368,33.373688,ERCO
2022-07-13 18:00:00,2022-07-13 18:00:00,307.71292,34.562927,ERCO
2022-07-13 19:00:00,2022-07-13 19:00:00,308.65414,35.50415,ERCO
2022-07-13 20:00:00,2022-07-13 20:00:00,309.33627,36.18628,ERCO
2022-07-13 21:00:00,2022-07-13 21:00:00,309.78827,36.638275,ERCO
2022-07-13 22:00:00,2022-07-13 22:00:00,309.9947,36.844696,ERCO
2022-07-13 23:00:00,2022-07-13 23:00:00,309.92896,36.77896,ERCO
2022-07-14 00:00:00,2022-07-14 00:00:00,309.5674,36.41742,ERCO
2022-07-14 01:00:00,2022-07-14 01:00:00,308.87946,35.72946,ERCO
2022-07-14 02:00:00,2022-07-14 02:00:00,307.95648,34.806488,ERCO
2022-07-14 03:00:00,2022-07-14 03:00:00,307.04504,33.89505,ERCO
2022-07-14 04:00:00,2022-07-14 04:00:00,306.1366,32.986603,ERCO
2022-07-14 05:00:00,2022-07-14 05:00:00,305.275,32.125,ERCO
2022-07-14 06:00:00,2022-07-14 06:00:00,304.47168,31.321686,ERCO
2022-07-14 07:00:00,2022-07-14 07:00:00,303.66763,30.51764,ERCO
2022-07-14 08:00:00,2022-07-14 08:00:00,302.8662,29.716217,ERCO
2022-07-14 09:00:00,2022-07-14 09:00:00,302.10995,28.95996,ERCO
2022-07-14 10:00:00,2022-07-14 10:00:00,301.41217,28.262177,ERCO
2022-07-14 11:00:00,2022-07-14 11:00:00,300.79037,27.64038,ERCO
2022-07-14 12:00:00,2022-07-14 12:00:00,300.28796,27.13797,ERCO
2022-07-14 13:00:00,2022-07-14 13:00:00,300.90387,27.753876,ERCO
2022-07-14 14:00:00,2022-07-14 14:00:00,302.0512,28.901215,ERCO
2022-07-14 15:00:00,2022-07-14 15:00:00,303.5857,30.4357,ERCO
2022-07-14 16:00:00,2022-07-14 16:00:00,305.19083,32.040833,ERCO
2022-07-14 17:00:00,2022-07-14 17:00:00,306.6236,33.473602,ERCO
2022-07-14 18:00:00,2022-07-14 18:00:00,307.82846,34.678467,ERCO
2022-07-14 19:00:00,2022-07-14 19:00:00,308.67383,35.523834,ERCO
2022-07-14 20:00:00,2022-07-14 20:00:00,308.98526,35.835266,ERCO
2022-07-14 21:00:00,2022-07-14 21:00:00,308.94794,35.797943,ERCO
2022-07-14 22:00:00,2022-07-14 22:00:00,308.60205,35.452057,ERCO
2022-07-14 23:00:00,2022-07-14 23:00:00,308.035,34.88501,ERCO
2022-07-15 00:00:00,2022-07-15 00:00:00,307.2844,34.1344,ERCO
2022-07-15 01:00:00,2022-07-15 01:00:00,306.32196,33.171967,ERCO
2022-07-15 02:00:00,2022-07-15 02:00:00,305.17218,32.022186,ERCO
2022-07-15 03:00:00,2022-07-15 03:00:00,304.11115,30.961151,ERCO
2022-07-15 04:00:00,2022-07-15 04:00:00,303.1483,29.998291,ERCO
2022-07-15 05:00:00,2022-07-15 05:00:00,302.2994,29.149414,ERCO
2022-07-15 06:00:00,2022-07-15 06:00:00,301.62717,28.477173,ERCO
2022-07-15 07:00:00,2022-07-15 07:00:00,301.0351,27.885101,ERCO
2022-07-15 08:00:00,2022-07-15 08:00:00,300.48383,27.333832,ERCO
2022-07-15 09:00:00,2022-07-15 09:00:00,299.96542,26.81543,ERCO
2022-07-15 10:00:00,2022-07-15 10:00:00,299.44315,26.293152,ERCO
2022-07-15 11:00:00,2022-07-15 11:00:00,298.96198,25.811981,ERCO
2022-07-15 12:00:00,2022-07-15 12:00:00,298.57428,25.424286,ERCO
2022-07-15 13:00:00,2022-07-15 13:00:00,299.1372,25.987213,ERCO
2022-07-15 14:00:00,2022-07-15 14:00:00,300.1637,27.013702,ERCO
2022-07-15 15:00:00,2022-07-15 15:00:00,301.42288,28.272888,ERCO
2022-07-15 16:00:00,2022-07-15 16:00:00,302.70535,29.555359,ERCO
2022-07-15 17:00:00,2022-07-15 17:00:00,303.93555,30.785553,ERCO
2022-07-15 18:00:00,2022-07-15 18:00:00,305.0129,31.862915,ERCO
2022-07-15 19:00:00,2022-07-15 19:00:00,305.9026,32.752594,ERCO
2022-07-15 20:00:00,2022-07-15 20:00:00,306.55582,33.405823,ERCO
2022-07-15 21:00:00,2022-07-15 21:00:00,307.00452,33.854523,ERCO
2022-07-15 22:00:00,2022-07-15 22:00:00,307.22183,34.07184,ERCO
2022-07-15 23:00:00,2022-07-15 23:00:00,307.204,34.054016,ERCO
2022-07-16 00:00:00,2022-07-16 00:00:00,306.884,33.73401,ERCO
2022-07-16 01:00:00,2022-07-16 01:00:00,306.23636,33.086365,ERCO
2022-07-16 02:00:00,2022-07-16 02:00:00,305.3518,32.201813,ERCO
2022-07-16 03:00:00,2022-07-16 03:00:00,304.46588,31.315887,ERCO
2022-07-16 04:00:00,2022-07-16 04:00:00,303.60864,30.458649,ERCO
2022-07-16 05:00:00,2022-07-16 05:00:00,302.82266,29.672668,ERCO
2022-07-16 06:00:00,2022-07-16 06:00:00,302.10507,28.955078,ERCO
2022-07-16 07:00:00,2022-07-16 07:00:00,301.4203,28.270294,ERCO
2022-07-16 08:00:00,2022-07-16 08:00:00,300.7531,27.603119,ERCO
2022-07-16 09:00:00,2022-07-16 09:00:00,300.1328,26.982819,ERCO
2022-07-16 10:00:00,2022-07-16 10:00:00,299.57718,26.427185,ERCO
2022-07-16 11:00:00,2022-07-16 11:00:00,299.06662,25.916626,ERCO
2022-07-16 12:00:00,2022-07-16 12:00:00,298.6539,25.503906,ERCO
2022-07-16 13:00:00,2022-07-16 13:00:00,299.19836,26.04837,ERCO
2022-07-16 14:00:00,2022-07-16 14:00:00,300.18173,27.031738,ERCO
2022-07-16 15:00:00,2022-07-16 15:00:00,301.41718,28.267181,ERCO
2022-07-16 16:00:00,2022-07-16 16:00:00,302.7456,29.595612,ERCO
2022-07-16 17:00:00,2022-07-16 17:00:00,304.04425,30.894257,ERCO
2022-07-16 18:00:00,2022-07-16 18:00:00,305.2097,32.059692,ERCO
2022-07-16 19:00:00,2022-07-16 19:00:00,306.19873,33.048737,ERCO
2022-07-16 20:00:00,2022-07-16 20:00:00,306.9861,33.83612,ERCO
2022-07-16 21:00:00,2022-07-16 21:00:00,307.5576,34.407593,ERCO
2022-07-16 22:00:00,2022-07-16 22:00:00,307.8904,34.740417,ERCO
2022-07-16 23:00:00,2022-07-16 23:00:00,307.9484,34.7984,ERCO
2022-07-17 00:00:00,2022-07-17 00:00:00,307.69672,34.546722,ERCO
2022-07-17 01:00:00,2022-07-17 01:00:00,307.12518,33.97519,ERCO
2022-07-17 02:00:00,2022-07-17 02:00:00,306.3001,33.150116,ERCO
2022-07-17 03:00:00,2022-07-17 03:00:00,305.44504,32.295044,ERCO
2022-07-17 04:00:00,2022-07-17 04:00:00,304.56445,31.41446,ERCO
2022-07-17 05:00:00,2022-07-17 05:00:00,303.72134,30.57135,ERCO
2022-07-17 06:00:00,2022-07-17 06:00:00,302.92294,29.77295,ERCO
2022-07-17 07:00:00,2022-07-17 07:00:00,302.12292,28.97293,ERCO
2022-07-17 08:00:00,2022-07-17 08:00:00,301.3465,28.196503,ERCO
2022-07-17 09:00:00,2022-07-17 09:00:00,300.6119,27.461914,ERCO
2022-07-17 10:00:00,2022-07-17 10:00:00,299.9327,26.782715,ERCO
2022-07-17 11:00:00,2022-07-17 11:00:00,299.29633,26.146332,ERCO
2022-07-17 12:00:00,2022-07-17 12:00:00,298.76526,25.615265,ERCO
2022-07-17 13:00:00,2022-07-17 13:00:00,299.41382,26.263824,ERCO
2022-07-17 14:00:00,2022-07-17 14:00:00,300.58017,27.430176,ERCO
2022-07-17 15:00:00,2022-07-17 15:00:00,302.0961,28.946106,ERCO
2022-07-17 16:00:00,2022-07-17 16:00:00,303.7526,30.6026,ERCO
2022-07-17 17:00:00,2022-07-17 17:00:00,305.31976,32.16977,ERCO
2022-07-17 18:00:00,2022-07-17 18:00:00,306.65097,33.500977,ERCO
2022-07-17 19:00:00,2022-07-17 19:00:00,307.71402,34.564026,ERCO
2022-07-17 20:00:00,2022-07-17 20:00:00,308.52682,35.37683,ERCO
2022-07-17 21:00:00,2022-07-17 21:00:00,309.11188,35.961884,ERCO
2022-07-17 22:00:00,2022-07-17 22:00:00,309.44067,36.29068,ERCO
2022-07-17 23:00:00,2022-07-17 23:00:00,309.4868,36.336792,ERCO
2022-07-18 00:00:00,2022-07-18 00:00:00,309.231,36.080994,ERCO
2022-07-18 01:00:00,2022-07-18 01:00:00,308.59067,35.440674,ERCO
2022-07-18 02:00:00,2022-07-18 02:00:00,307.5803,34.430298,ERCO
2022-07-18 03:00:00,2022-07-18 03:00:00,306.573,33.423004,ERCO
2022-07-18 04:00:00,2022-07-18 04:00:00,305.57538,32.425385,ERCO
2022-07-18 05:00:00,2022-07-18 05:00:00,304.63217,31.482178,ERCO
2022-07-18 06:00:00,2022-07-18 06:00:00,303.7099,30.559906,ERCO
2022-07-18 07:00:00,2022-07-18 07:00:00,302.81552,29.665527,ERCO
2022-07-18 08:00:00,2022-07-18 08:00:00,301.97272,28.822723,ERCO
2022-07-18 09:00:00,2022-07-18 09:00:00,301.19778,28.04779,ERCO
2022-07-18 10:00:00,2022-07-18 10:00:00,300.4763,27.326294,ERCO
2022-07-18 11:00:00,2022-07-18 11:00:00,299.82364,26.673645,ERCO
2022-07-18 12:00:00,2022-07-18 12:00:00,299.29126,26.141266,ERCO
2022-07-18 13:00:00,2022-07-18 13:00:00,299.88345,26.73346,ERCO
2022-07-18 14:00:00,2022-07-18 14:00:00,301.0652,27.915192,ERCO
2022-07-18 15:00:00,2022-07-18 15:00:00,302.63333,29.483337,ERCO
2022-07-18 16:00:00,2022-07-18 16:00:00,304.35788,31.207886,ERCO
2022-07-18 17:00:00,2022-07-18 17:00:00,306.01727,32.86728,ERCO
2022-07-18 18:00:00,2022-07-18 18:00:00,307.4739,34.323914,ERCO
2022-07-18 19:00:00,2022-07-18 19:00:00,308.64484,35.494843,ERCO
2022-07-18 20:00:00,2022-07-18 20:00:00,309.50192,36.35193,ERCO
2022-07-18 21:00:00,2022-07-18 21:00:00,310.0752,36.9252,ERCO
2022-07-18 22:00:00,2022-07-18 22:00:00,310.38242,37.23242,ERCO
2022-07-18 23:00:00,2022-07-18 23:00:00,310.40158,37.251587,ERCO
2022-07-19 00:00:00,2022-07-19 00:00:00,310.09836,36.948364,ERCO
2022-07-19 01:00:00,2022-07-19 01:00:00,309.42245,36.27246,ERCO
2022-07-19 02:00:00,2022-07-19 02:00:00,308.34924,35.19925,ERCO
2022-07-19 03:00:00,2022-07-19 03:00:00,307.25714,34.107147,ERCO
2022-07-19 04:00:00,2022-07-19 04:00:00,306.20926,33.059265,ERCO
2022-07-19 05:00:00,2022-07-19 05:00:00,305.2181,32.068115,ERCO
2022-07-19 06:00:00,2022-07-19 06:00:00,304.2596,31.10962,ERCO
2022-07-19 07:00:00,2022-07-19 07:00:00,303.33563,30.185638,ERCO
2022-07-19 08:00:00,2022-07-19 08:00:00,302.48633,29.336334,ERCO
2022-07-19 09:00:00,2022-07-19 09:00:00,301.7269,28.576904,ERCO
2022-07-19 10:00:00,2022-07-19 10:00:00,301.03122,27.881226,ERCO
2022-07-19 11:00:00,2022-07-19 11:00:00,300.40924,27.259247,ERCO
2022-07-19 12:00:00,2022-07-19 12:00:00,299.90955,26.759552,ERCO
2022-07-19 13:00:00,2022-07-19 13:00:00,300.37344,27.22345,ERCO
2022-07-19 14:00:00,2022-07-19 14:00:00,301.4066,28.256592,ERCO
2022-07-19 15:00:00,2022-07-19 15:00:00,302.93185,29.78186,ERCO
2022-07-19 16:00:00,2022-07-19 16:00:00,304.69894,31.54895,ERCO
2022-07-19 17:00:00,2022-07-19 17:00:00,306.4206,33.2706,ERCO
2022-07-19 18:00:00,2022-07-19 18:00:00,307.97205,34.822052,ERCO
2022-07-19 19:00:00,2022-07-19 19:00:00,309.23077,36.08078,ERCO
2022-07-19 20:00:00,2022-07-19 20:00:00,310.1534,37.003418,ERCO
2022-07-19 21:00:00,2022-07-19 21:00:00,310.7663,37.616302,ERCO
2022-07-19 22:00:00,2022-07-19 22:00:00,311.0689,37.918915,ERCO
2022-07-19 23:00:00,2022-07-19 23:00:00,311.04752,37.897522,ERCO
2022-07-20 00:00:00,2022-07-20 00:00:00,310.66116,37.51117,ERCO
2022-07-20 01:00:00,2022-07-20 01:00:00,309.85577,36.70578,ERCO
2022-07-20 02:00:00,2022-07-20 02:00:00,308.60968,35.459686,ERCO
2022-07-20 03:00:00,2022-07-20 03:00:00,307.38098,34.230988,ERCO
2022-07-20 04:00:00,2022-07-20 04:00:00,306.22577,33.075775,ERCO
2022-07-20 05:00:00,2022-07-20 05:00:00,305.18695,32.036957,ERCO
2022-07-20 06:00:00,2022-07-20 06:00:00,304.25882,31.108826,ERCO
2022-07-20 07:00:00,2022-07-20 07:00:00,303.43137,30.281372,ERCO
2022-07-20 08:00:00,2022-07-20 08:00:00,302.6496,29.499603,ERCO
2022-07-20 09:00:00,2022-07-20 09:00:00,301.87354,28.723541,ERCO
2022-07-20 10:00:00,2022-07-20 10:00:00,301.2672,28.117218,ERCO
2022-07-20 11:00:00,2022-07-20 11:00:00,300.75034,27.600342,ERCO
2022-07-20 12:00:00,2022-07-20 12:00:00,300.2825,27.132507,ERCO
2022-07-20 13:00:00,2022-07-20 13:00:00,300.6876,27.537598,ERCO
2022-07-20 14:00:00,2022-07-20 14:00:00,301.649,28.498993,ERCO
2022-07-20 15:00:00,2022-07-20 15:00:00,303.06448,29.91449,ERCO
2022-07-20 16:00:00,2022-07-20 16:00:00,304.73456,31.584564,ERCO
2022-07-20 17:00:00,2022-07-20 17:00:00,306.4458,33.295807,ERCO
2022-07-20 18:00:00,2022-07-20 18:00:00,308.00534,34.855347,ERCO
2022-07-20 19:00:00,2022-07-20 19:00:00,309.27814,36.128143,ERCO
2022-07-20 20:00:00,2022-07-20 20:00:00,310.18332,37.033325,ERCO
2022-07-20 21:00:00,2022-07-20 21:00:00,310.74243,37.592438,ERCO
2022-07-20 22:00:00,2022-07-20 22:00:00,310.99814,37.848145,ERCO
2022-07-20 23:00:00,2022-07-20 23:00:00,310.87958,37.729584,ERCO
2022-07-21 00:00:00,2022-07-21 00:00:00,310.39523,37.24524,ERCO
2022-07-21 01:00:00,2022-07-21 01:00:00,309.4765,36.326508,ERCO
2022-07-21 02:00:00,2022-07-21 02:00:00,308.20764,35.057648,ERCO
2022-07-21 03:00:00,2022-07-21 03:00:00,307.0599,33.909912,ERCO
2022-07-21 04:00:00,2022-07-21 04:00:00,305.95016,32.80017,ERCO
2022-07-21 05:00:00,2022-07-21 05:00:00,304.91055,31.76056,ERCO
2022-07-21 06:00:00,2022-07-21 06:00:00,303.9459,30.795898,ERCO
2022-07-21 07:00:00,2022-07-21 07:00:00,303.10852,29.958527,ERCO
2022-07-21 08:00:00,2022-07-21 08:00:00,302.38138,29.231384,ERCO
2022-07-21 09:00:00,2022-07-21 09:00:00,301.76468,28.614685,ERCO
2022-07-21 10:00:00,2022-07-21 10:00:00,301.24905,28.09906,ERCO
2022-07-21 11:00:00,2022-07-21 11:00:00,300.76672,27.61673,ERCO
2022-07-21 12:00:00,2022-07-21 12:00:00,300.3384,27.188416,ERCO
2022-07-21 13:00:00,2022-07-21 13:00:00,300.6456,27.495605,ERCO
2022-07-21 14:00:00,2022-07-21 14:00:00,301.4455,28.295502,ERCO
2022-07-21 15:00:00,2022-07-21 15:00:00,302.58966,29.439667,ERCO
2022-07-21 16:00:00,2022-07-21 16:00:00,303.89624,30.746246,ERCO
2022-07-21 17:00:00,2022-07-21 17:00:00,305.1945,32.044495,ERCO
2022-07-21 18:00:00,2022-07-21 18:00:00,306.40894,33.25894,ERCO
2022-07-21 19:00:00,2022-07-21 19:00:00,307.37747,34.227478,ERCO
2022-07-21 20:00:00,2022-07-21 20:00:00,307.9079,34.757904,ERCO
2022-07-21 21:00:00,2022-07-21 21:00:00,308.1054,34.955414,ERCO
2022-07-21 22:00:00,2022-07-21 22:00:00,307.97104,34.821045,ERCO
2022-07-21 23:00:00,2022-07-21 23:00:00,307.59708,34.447083,ERCO
2022-07-22 00:00:00,2022-07-22 00:00:00,306.90778,33.757782,ERCO
2022-07-22 01:00:00,2022-07-22 01:00:00,305.85468,32.70468,ERCO
2022-07-22 02:00:00,2022-07-22 02:00:00,304.71634,31.566345,ERCO
2022-07-22 03:00:00,2022-07-22 03:00:00,303.79852,30.64853,ERCO
2022-07-22 04:00:00,2022-07-22 04:00:00,303.00656,29.856567,ERCO
2022-07-22 05:00:00,2022-07-22 05:00:00,302.34848,29.198486,ERCO
2022-07-22 06:00:00,2022-07-22 06:00:00,301.78436,28.634369,ERCO
2022-07-22 07:00:00,2022-07-22 07:00:00,301.2264,28.076416,ERCO
2022-07-22 08:00:00,2022-07-22 08:00:00,300.67554,27.525543,ERCO
2022-07-22 09:00:00,2022-07-22 09:00:00,300.1784,27.028412,ERCO
2022-07-22 10:00:00,2022-07-22 10:00:00,299.70267,26.552673,ERCO
2022-07-22 11:00:00,2022-07-22 11:00:00,299.24356,26.093567,ERCO
2022-07-22 12:00:00,2022-07-22 12:00:00,298.86304,25.713043,ERCO
2022-07-22 13:00:00,2022-07-22 13:00:00,299.38025,26.230255,ERCO
2022-07-22 14:00:00,2022-07-22 14:00:00,300.3175,27.167511,ERCO
2022-07-22 15:00:00,2022-07-22 15:00:00,301.48825,28.338257,ERCO
2022-07-22 16:00:00,2022-07-22 16:00:00,302.80948,29.659485,ERCO
2022-07-22 17:00:00,2022-07-22 17:00:00,304.17233,31.022339,ERCO
2022-07-22 18:00:00,2022-07-22 18:00:00,305.4716,32.321594,ERCO
2022-07-22 19:00:00,2022-07-22 19:00:00,306.61005,33.460052,ERCO
2022-07-22 20:00:00,2022-07-22 20:00:00,307.44666,34.29666,ERCO
2022-07-22 21:00:00,2022-07-22 21:00:00,308.00677,34.85678,ERCO
2022-07-22 22:00:00,2022-07-22 22:00:00,308.3415,35.191498,ERCO
2022-07-22 23:00:00,2022-07-22 23:00:00,308.3933,35.243317,ERCO
2022-07-23 00:00:00,2022-07-23 00:00:00,308.07953,34.929535,ERCO
2022-07-23 01:00:00,2022-07-23 01:00:00,307.40543,34.255432,ERCO
2022-07-23 02:00:00,2022-07-23 02:00:00,306.38815,33.23816,ERCO
2022-07-23 03:00:00,2022-07-23 03:00:00,305.39676,32.246765,ERCO
2022-07-23 04:00:00,2022-07-23 04:00:00,304.4687,31.318695,ERCO
2022-07-23 05:00:00,2022-07-23 05:00:00,303.58847,30.438477,ERCO
2022-07-23 06:00:00,2022-07-23 06:00:00,302.76285,29.612854,ERCO
2022-07-23 07:00:00,2022-07-23 07:00:00,301.98145,28.831451,ERCO
2022-07-23 08:00:00,2022-07-23 08:00:00,301.22318,28.073181,ERCO
2022-07-23 09:00:00,2022-07-23 09:00:00,300.52197,27.371979,ERCO
2022-07-23 10:00:00,2022-07-23 10:00:00,299.87552,26.725525,ERCO
2022-07-23 11:00:00,2022-07-23 11:00:00,299.29105,26.141052,ERCO
2022-07-23 12:00:00,2022-07-23 12:00:00,298.79684,25.64685,ERCO
2022-07-23 13:00:00,2022-07-23 13:00:00,299.26678,26.11679,ERCO
2022-07-23 14:00:00,2022-07-23 14:00:00,300.1799,27.029907,ERCO
2022-07-23 15:00:00,2022-07-23 15:00:00,301.39255,28.242554,ERCO
2022-07-23 16:00:00,2022-07-23 16:00:00,302.76352,29.613525,ERCO
2022-07-23 17:00:00,2022-07-23 17:00:00,304.12796,30.977966,ERCO
2022-07-23 18:00:00,2022-07-23 18:00:00,305.3845,32.234497,ERCO
2022-07-23 19:00:00,2022-07-23 19:00:00,306.42133,33.27133,ERCO
2022-07-23 20:00:00,2022-07-23 20:00:00,307.19644,34.046448,ERCO
2022-07-23 21:00:00,2022-07-23 21:00:00,307.74362,34.593628,ERCO
2022-07-23 22:00:00,2022-07-23 22:00:00,308.02505,34.87506,ERCO
2022-07-23 23:00:00,2022-07-23 23:00:00,308.02618,34.87619,ERCO
2022-07-24 00:00:00,2022-07-24 00:00:00,307.74243,34.592438,ERCO
2022-07-24 01:00:00,2022-07-24 01:00:00,307.1074,33.957397,ERCO
2022-07-24 02:00:00,2022-07-24 02:00:00,306.17496,33.024963,ERCO
2022-07-24 03:00:00,2022-07-24 03:00:00,305.27103,32.121033,ERCO
2022-07-24 04:00:00,2022-07-24 04:00:00,304.40228,31.252289,ERCO
2022-07-24 05:00:00,2022-07-24 05:00:00,303.6073,30.457306,ERCO
2022-07-24 06:00:00,2022-07-24 06:00:00,302.8373,29.687317,ERCO
2022-07-24 07:00:00,2022-07-24 07:00:00,302.07858,28.928589,ERCO
2022-07-24 08:00:00,2022-07-24 08:00:00,301.35168,28.20169,ERCO
2022-07-24 09:00:00,2022-07-24 09:00:00,300.68796,27.537964,ERCO
2022-07-24 10:00:00,2022-07-24 10:00:00,300.07095,26.92096,ERCO
2022-07-24 11:00:00,2022-07-24 11:00:00,299.50604,26.356049,ERCO
2022-07-24 12:00:00,2022-07-24 12:00:00,299.0342,25.884216,ERCO
2022-07-24 13:00:00,2022-07-24 13:00:00,299.54034,26.39035,ERCO
2022-07-24 14:00:00,2022-07-24 14:00:00,300.43228,27.282288,ERCO
2022-07-24 15:00:00,2022-07-24 15:00:00,301.63507,28.485077,ERCO
2022-07-24 16:00:00,2022-07-24 16:00:00,303.04242,29.892426,ERCO
2022-07-24 17:00:00,2022-07-24 17:00:00,304.50003,31.350037,ERCO
2022-07-24 18:00:00,2022-07-24 18:00:00,305.86493,32.714935,ERCO
2022-07-24 19:00:00,2022-07-24 19:00:00,306.96027,33.810272,ERCO
2022-07-24 20:00:00,2022-07-24 20:00:00,307.7653,34.615295,ERCO
2022-07-24 21:00:00,2022-07-24 21:00:00,308.32104,35.17105,ERCO
2022-07-24 22:00:00,2022-07-24 22:00:00,308.6229,35.4729,ERCO
2022-07-24 23:00:00,2022-07-24 23:00:00,308.63745,35.487457,ERCO
2022-07-25 00:00:00,2022-07-25 00:00:00,308.329,35.179016,ERCO
2022-07-25 01:00:00,2022-07-25 01:00:00,307.65753,34.507538,ERCO
2022-07-25 02:00:00,2022-07-25 02:00:00,306.70657,33.55658,ERCO
2022-07-25 03:00:00,2022-07-25 03:00:00,305.78586,32.635864,ERCO
2022-07-25 04:00:00,2022-07-25 04:00:00,304.8774,31.727417,ERCO
2022-07-25 05:00:00,2022-07-25 05:00:00,304.0188,30.868805,ERCO
2022-07-25 06:00:00,2022-07-25 06:00:00,303.2231,30.07312,ERCO
2022-07-25 07:00:00,2022-07-25 07:00:00,302.42615,29.276154,ERCO
2022-07-25 08:00:00,2022-07-25 08:00:00,301.61523,28.46524,ERCO
2022-07-25 09:00:00,2022-07-25 09:00:00,300.85724,27.707245,ERCO
2022-07-25 10:00:00,2022-07-25 10:00:00,300.16348,27.013489,ERCO
2022-07-25 11:00:00,2022-07-25 11:00:00,299.53204,26.38205,ERCO
2022-07-25 12:00:00,2022-07-25 12:00:00,298.97928,25.829285,ERCO
2022-07-25 13:00:00,2022-07-25 13:00:00,299.47433,26.32434,ERCO
2022-07-25 14:00:00,2022-07-25 14:00:00,300.438,27.287994,ERCO
2022-07-25 15:00:00,2022-07-25 15:00:00,301.7318,28.581818,ERCO
2022-07-25 16:00:00,2022-07-25 16:00:00,303.22473,30.074738,ERCO
2022-07-25 17:00:00,2022-07-25 17:00:00,304.7343,31.58432,ERCO
2022-07-25 18:00:00,2022-07-25 18:00:00,306.0709,32.9209,ERCO
2022-07-25 19:00:00,2022-07-25 19:00:00,307.1416,33.991608,ERCO
2022-07-25 20:00:00,2022-07-25 20:00:00,307.93277,34.782776,ERCO
2022-07-25 21:00:00,2022-07-25 21:00:00,308.4623,35.312317,ERCO
2022-07-25 22:00:00,2022-07-25 22:00:00,308.74216,35.592163,ERCO
2022-07-25 23:00:00,2022-07-25 23:00:00,308.7429,35.592896,ERCO
2022-07-26 00:00:00,2022-07-26 00:00:00,308.42404,35.274048,ERCO
2022-07-26 01:00:00,2022-07-26 01:00:00,307.73877,34.588776,ERCO
2022-07-26 02:00:00,2022-07-26 02:00:00,306.71448,33.564484,ERCO
2022-07-26 03:00:00,2022-07-26 03:00:00,305.7384,32.58841,ERCO
2022-07-26 04:00:00,2022-07-26 04:00:00,304.79507,31.64508,ERCO
2022-07-26 05:00:00,2022-07-26 05:00:00,303.92325,30.773254,ERCO
2022-07-26 06:00:00,2022-07-26 06:00:00,303.0811,29.931091,ERCO
2022-07-26 07:00:00,2022-07-26 07:00:00,302.23566,29.085663,ERCO
2022-07-26 08:00:00,2022-07-26 08:00:00,301.41803,28.268036,ERCO
2022-07-26 09:00:00,2022-07-26 09:00:00,300.66226,27.512268,ERCO
2022-07-26 10:00:00,2022-07-26 10:00:00,299.95157,26.801575,ERCO
2022-07-26 11:00:00,2022-07-26 11:00:00,299.304,26.153992,ERCO
2022-07-26 12:00:00,2022-07-26 12:00:00,298.75024,25.60025,ERCO
2022-07-26 13:00:00,2022-07-26 13:00:00,299.28232,26.132324,ERCO
2022-07-26 14:00:00,2022-07-26 14:00:00,300.27048,27.120483,ERCO
2022-07-26 15:00:00,2022-07-26 15:00:00,301.58887,28.438873,ERCO
2022-07-26 16:00:00,2022-07-26 16:00:00,303.09967,29.949677,ERCO
2022-07-26 17:00:00,2022-07-26 17:00:00,304.60287,31.45288,ERCO
2022-07-26 18:00:00,2022-07-26 18:00:00,305.96164,32.811646,ERCO
2022-07-26 19:00:00,2022-07-26 19:00:00,307.08435,33.934357,ERCO
2022-07-26 20:00:00,2022-07-26 20:00:00,307.92303,34.77304,ERCO
2022-07-26 21:00:00,2022-07-26 21:00:00,308.49622,35.346222,ERCO
2022-07-26 22:00:00,2022-07-26 22:00:00,308.80655,35.656555,ERCO
2022-07-26 23:00:00,2022-07-26 23:00:00,308.8061,35.656097,ERCO
2022-07-27 00:00:00,2022-07-27 00:00:00,308.4613,35.31131,ERCO
2022-07-27 01:00:00,2022-07-27 01:00:00,307.74258,34.59259,ERCO
2022-07-27 02:00:00,2022-07-27 02:00:00,306.75378,33.60379,ERCO
2022-07-27 03:00:00,2022-07-27 03:00:00,305.83243,32.682434,ERCO
2022-07-27 04:00:00,2022-07-27 04:00:00,304.9478,31.797821,ERCO
2022-07-27 05:00:00,2022-07-27 05:00:00,304.10477,30.954773,ERCO
2022-07-27 06:00:00,2022-07-27 06:00:00,303.29407,30.144073,ERCO
2022-07-27 07:00:00,2022-07-27 07:00:00,302.48248,29.332489,ERCO
2022-07-27 08:00:00,2022-07-27 08:00:00,301.7135,28.563507,ERCO
2022-07-27 09:00:00,2022-07-27 09:00:00,300.9879,27.837921,ERCO
2022-07-27 10:00:00,2022-07-27 10:00:00,300.2941,27.144104,ERCO
2022-07-27 11:00:00,2022-07-27 11:00:00,299.64856,26.498566,ERCO
2022-07-27 12:00:00,2022-07-27 12:00:00,299.09802,25.948029,ERCO
2022-07-27 13:00:00,2022-07-27 13:00:00,299.58398,26.43399,ERCO
2022-07-27 14:00:00,2022-07-27 14:00:00,300.5875,27.4375,ERCO
2022-07-27 15:00:00,2022-07-27 15:00:00,301.91928,28.769287,ERCO
2022-07-27 16:00:00,2022-07-27 16:00:00,303.4106,30.26062,ERCO
2022-07-27 17:00:00,2022-07-27 17:00:00,304.88394,31.733948,ERCO
2022-07-27 18:00:00,2022-07-27 18:00:00,306.19623,33.046234,ERCO
2022-07-27 19:00:00,2022-07-27 19:00:00,307.25748,34.107483,ERCO
2022-07-27 20:00:00,2022-07-27 20:00:00,308.0297,34.8797,ERCO
2022-07-27 21:00:00,2022-07-27 21:00:00,308.548,35.39801,ERCO
2022-07-27 22:00:00,2022-07-27 22:00:00,308.8283,35.678314,ERCO
2022-07-27 23:00:00,2022-07-27 23:00:00,308.82095,35.67096,ERCO
2022-07-28 00:00:00,2022-07-28 00:00:00,308.49997,35.349976,ERCO
2022-07-28 01:00:00,2022-07-28 01:00:00,307.82382,34.67383,ERCO
2022-07-28 02:00:00,2022-07-28 02:00:00,306.86197,33.711975,ERCO
2022-07-28 03:00:00,2022-07-28 03:00:00,305.9539,32.803894,ERCO
2022-07-28 04:00:00,2022-07-28 04:00:00,305.05435,31.904358,ERCO
2022-07-28 05:00:00,2022-07-28 05:00:00,304.1829,31.032898,ERCO
2022-07-28 06:00:00,2022-07-28 06:00:00,303.3368,30.186798,ERCO
2022-07-28 07:00:00,2022-07-28 07:00:00,302.4848,29.334808,ERCO
2022-07-28 08:00:00,2022-07-28 08:00:00,301.68256,28.532562,ERCO
2022-07-28 09:00:00,2022-07-28 09:00:00,300.94913,27.799133,ERCO
2022-07-28 10:00:00,2022-07-28 10:00:00,300.26025,27.11026,ERCO
2022-07-28 11:00:00,2022-07-28 11:00:00,299.63867,26.488678,ERCO
2022-07-28 12:00:00,2022-07-28 12:00:00,299.10773,25.957733,ERCO
2022-07-28 13:00:00,2022-07-28 13:00:00,299.59564,26.445648,ERCO
2022-07-28 14:00:00,2022-07-28 14:00:00,300.5725,27.422516,ERCO
2022-07-28 15:00:00,2022-07-28 15:00:00,301.83765,28.687653,ERCO
2022-07-28 16:00:00,2022-07-28 16:00:00,303.2321,30.082092,ERCO
2022-07-28 17:00:00,2022-07-28 17:00:00,304.60883,31.458832,ERCO
2022-07-28 18:00:00,2022-07-28 18:00:00,305.87848,32.728485,ERCO
2022-07-28 19:00:00,2022-07-28 19:00:00,306.93304,33.78305,ERCO
2022-07-28 20:00:00,2022-07-28 20:00:00,307.71704,34.567047,ERCO
2022-07-28 21:00:00,2022-07-28 21:00:00,308.22726,35.07727,ERCO
2022-07-28 22:00:00,2022-07-28 22:00:00,308.48416,35.334167,ERCO
2022-07-28 23:00:00,2022-07-28 23:00:00,308.44006,35.29007,ERCO
2022-07-29 00:00:00,2022-07-29 00:00:00,308.11597,34.965973,ERCO
2022-07-29 01:00:00,2022-07-29 01:00:00,307.45465,34.304657,ERCO
2022-07-29 02:00:00,2022-07-29 02:00:00,306.52054,33.370544,ERCO
2022-07-29 03:00:00,2022-07-29 03:00:00,305.63483,32.484833,ERCO
2022-07-29 04:00:00,2022-07-29 04:00:00,304.75153,31.601532,ERCO
2022-07-29 05:00:00,2022-07-29 05:00:00,303.91403,30.764038,ERCO
2022-07-29 06:00:00,2022-07-29 06:00:00,303.11884,29.968842,ERCO
2022-07-29 07:00:00,2022-07-29 07:00:00,302.32404,29.174042,ERCO
2022-07-29 08:00:00,2022-07-29 08:00:00,301.4984,28.34842,ERCO
2022-07-29 09:00:00,2022-07-29 09:00:00,300.73303,27.583038,ERCO
2022-07-29 10:00:00,2022-07-29 10:00:00,300.0666,26.916595,ERCO
2022-07-29 11:00:00,2022-07-29 11:00:00,299.49948,26.349487,ERCO
2022-07-29 12:00:00,2022-07-29 12:00:00,298.9979,25.8479,ERCO
2022-07-29 13:00:00,2022-07-29 13:00:00,299.41916,26.269165,ERCO
2022-07-29 14:00:00,2022-07-29 14:00:00,300.3387,27.18872,ERCO
2022-07-29 15:00:00,2022-07-29 15:00:00,301.5739,28.42392,ERCO
2022-07-29 16:00:00,2022-07-29 16:00:00,302.9615,29.811493,ERCO
2022-07-29 17:00:00,2022-07-29 17:00:00,304.36258,31.212585,ERCO
2022-07-29 18:00:00,2022-07-29 18:00:00,305.65054,32.50055,ERCO
2022-07-29 19:00:00,2022-07-29 19:00:00,306.69424,33.54425,ERCO
2022-07-29 20:00:00,2022-07-29 20:00:00,307.46832,34.31833,ERCO
2022-07-29 21:00:00,2022-07-29 21:00:00,307.97836,34.82837,ERCO
2022-07-29 22:00:00,2022-07-29 22:00:00,308.22772,35.07773,ERCO
2022-07-29 23:00:00,2022-07-29 23:00:00,308.2182,35.068207,ERCO
2022-07-30 00:00:00,2022-07-30 00:00:00,307.90112,34.75113,ERCO
2022-07-30 01:00:00,2022-07-30 01:00:00,307.20987,34.059875,ERCO
2022-07-30 02:00:00,2022-07-30 02:00:00,306.21732,33.06732,ERCO
2022-07-30 03:00:00,2022-07-30 03:00:00,305.2348,32.08481,ERCO
2022-07-30 04:00:00,2022-07-30 04:00:00,304.3283,31.178314,ERCO
2022-07-30 05:00:00,2022-07-30 05:00:00,303.49902,30.34903,ERCO
2022-07-30 06:00:00,2022-07-30 06:00:00,302.76352,29.613525,ERCO
2022-07-30 07:00:00,2022-07-30 07:00:00,302.05148,28.90149,ERCO
2022-07-30 08:00:00,2022-07-30 08:00:00,301.35324,28.203247,ERCO
2022-07-30 09:00:00,2022-07-30 09:00:00,300.70093,27.550934,ERCO
2022-07-30 10:00:00,2022-07-30 10:00:00,300.11197,26.961975,ERCO
2022-07-30 11:00:00,2022-07-30 11:00:00,299.5718,26.421814,ERCO
2022-07-30 12:00:00,2022-07-30 12:00:00,299.08017,25.930176,ERCO
2022-07-30 13:00:00,2022-07-30 13:00:00,299.48276,26.332764,ERCO
2022-07-30 14:00:00,2022-07-30 14:00:00,300.4321,27.282104,ERCO
2022-07-30 15:00:00,2022-07-30 15:00:00,301.69946,28.549469,ERCO
2022-07-30 16:00:00,2022-07-30 16:00:00,303.13077,29.980774,ERCO
2022-07-30 17:00:00,2022-07-30 17:00:00,304.56888,31.418884,ERCO
2022-07-30 18:00:00,2022-07-30 18:00:00,305.83902,32.689026,ERCO
2022-07-30 19:00:00,2022-07-30 19:00:00,306.75244,33.602448,ERCO
2022-07-30 20:00:00,2022-07-30 20:00:00,307.4504,34.300415,ERCO
2022-07-30 21:00:00,2022-07-30 21:00:00,307.9317,34.781708,ERCO
2022-07-30 22:00:00,2022-07-30 22:00:00,308.173,35.02301,ERCO
2022-07-30 23:00:00,2022-07-30 23:00:00,308.1934,35.043396,ERCO
2022-07-31 00:00:00,2022-07-31 00:00:00,307.95493,34.80493,ERCO
2022-07-31 01:00:00,2022-07-31 01:00:00,307.31702,34.167023,ERCO
2022-07-31 02:00:00,2022-07-31 02:00:00,306.37357,33.22357,ERCO
2022-07-31 03:00:00,2022-07-31 03:00:00,305.45776,32.30777,ERCO
2022-07-31 04:00:00,2022-07-31 04:00:00,304.58856,31.438568,ERCO
2022-07-31 05:00:00,2022-07-31 05:00:00,303.76895,30.618958,ERCO
2022-07-31 06:00:00,2022-07-31 06:00:00,302.9567,29.806702,ERCO
2022-07-31 07:00:00,2022-07-31 07:00:00,302.17233,29.022339,ERCO
2022-07-31 08:00:00,2022-07-31 08:00:00,301.4249,28.274902,ERCO
2022-07-31 09:00:00,2022-07-31 09:00:00,300.72296,27.572968,ERCO
2022-07-31 10:00:00,2022-07-31 10:00:00,300.08197,26.931976,ERCO
2022-07-31 11:00:00,2022-07-31 11:00:00,299.4906,26.340607,ERCO
2022-07-31 12:00:00,2022-07-31 12:00:00,298.96732,25.817322,ERCO
2022-07-31 13:00:00,2022-07-31 13:00:00,299.40253,26.252533,ERCO
2022-07-31 14:00:00,2022-07-31 14:00:00,300.48584,27.335846,ERCO
2022-07-31 15:00:00,2022-07-31 15:00:00,301.8607,28.710693,ERCO
2022-07-31 16:00:00,2022-07-31 16:00:00,303.41776,30.267761,ERCO
2022-07-31 17:00:00,2022-07-31 17:00:00,304.9246,31.774597,ERCO
2022-07-31 18:00:00,2022-07-31 18:00:00,306.2326,33.08261,ERCO
2022-07-31 19:00:00,2022-07-31 19:00:00,307.29266,34.14267,ERCO
2022-07-31 20:00:00,2022-07-31 20:00:00,308.06552,34.915527,ERCO
2022-07-31 21:00:00,2022-07-31 21:00:00,308.59644,35.44644,ERCO
2022-07-31 22:00:00,2022-07-31 22:00:00,308.84818,35.69818,ERCO
2022-07-31 23:00:00,2022-07-31 23:00:00,308.80298,35.652985,ERCO
2022-08-01 00:00:00,2022-08-01 00:00:00,308.44766,35.29767,ERCO
2022-08-01 01:00:00,2022-08-01 01:00:00,307.71704,34.567047,ERCO
2022-08-01 02:00:00,2022-08-01 02:00:00,306.67203,33.522034,ERCO
2022-08-01 03:00:00,2022-08-01 03:00:00,305.7044,32.554413,ERCO
2022-08-01 04:00:00,2022-08-01 04:00:00,304.80438,31.654388,ERCO
2022-08-01 05:00:00,2022-08-01 05:00:00,303.93405,30.784058,ERCO
2022-08-01 06:00:00,2022-08-01 06:00:00,303.05664,29.906647,ERCO
2022-08-01 07:00:00,2022-08-01 07:00:00,302.1977,29.047699,ERCO
2022-08-01 08:00:00,2022-08-01 08:00:00,301.39978,28.249786,ERCO
2022-08-01 09:00:00,2022-08-01 09:00:00,300.70068,27.55069,ERCO
2022-08-01 10:00:00,2022-08-01 10:00:00,300.0802,26.930206,ERCO
2022-08-01 11:00:00,2022-08-01 11:00:00,299.5201,26.370117,ERCO
2022-08-01 12:00:00,2022-08-01 12:00:00,299.0092,25.859192,ERCO
2022-08-01 13:00:00,2022-08-01 13:00:00,299.39618,26.246185,ERCO
2022-08-01 14:00:00,2022-08-01 14:00:00,300.29892,27.148926,ERCO
2022-08-01 15:00:00,2022-08-01 15:00:00,301.51025,28.36026,ERCO
2022-08-01 16:00:00,2022-08-01 16:00:00,302.87878,29.72879,ERCO
2022-08-01 17:00:00,2022-08-01 17:00:00,304.26297,31.112976,ERCO
2022-08-01 18:00:00,2022-08-01 18:00:00,305.5353,32.385315,ERCO
2022-08-01 19:00:00,2022-08-01 19:00:00,306.58035,33.43036,ERCO
2022-08-01 20:00:00,2022-08-01 20:00:00,307.3722,34.2222,ERCO
2022-08-01 21:00:00,2022-08-01 21:00:00,307.9101,34.7601,ERCO
2022-08-01 22:00:00,2022-08-01 22:00:00,308.1649,35.014893,ERCO
2022-08-01 23:00:00,2022-08-01 23:00:00,308.14502,34.995026,ERCO
2022-08-02 00:00:00,2022-08-02 00:00:00,307.80408,34.654083,ERCO
2022-08-02 01:00:00,2022-08-02 01:00:00,307.14746,33.997467,ERCO
2022-08-02 02:00:00,2022-08-02 02:00:00,306.20477,33.05478,ERCO
2022-08-02 03:00:00,2022-08-02 03:00:00,305.3351,32.18512,ERCO
2022-08-02 04:00:00,2022-08-02 04:00:00,304.48737,31.337372,ERCO
2022-08-02 05:00:00,2022-08-02 05:00:00,303.7,30.550018,ERCO
2022-08-02 06:00:00,2022-08-02 06:00:00,302.9544,29.804413,ERCO
2022-08-02 07:00:00,2022-08-02 07:00:00,302.22272,29.072723,ERCO
2022-08-02 08:00:00,2022-08-02 08:00:00,301.53546,28.385468,ERCO
2022-08-02 09:00:00,2022-08-02 09:00:00,300.92224,27.772247,ERCO
2022-08-02 10:00:00,2022-08-02 10:00:00,300.35544,27.205444,ERCO
2022-08-02 11:00:00,2022-08-02 11:00:00,299.84903,26.699036,ERCO
2022-08-02 12:00:00,2022-08-02 12:00:00,299.39056,26.24057,ERCO
2022-08-02 13:00:00,2022-08-02 13:00:00,299.7983,26.648315,ERCO
2022-08-02 14:00:00,2022-08-02 14:00:00,300.70706,27.557068,ERCO
2022-08-02 15:00:00,2022-08-02 15:00:00,301.9627,28.812714,ERCO
2022-08-02 16:00:00,2022-08-02 16:00:00,303.3953,30.2453,ERCO
2022-08-02 17:00:00,2022-08-02 17:00:00,304.83276,31.68277,ERCO
2022-08-02 18:00:00,2022-08-02 18:00:00,306.15182,33.00183,ERCO
2022-08-02 19:00:00,2022-08-02 19:00:00,307.26886,34.118866,ERCO
2022-08-02 20:00:00,2022-08-02 20:00:00,308.1427,34.992706,ERCO
2022-08-02 21:00:00,2022-08-02 21:00:00,308.7661,35.61612,ERCO
2022-08-02 22:00:00,2022-08-02 22:00:00,309.1285,35.978516,ERCO
2022-08-02 23:00:00,2022-08-02 23:00:00,309.16766,36.01767,ERCO
2022-08-03 00:00:00,2022-08-03 00:00:00,308.84265,35.692657,ERCO
2022-08-03 01:00:00,2022-08-03 01:00:00,308.104,34.95401,ERCO
2022-08-03 02:00:00,2022-08-03 02:00:00,307.05206,33.90207,ERCO
2022-08-03 03:00:00,2022-08-03 03:00:00,306.07724,32.927246,ERCO
2022-08-03 04:00:00,2022-08-03 04:00:00,305.14865,31.998657,ERCO
2022-08-03 05:00:00,2022-08-03 05:00:00,304.28983,31.139832,ERCO
2022-08-03 06:00:00,2022-08-03 06:00:00,303.4612,30.311218,ERCO
2022-08-03 07:00:00,2022-08-03 07:00:00,302.65036,29.500366,ERCO
2022-08-03 08:00:00,2022-08-03 08:00:00,301.8658,28.71582,ERCO
2022-08-03 09:00:00,2022-08-03 09:00:00,301.13892,27.988922,ERCO
2022-08-03 10:00:00,2022-08-03 10:00:00,300.4723,27.322296,ERCO
2022-08-03 11:00:00,2022-08-03 11:00:00,299.9297,26.779694,ERCO
2022-08-03 12:00:00,2022-08-03 12:00:00,299.43243,26.28244,ERCO
2022-08-03 13:00:00,2022-08-03 13:00:00,299.73413,26.584137,ERCO
2022-08-03 14:00:00,2022-08-03 14:00:00,300.62198,27.471985,ERCO
2022-08-03 15:00:00,2022-08-03 15:00:00,301.97922,28.829224,ERCO
2022-08-03 16:00:00,2022-08-03 16:00:00,303.60635,30.45636,ERCO
2022-08-03 17:00:00,2022-08-03 17:00:00,305.26733,32.11734,ERCO
2022-08-03 18:00:00,2022-08-03 18:00:00,306.7831,33.633118,ERCO
2022-08-03 19:00:00,2022-08-03 19:00:00,308.027,34.877014,ERCO
2022-08-03 20:00:00,2022-08-03 20:00:00,308.93832,35.78833,ERCO
2022-08-03 21:00:00,2022-08-03 21:00:00,309.5512,36.401215,ERCO
2022-08-03 22:00:00,2022-08-03 22:00:00,309.86612,36.716125,ERCO
2022-08-03 23:00:00,2022-08-03 23:00:00,309.85718,36.707184,ERCO
2022-08-04 00:00:00,2022-08-04 00:00:00,309.48834,36.33835,ERCO
2022-08-04 01:00:00,2022-08-04 01:00:00,308.65207,35.502075,ERCO
2022-08-04 02:00:00,2022-08-04 02:00:00,307.4732,34.32321,ERCO
2022-08-04 03:00:00,2022-08-04 03:00:00,306.42575,33.275757,ERCO
2022-08-04 04:00:00,2022-08-04 04:00:00,305.4484,32.2984,ERCO
2022-08-04 05:00:00,2022-08-04 05:00:00,304.50165,31.351654,ERCO
2022-08-04 06:00:00,2022-08-04 06:00:00,303.57727,30.427277,ERCO
2022-08-04 07:00:00,2022-08-04 07:00:00,302.7211,29.571106,ERCO
2022-08-04 08:00:00,2022-08-04 08:00:00,301.91086,28.760864,ERCO
2022-08-04 09:00:00,2022-08-04 09:00:00,301.1662,28.016205,ERCO
2022-08-04 10:00:00,2022-08-04 10:00:00,300.4844,27.334412,ERCO
2022-08-04 11:00:00,2022-08-04 11:00:00,299.91077,26.760773,ERCO
2022-08-04 12:00:00,2022-08-04 12:00:00,299.40103,26.251038,ERCO
2022-08-04 13:00:00,2022-08-04 13:00:00,299.756,26.606018,ERCO
2022-08-04 14:00:00,2022-08-04 14:00:00,300.70245,27.55246,ERCO
2022-08-04 15:00:00,2022-08-04 15:00:00,302.06494,28.914948,ERCO
2022-08-04 16:00:00,2022-08-04 16:00:00,303.6563,30.506317,ERCO
2022-08-04 17:00:00,2022-08-04 17:00:00,305.27087,32.12088,ERCO
2022-08-04 18:00:00,2022-08-04 18:00:00,306.75253,33.60254,ERCO
2022-08-04 19:00:00,2022-08-04 19:00:00,307.96478,34.81479,ERCO
2022-08-04 20:00:00,2022-08-04 20:00:00,308.686,35.53601,ERCO
2022-08-04 21:00:00,2022-08-04 21:00:00,308.9978,35.84781,ERCO
2022-08-04 22:00:00,2022-08-04 22:00:00,309.05948,35.909485,ERCO
2022-08-04 23:00:00,2022-08-04 23:00:00,308.8242,35.674194,ERCO
2022-08-05 00:00:00,2022-08-05 00:00:00,308.2242,35.07422,ERCO
2022-08-05 01:00:00,2022-08-05 01:00:00,307.34357,34.193573,ERCO
2022-08-05 02:00:00,2022-08-05 02:00:00,306.2532,33.10321,ERCO
2022-08-05 03:00:00,2022-08-05 03:00:00,305.2678,32.117798,ERCO
2022-08-05 04:00:00,2022-08-05 04:00:00,304.39438,31.244385,ERCO
2022-08-05 05:00:00,2022-08-05 05:00:00,303.57074,30.420746,ERCO
2022-08-05 06:00:00,2022-08-05 06:00:00,302.7802,29.630219,ERCO
2022-08-05 07:00:00,2022-08-05 07:00:00,302.0394,28.889404,ERCO
2022-08-05 08:00:00,2022-08-05 08:00:00,301.3779,28.227905,ERCO
2022-08-05 09:00:00,2022-08-05 09:00:00,300.8136,27.663605,ERCO
2022-08-05 10:00:00,2022-08-05 10:00:00,300.31622,27.16623,ERCO
2022-08-05 11:00:00,2022-08-05 11:00:00,299.86905,26.719055,ERCO
2022-08-05 12:00:00,2022-08-05 12:00:00,299.4421,26.292114,ERCO
2022-08-05 13:00:00,2022-08-05 13:00:00,299.66577,26.515778,ERCO
2022-08-05 14:00:00,2022-08-05 14:00:00,300.56888,27.418884,ERCO
2022-08-05 15:00:00,2022-08-05 15:00:00,301.8049,28.654907,ERCO
2022-08-05 16:00:00,2022-08-05 16:00:00,303.2173,30.067291,ERCO
2022-08-05 17:00:00,2022-08-05 17:00:00,304.61536,31.465363,ERCO
2022-08-05 18:00:00,2022-08-05 18:00:00,305.86365,32.713654,ERCO
2022-08-05 19:00:00,2022-08-05 19:00:00,306.8787,33.7287,ERCO
2022-08-05 20:00:00,2022-08-05 20:00:00,307.59476,34.444763,ERCO
2022-08-05 21:00:00,2022-08-05 21:00:00,307.9866,34.83661,ERCO
2022-08-05 22:00:00,2022-08-05 22:00:00,308.14566,34.995667,ERCO
2022-08-05 23:00:00,2022-08-05 23:00:00,307.95618,34.806183,ERCO
2022-08-06 00:00:00,2022-08-06 00:00:00,307.4082,34.25821,ERCO
2022-08-06 01:00:00,2022-08-06 01:00:00,306.46527,33.315277,ERCO
2022-08-06 02:00:00,2022-08-06 02:00:00,305.36917,32.219177,ERCO
2022-08-06 03:00:00,2022-08-06 03:00:00,304.42633,31.276337,ERCO
2022-08-06 04:00:00,2022-08-06 04:00:00,303.59766,30.447662,ERCO
2022-08-06 05:00:00,2022-08-06 05:00:00,302.8322,29.68222,ERCO
2022-08-06 06:00:00,2022-08-06 06:00:00,302.11887,28.968872,ERCO
2022-08-06 07:00:00,2022-08-06 07:00:00,301.4377,28.28772,ERCO
2022-08-06 08:00:00,2022-08-06 08:00:00,300.78958,27.639587,ERCO
2022-08-06 09:00:00,2022-08-06 09:00:00,300.20523,27.055237,ERCO
2022-08-06 10:00:00,2022-08-06 10:00:00,299.67102,26.521027,ERCO
2022-08-06 11:00:00,2022-08-06 11:00:00,299.19827,26.048279,ERCO
2022-08-06 12:00:00,2022-08-06 12:00:00,298.76562,25.615631,ERCO
2022-08-06 13:00:00,2022-08-06 13:00:00,299.15283,26.002838,ERCO
2022-08-06 14:00:00,2022-08-06 14:00:00,300.2023,27.052307,ERCO
2022-08-06 15:00:00,2022-08-06 15:00:00,301.4444,28.294403,ERCO
2022-08-06 16:00:00,2022-08-06 16:00:00,302.77737,29.62738,ERCO
2022-08-06 17:00:00,2022-08-06 17:00:00,304.0319,30.881897,ERCO
2022-08-06 18:00:00,2022-08-06 18:00:00,305.10434,31.954346,ERCO
2022-08-06 19:00:00,2022-08-06 19:00:00,305.98267,32.832672,ERCO
2022-08-06 20:00:00,2022-08-06 20:00:00,306.6198,33.46982,ERCO
2022-08-06 21:00:00,2022-08-06 21:00:00,306.9576,33.807617,ERCO
2022-08-06 22:00:00,2022-08-06 22:00:00,307.03976,33.88977,ERCO
2022-08-06 23:00:00,2022-08-06 23:00:00,306.93027,33.780273,ERCO
2022-08-07 00:00:00,2022-08-07 00:00:00,306.54022,33.39023,ERCO
2022-08-07 01:00:00,2022-08-07 01:00:00,305.83365,32.683655,ERCO
2022-08-07 02:00:00,2022-08-07 02:00:00,304.96875,31.818756,ERCO
2022-08-07 03:00:00,2022-08-07 03:00:00,304.16617,31.016174,ERCO
2022-08-07 04:00:00,2022-08-07 04:00:00,303.35608,30.206085,ERCO
2022-08-07 05:00:00,2022-08-07 05:00:00,302.57718,29.427185,ERCO
2022-08-07 06:00:00,2022-08-07 06:00:00,301.86118,28.711182,ERCO
2022-08-07 07:00:00,2022-08-07 07:00:00,301.185,28.035004,ERCO
2022-08-07 08:00:00,2022-08-07 08:00:00,300.53015,27.380157,ERCO
2022-08-07 09:00:00,2022-08-07 09:00:00,299.9093,26.759308,ERCO
2022-08-07 10:00:00,2022-08-07 10:00:00,299.33032,26.180328,ERCO
2022-08-07 11:00:00,2022-08-07 11:00:00,298.8093,25.659302,ERCO
2022-08-07 12:00:00,2022-08-07 12:00:00,298.3495,25.199493,ERCO
2022-08-07 13:00:00,2022-08-07 13:00:00,298.78784,25.637848,ERCO
2022-08-07 14:00:00,2022-08-07 14:00:00,299.81046,26.660461,ERCO
2022-08-07 15:00:00,2022-08-07 15:00:00,300.97397,27.823975,ERCO
2022-08-07 16:00:00,2022-08-07 16:00:00,302.2717,29.121704,ERCO
2022-08-07 17:00:00,2022-08-07 17:00:00,303.57254,30.422546,ERCO
2022-08-07 18:00:00,2022-08-07 18:00:00,304.77136,31.621368,ERCO
2022-08-07 19:00:00,2022-08-07 19:00:00,305.74255,32.59256,ERCO
2022-08-07 20:00:00,2022-08-07 20:00:00,306.45273,33.302734,ERCO
2022-08-07 21:00:00,2022-08-07 21:00:00,306.9572,33.80722,ERCO
2022-08-07 22:00:00,2022-08-07 22:00:00,307.22708,34.077087,ERCO
2022-08-07 23:00:00,2022-08-07 23:00:00,307.22467,34.074677,ERCO
2022-08-08 00:00:00,2022-08-08 00:00:00,306.8955,33.745514,ERCO
2022-08-08 01:00:00,2022-08-08 01:00:00,306.23782,33.08783,ERCO
2022-08-08 02:00:00,2022-08-08 02:00:00,305.40213,32.252136,ERCO
2022-08-08 03:00:00,2022-08-08 03:00:00,304.60678,31.456787,ERCO
2022-08-08 04:00:00,2022-08-08 04:00:00,303.80035,30.65036,ERCO
2022-08-08 05:00:00,2022-08-08 05:00:00,303.03564,29.88565,ERCO
2022-08-08 06:00:00,2022-08-08 06:00:00,302.29767,29.147675,ERCO
2022-08-08 07:00:00,2022-08-08 07:00:00,301.57285,28.422852,ERCO
2022-08-08 08:00:00,2022-08-08 08:00:00,300.8731,27.723114,ERCO
2022-08-08 09:00:00,2022-08-08 09:00:00,300.2054,27.05542,ERCO
2022-08-08 10:00:00,2022-08-08 10:00:00,299.60065,26.450653,ERCO
2022-08-08 11:00:00,2022-08-08 11:00:00,299.06836,25.918365,ERCO
2022-08-08 12:00:00,2022-08-08 12:00:00,298.60605,25.456055,ERCO
2022-08-08 13:00:00,2022-08-08 13:00:00,299.02774,25.877747,ERCO
2022-08-08 14:00:00,2022-08-08 14:00:00,300.0918,26.941803,ERCO
2022-08-08 15:00:00,2022-08-08 15:00:00,301.36688,28.216888,ERCO
2022-08-08 16:00:00,2022-08-08 16:00:00,302.7574,29.607391,ERCO
2022-08-08 17:00:00,2022-08-08 17:00:00,304.1051,30.955109,ERCO
2022-08-08 18:00:00,2022-08-08 18:00:00,305.29773,32.147736,ERCO
2022-08-08 19:00:00,2022-08-08 19:00:00,306.236,33.086,ERCO
2022-08-08 20:00:00,2022-08-08 20:00:00,306.87488,33.724884,ERCO
2022-08-08 21:00:00,2022-08-08 21:00:00,307.23773,34.087738,ERCO
2022-08-08 22:00:00,2022-08-08 22:00:00,307.36908,34.219086,ERCO
2022-08-08 23:00:00,2022-08-08 23:00:00,307.2206,34.070618,ERCO
2022-08-09 00:00:00,2022-08-09 00:00:00,306.82556,33.675568,ERCO
2022-08-09 01:00:00,2022-08-09 01:00:00,306.15268,33.002686,ERCO
2022-08-09 02:00:00,2022-08-09 02:00:00,305.30484,32.154846,ERCO
2022-08-09 03:00:00,2022-08-09 03:00:00,304.53754,31.387543,ERCO
2022-08-09 04:00:00,2022-08-09 04:00:00,303.77136,30.621368,ERCO
2022-08-09 05:00:00,2022-08-09 05:00:00,303.033,29.882996,ERCO
2022-08-09 06:00:00,2022-08-09 06:00:00,302.27826,29.128265,ERCO
2022-08-09 07:00:00,2022-08-09 07:00:00,301.53607,28.386078,ERCO
2022-08-09 08:00:00,2022-08-09 08:00:00,300.84775,27.697754,ERCO
2022-08-09 09:00:00,2022-08-09 09:00:00,300.24103,27.091034,ERCO
2022-08-09 10:00:00,2022-08-09 10:00:00,299.6783,26.52832,ERCO
2022-08-09 11:00:00,2022-08-09 11:00:00,299.1908,26.040802,ERCO
2022-08-09 12:00:00,2022-08-09 12:00:00,298.74576,25.595764,ERCO
2022-08-09 13:00:00,2022-08-09 13:00:00,299.19644,26.046448,ERCO
2022-08-09 14:00:00,2022-08-09 14:00:00,300.36832,27.218323,ERCO
2022-08-09 15:00:00,2022-08-09 15:00:00,301.7367,28.5867,ERCO
2022-08-09 16:00:00,2022-08-09 16:00:00,303.17355,30.02356,ERCO
2022-08-09 17:00:00,2022-08-09 17:00:00,304.53876,31.388763,ERCO
2022-08-09 18:00:00,2022-08-09 18:00:00,305.69577,32.545776,ERCO
2022-08-09 19:00:00,2022-08-09 19:00:00,306.58105,33.43106,ERCO
2022-08-09 20:00:00,2022-08-09 20:00:00,307.15616,34.006165,ERCO
2022-08-09 21:00:00,2022-08-09 21:00:00,307.5115,34.36151,ERCO
2022-08-09 22:00:00,2022-08-09 22:00:00,307.6315,34.481506,ERCO
2022-08-09 23:00:00,2022-08-09 23:00:00,307.52618,34.37619,ERCO
2022-08-10 00:00:00,2022-08-10 00:00:00,307.11575,33.96576,ERCO
2022-08-10 01:00:00,2022-08-10 01:00:00,306.33118,33.181183,ERCO
2022-08-10 02:00:00,2022-08-10 02:00:00,305.40756,32.25757,ERCO
2022-08-10 03:00:00,2022-08-10 03:00:00,304.55396,31.403961,ERCO
2022-08-10 04:00:00,2022-08-10 04:00:00,303.76562,30.615631,ERCO
2022-08-10 05:00:00,2022-08-10 05:00:00,303.05194,29.901947,ERCO
2022-08-10 06:00:00,2022-08-10 06:00:00,302.39056,29.24057,ERCO
2022-08-10 07:00:00,2022-08-10 07:00:00,301.75244,28.602448,ERCO
2022-08-10 08:00:00,2022-08-10 08:00:00,301.1463,27.996307,ERCO
2022-08-10 09:00:00,2022-08-10 09:00:00,300.59204,27.442047,ERCO
2022-08-10 10:00:00,2022-08-10 10:00:00,300.09216,26.94217,ERCO
2022-08-10 11:00:00,2022-08-10 11:00:00,299.6521,26.502106,ERCO
2022-08-10 12:00:00,2022-08-10 12:00:00,299.24634,26.096344,ERCO
2022-08-10 13:00:00,2022-08-10 13:00:00,299.61398,26.46399,ERCO
2022-08-10 14:00:00,2022-08-10 14:00:00,300.78012,27.630127,ERCO
2022-08-10 15:00:00,2022-08-10 15:00:00,302.17236,29.02237,ERCO
2022-08-10 16:00:00,2022-08-10 16:00:00,303.60272,30.452728,ERCO
2022-08-10 17:00:00,2022-08-10 17:00:00,304.95114,31.801147,ERCO
2022-08-10 18:00:00,2022-08-10 18:00:00,306.07678,32.92679,ERCO
2022-08-10 19:00:00,2022-08-10 19:00:00,306.8499,33.69992,ERCO
2022-08-10 20:00:00,2022-08-10 20:00:00,307.35352,34.20352,ERCO
2022-08-10 21:00:00,2022-08-10 21:00:00,307.5892,34.43921,ERCO
2022-08-10 22:00:00,2022-08-10 22:00:00,307.53973,34.38974,ERCO
2022-08-10 23:00:00,2022-08-10 23:00:00,307.11298,33.962982,ERCO
2022-08-11 00:00:00,2022-08-11 00:00:00,306.44342,33.293427,ERCO
2022-08-11 01:00:00,2022-08-11 01:00:00,305.4987,32.348694,ERCO
2022-08-11 02:00:00,2022-08-11 02:00:00,304.4393,31.289307,ERCO
2022-08-11 03:00:00,2022-08-11 03:00:00,303.53442,30.38443,ERCO
2022-08-11 04:00:00,2022-08-11 04:00:00,302.80887,29.658875,ERCO
2022-08-11 05:00:00,2022-08-11 05:00:00,302.16995,29.019958,ERCO
2022-08-11 06:00:00,2022-08-11 06:00:00,301.59418,28.444183,ERCO
2022-08-11 07:00:00,2022-08-11 07:00:00,301.07645,27.926453,ERCO
2022-08-11 08:00:00,2022-08-11 08:00:00,300.5812,27.431213,ERCO
2022-08-11 09:00:00,2022-08-11 09:00:00,300.1133,26.963318,ERCO
2022-08-11 10:00:00,2022-08-11 10:00:00,299.6652,26.515198,ERCO
2022-08-11 11:00:00,2022-08-11 11:00:00,299.25848,26.10849,ERCO
2022-08-11 12:00:00,2022-08-11 12:00:00,298.8869,25.736908,ERCO
2022-08-11 13:00:00,2022-08-11 13:00:00,299.14987,25.999878,ERCO
2022-08-11 14:00:00,2022-08-11 14:00:00,300.38068,27.230682,ERCO
2022-08-11 15:00:00,2022-08-11 15:00:00,301.74655,28.596558,ERCO
2022-08-11 16:00:00,2022-08-11 16:00:00,303.0765,29.926514,ERCO
2022-08-11 17:00:00,2022-08-11 17:00:00,304.30847,31.158478,ERCO
2022-08-11 18:00:00,2022-08-11 18:00:00,305.35284,32.20285,ERCO
2022-08-11 19:00:00,2022-08-11 19:00:00,306.1176,32.96762,ERCO
2022-08-11 20:00:00,2022-08-11 20:00:00,306.65378,33.503784,ERCO
2022-08-11 21:00:00,2022-08-11 21:00:00,307.07346,33.923462,ERCO
2022-08-11 22:00:00,2022-08-11 22:00:00,307.24716,34.097168,ERCO
2022-08-11 23:00:00,2022-08-11 23:00:00,307.07358,33.923584,ERCO
2022-08-12 00:00:00,2022-08-12 00:00:00,306.69473,33.54474,ERCO
2022-08-12 01:00:00,2022-08-12 01:00:00,305.9666,32.81662,ERCO
2022-08-12 02:00:00,2022-08-12 02:00:00,305.0547,31.904694,ERCO
2022-08-12 03:00:00,2022-08-12 03:00:00,304.2529,31.102905,ERCO
2022-08-12 04:00:00,2022-08-12 04:00:00,303.53525,30.385254,ERCO
2022-08-12 05:00:00,2022-08-12 05:00:00,302.86496,29.714966,ERCO
2022-08-12 06:00:00,2022-08-12 06:00:00,302.2622,29.112213,ERCO
2022-08-12 07:00:00,2022-08-12 07:00:00,301.71204,28.562042,ERCO
2022-08-12 08:00:00,2022-08-12 08:00:00,301.18143,28.031433,ERCO
2022-08-12 09:00:00,2022-08-12 09:00:00,300.6704,27.520416,ERCO
2022-08-12 10:00:00,2022-08-12 10:00:00,300.18802,27.038025,ERCO
2022-08-12 11:00:00,2022-08-12 11:00:00,299.7577,26.607697,ERCO
2022-08-12 12:00:00,2022-08-12 12:00:00,299.35,26.200012,ERCO
2022-08-12 13:00:00,2022-08-12 13:00:00,299.58682,26.436829,ERCO
2022-08-12 14:00:00,2022-08-12 14:00:00,300.67838,27.528381,ERCO
2022-08-12 15:00:00,2022-08-12 15:00:00,301.8905,28.740509,ERCO
2022-08-12 16:00:00,2022-08-12 16:00:00,303.06952,29.919525,ERCO
2022-08-12 17:00:00,2022-08-12 17:00:00,304.08307,30.933075,ERCO
2022-08-12 18:00:00,2022-08-12 18:00:00,304.7574,31.607391,ERCO
2022-08-12 19:00:00,2022-08-12 19:00:00,305.2711,32.121094,ERCO
2022-08-12 20:00:00,2022-08-12 20:00:00,305.63126,32.481262,ERCO
2022-08-12 21:00:00,2022-08-12 21:00:00,305.7919,32.641907,ERCO
2022-08-12 22:00:00,2022-08-12 22:00:00,305.69305,32.54306,ERCO
2022-08-12 23:00:00,2022-08-12 23:00:00,305.41788,32.267883,ERCO
2022-08-13 00:00:00,2022-08-13 00:00:00,305.07214,31.92215,ERCO
2022-08-13 01:00:00,2022-08-13 01:00:00,304.52167,31.371674,ERCO
2022-08-13 02:00:00,2022-08-13 02:00:00,303.87225,30.72226,ERCO
2022-08-13 03:00:00,2022-08-13 03:00:00,303.2813,30.131317,ERCO
2022-08-13 04:00:00,2022-08-13 04:00:00,302.69995,29.549957,ERCO
2022-08-13 05:00:00,2022-08-13 05:00:00,302.14523,28.99524,ERCO
2022-08-13 06:00:00,2022-08-13 06:00:00,301.61923,28.469238,ERCO
2022-08-13 07:00:00,2022-08-13 07:00:00,301.1168,27.966797,ERCO
2022-08-13 08:00:00,2022-08-13 08:00:00,300.6127,27.462708,ERCO
2022-08-13 09:00:00,2022-08-13 09:00:00,300.11755,26.96756,ERCO
2022-08-13 10:00:00,2022-08-13 10:00:00,299.66525,26.515259,ERCO
2022-08-13 11:00:00,2022-08-13 11:00:00,299.24988,26.099884,ERCO
2022-08-13 12:00:00,2022-08-13 12:00:00,298.8671,25.717102,ERCO
2022-08-13 13:00:00,2022-08-13 13:00:00,299.17932,26.029327,ERCO
2022-08-13 14:00:00,2022-08-13 14:00:00,300.25345,27.103455,ERCO
2022-08-13 15:00:00,2022-08-13 15:00:00,301.44943,28.299438,ERCO
2022-08-13 16:00:00,2022-08-13 16:00:00,302.53574,29.385742,ERCO
2022-08-13 17:00:00,2022-08-13 17:00:00,303.51407,30.364075,ERCO
2022-08-13 18:00:00,2022-08-13 18:00:00,304.3834,31.233398,ERCO
2022-08-13 19:00:00,2022-08-13 19:00:00,305.10184,31.951843,ERCO
2022-08-13 20:00:00,2022-08-13 20:00:00,305.66458,32.514587,ERCO
2022-08-13 21:00:00,2022-08-13 21:00:00,306.0901,32.940094,ERCO
2022-08-13 22:00:00,2022-08-13 22:00:00,306.31882,33.168823,ERCO
2022-08-13 23:00:00,2022-08-13 23:00:00,306.33917,33.18918,ERCO
2022-08-14 00:00:00,2022-08-14 00:00:00,306.08658,32.936584,ERCO
2022-08-14 01:00:00,2022-08-14 01:00:00,305.5171,32.367096,ERCO
2022-08-14 02:00:00,2022-08-14 02:00:00,304.80637,31.656372,ERCO
2022-08-14 03:00:00,2022-08-14 03:00:00,304.133,30.983002,ERCO
2022-08-14 04:00:00,2022-08-14 04:00:00,303.46384,30.313843,ERCO
2022-08-14 05:00:00,2022-08-14 05:00:00,302.81418,29.664185,ERCO
2022-08-14 06:00:00,2022-08-14 06:00:00,302.1666,29.016602,ERCO
2022-08-14 07:00:00,2022-08-14 07:00:00,301.4945,28.344513,ERCO
2022-08-14 08:00:00,2022-08-14 08:00:00,300.82266,27.672668,ERCO
2022-08-14 09:00:00,2022-08-14 09:00:00,300.2179,27.067902,ERCO
2022-08-14 10:00:00,2022-08-14 10:00:00,299.6857,26.535706,ERCO
2022-08-14 11:00:00,2022-08-14 11:00:00,299.22168,26.071686,ERCO
2022-08-14 12:00:00,2022-08-14 12:00:00,298.7962,25.64621,ERCO
2022-08-14 13:00:00,2022-08-14 13:00:00,299.03464,25.884644,ERCO
2022-08-14 14:00:00,2022-08-14 14:00:00,300.0218,26.871796,ERCO
2022-08-14 15:00:00,2022-08-14 15:00:00,301.15225,28.002258,ERCO
2022-08-14 16:00:00,2022-08-14 16:00:00,302.22644,29.076447,ERCO
2022-08-14 17:00:00,2022-08-14 17:00:00,303.22443,30.074432,ERCO
2022-08-14 18:00:00,2022-08-14 18:00:00,304.17206,31.022064,ERCO
2022-08-14 19:00:00,2022-08-14 19:00:00,304.99512,31.845123,ERCO
2022-08-14 20:00:00,2022-08-14 20:00:00,305.6646,32.514618,ERCO
2022-08-14 21:00:00,2022-08-14 21:00:00,306.14813,32.99814,ERCO
2022-08-14 22:00:00,2022-08-14 22:00:00,306.41727,33.267273,ERCO
2022-08-14 23:00:00,2022-08-14 23:00:00,306.4108,33.260803,ERCO
2022-08-15 00:00:00,2022-08-15 00:00:00,306.11557,32.965576,ERCO
2022-08-15 01:00:00,2022-08-15 01:00:00,305.55093,32.40094,ERCO
2022-08-15 02:00:00,2022-08-15 02:00:00,304.83994,31.689941,ERCO
2022-08-15 03:00:00,2022-08-15 03:00:00,304.12442,30.974426,ERCO
2022-08-15 04:00:00,2022-08-15 04:00:00,303.39032,30.240326,ERCO
2022-08-15 05:00:00,2022-08-15 05:00:00,302.65445,29.504456,ERCO
2022-08-15 06:00:00,2022-08-15 06:00:00,301.9493,28.799316,ERCO
2022-08-15 07:00:00,2022-08-15 07:00:00,301.26932,28.119324,ERCO
2022-08-15 08:00:00,2022-08-15 08:00:00,300.61737,27.467377,ERCO
2022-08-15 09:00:00,2022-08-15 09:00:00,300.02377,26.87378,ERCO
2022-08-15 10:00:00,2022-08-15 10:00:00,299.48538,26.335388,ERCO
2022-08-15 11:00:00,2022-08-15 11:00:00,299.0164,25.866394,ERCO
2022-08-15 12:00:00,2022-08-15 12:00:00,298.57584,25.425842,ERCO
2022-08-15 13:00:00,2022-08-15 13:00:00,298.8189,25.668915,ERCO
2022-08-15 14:00:00,2022-08-15 14:00:00,299.7082,26.558197,ERCO
2022-08-15 15:00:00,2022-08-15 15:00:00,300.8074,27.65741,ERCO
2022-08-15 16:00:00,2022-08-15 16:00:00,301.9854,28.835419,ERCO
2022-08-15 17:00:00,2022-08-15 17:00:00,303.16342,30.013428,ERCO
2022-08-15 18:00:00,2022-08-15 18:00:00,304.3093,31.159302,ERCO
2022-08-15 19:00:00,2022-08-15 19:00:00,305.29776,32.147766,ERCO
2022-08-15 20:00:00,2022-08-15 20:00:00,306.06277,32.91278,ERCO
2022-08-15 21:00:00,2022-08-15 21:00:00,306.59897,33.448975,ERCO
2022-08-15 22:00:00,2022-08-15 22:00:00,306.93777,33.78778,ERCO
2022-08-15 23:00:00,2022-08-15 23:00:00,306.98288,33.832886,ERCO
2022-08-16 00:00:00,2022-08-16 00:00:00,306.6831,33.53311,ERCO
2022-08-16 01:00:00,2022-08-16 01:00:00,306.02362,32.873627,ERCO
2022-08-16 02:00:00,2022-08-16 02:00:00,305.20486,32.05487,ERCO
2022-08-16 03:00:00,2022-08-16 03:00:00,304.40225,31.252258,ERCO
2022-08-16 04:00:00,2022-08-16 04:00:00,303.60303,30.453033,ERCO
2022-08-16 05:00:00,2022-08-16 05:00:00,302.84464,29.694641,ERCO
2022-08-16 06:00:00,2022-08-16 06:00:00,302.11588,28.965881,ERCO
2022-08-16 07:00:00,2022-08-16 07:00:00,301.37262,28.222626,ERCO
2022-08-16 08:00:00,2022-08-16 08:00:00,300.66904,27.519043,ERCO
2022-08-16 09:00:00,2022-08-16 09:00:00,300.03613,26.886139,ERCO
2022-08-16 10:00:00,2022-08-16 10:00:00,299.47214,26.322144,ERCO
2022-08-16 11:00:00,2022-08-16 11:00:00,298.97598,25.825989,ERCO
2022-08-16 12:00:00,2022-08-16 12:00:00,298.53015,25.380157,ERCO
2022-08-16 13:00:00,2022-08-16 13:00:00,298.84518,25.69519,ERCO
2022-08-16 14:00:00,2022-08-16 14:00:00,299.92255,26.772552,ERCO
2022-08-16 15:00:00,2022-08-16 15:00:00,301.14575,27.995758,ERCO
2022-08-16 16:00:00,2022-08-16 16:00:00,302.408,29.257996,ERCO
2022-08-16 17:00:00,2022-08-16 17:00:00,303.62415,30.474152,ERCO
2022-08-16 18:00:00,2022-08-16 18:00:00,304.76138,31.61139,ERCO
2022-08-16 19:00:00,2022-08-16 19:00:00,305.761,32.610992,ERCO
2022-08-16 20:00:00,2022-08-16 20:00:00,306.55255,33.402557,ERCO
2022-08-16 21:00:00,2022-08-16 21:00:00,307.14746,33.997467,ERCO
2022-08-16 22:00:00,2022-08-16 22:00:00,307.5094,34.359406,ERCO
2022-08-16 23:00:00,2022-08-16 23:00:00,307.5973,34.447296,ERCO
2022-08-17 00:00:00,2022-08-17 00:00:00,307.378,34.227997,ERCO
2022-08-17 01:00:00,2022-08-17 01:00:00,306.80084,33.65085,ERCO
2022-08-17 02:00:00,2022-08-17 02:00:00,306.01248,32.862488,ERCO
2022-08-17 03:00:00,2022-08-17 03:00:00,305.2083,32.05832,ERCO
2022-08-17 04:00:00,2022-08-17 04:00:00,304.4107,31.260712,ERCO
2022-08-17 05:00:00,2022-08-17 05:00:00,303.6632,30.513214,ERCO
2022-08-17 06:00:00,2022-08-17 06:00:00,302.92807,29.778076,ERCO
2022-08-17 07:00:00,2022-08-17 07:00:00,302.20914,29.059143,ERCO
2022-08-17 08:00:00,2022-08-17 08:00:00,301.52545,28.375458,ERCO
2022-08-17 09:00:00,2022-08-17 09:00:00,300.92734,27.777344,ERCO
2022-08-17 10:00:00,2022-08-17 10:00:00,300.39444,27.244446,ERCO
2022-08-17 11:00:00,2022-08-17 11:00:00,299.91022,26.760223,ERCO
2022-08-17 12:00:00,2022-08-17 12:00:00,299.47134,26.32135,ERCO
2022-08-17 13:00:00,2022-08-17 13:00:00,299.65402,26.504028,ERCO
2022-08-17 14:00:00,2022-08-17 14:00:00,300.54343,27.393433,ERCO
2022-08-17 15:00:00,2022-08-17 15:00:00,301.66754,28.517548,ERCO
2022-08-17 16:00:00,2022-08-17 16:00:00,302.88248,29.732483,ERCO
2022-08-17 17:00:00,2022-08-17 17:00:00,304.10236,30.952362,ERCO
2022-08-17 18:00:00,2022-08-17 18:00:00,305.23514,32.085144,ERCO
2022-08-17 19:00:00,2022-08-17 19:00:00,306.16788,33.017883,ERCO
2022-08-17 20:00:00,2022-08-17 20:00:00,306.8859,33.7359,ERCO
2022-08-17 21:00:00,2022-08-17 21:00:00,307.36142,34.211426,ERCO
2022-08-17 22:00:00,2022-08-17 22:00:00,307.5617,34.411713,ERCO
2022-08-17 23:00:00,2022-08-17 23:00:00,307.38058,34.23059,ERCO
2022-08-18 00:00:00,2022-08-18 00:00:00,306.80722,33.657227,ERCO
2022-08-18 01:00:00,2022-08-18 01:00:00,305.8903,32.740295,ERCO
2022-08-18 02:00:00,2022-08-18 02:00:00,304.89963,31.749634,ERCO
2022-08-18 03:00:00,2022-08-18 03:00:00,303.93716,30.78717,ERCO
2022-08-18 04:00:00,2022-08-18 04:00:00,302.99512,29.845123,ERCO
2022-08-18 05:00:00,2022-08-18 05:00:00,302.10394,28.953949,ERCO
2022-08-18 06:00:00,2022-08-18 06:00:00,301.2724,28.122406,ERCO
2022-08-18 07:00:00,2022-08-18 07:00:00,300.53217,27.382172,ERCO
2022-08-18 08:00:00,2022-08-18 08:00:00,299.87378,26.723785,ERCO
2022-08-18 09:00:00,2022-08-18 09:00:00,299.28674,26.13675,ERCO
2022-08-18 10:00:00,2022-08-18 10:00:00,298.77673,25.62674,ERCO
2022-08-18 11:00:00,2022-08-18 11:00:00,298.33417,25.184174,ERCO
2022-08-18 12:00:00,2022-08-18 12:00:00,297.9881,24.838104,ERCO
2022-08-18 13:00:00,2022-08-18 13:00:00,298.01294,24.862946,ERCO
2022-08-18 14:00:00,2022-08-18 14:00:00,298.6034,25.4534,ERCO
2022-08-18 15:00:00,2022-08-18 15:00:00,299.42963,26.279633,ERCO
2022-08-18 16:00:00,2022-08-18 16:00:00,300.29922,27.149231,ERCO
2022-08-18 17:00:00,2022-08-18 17:00:00,301.18253,28.032532,ERCO
2022-08-18 18:00:00,2022-08-18 18:00:00,301.97372,28.82373,ERCO
2022-08-18 19:00:00,2022-08-18 19:00:00,302.7489,29.598907,ERCO
2022-08-18 20:00:00,2022-08-18 20:00:00,303.3808,30.230804,ERCO
2022-08-18 21:00:00,2022-08-18 21:00:00,303.81824,30.668243,ERCO
2022-08-18 22:00:00,2022-08-18 22:00:00,304.06992,30.919922,ERCO
2022-08-18 23:00:00,2022-08-18 23:00:00,304.07956,30.929565,ERCO
2022-08-19 00:00:00,2022-08-19 00:00:00,303.8106,30.660614,ERCO
2022-08-19 01:00:00,2022-08-19 01:00:00,303.17877,30.028778,ERCO
2022-08-19 02:00:00,2022-08-19 02:00:00,302.4336,29.2836,ERCO
2022-08-19 03:00:00,2022-08-19 03:00:00,301.77927,28.629272,ERCO
2022-08-19 04:00:00,2022-08-19 04:00:00,301.15912,28.009125,ERCO
2022-08-19 05:00:00,2022-08-19 05:00:00,300.6155,27.465515,ERCO
2022-08-19 06:00:00,2022-08-19 06:00:00,300.11945,26.969452,ERCO
2022-08-19 07:00:00,2022-08-19 07:00:00,299.6507,26.500702,ERCO
2022-08-19 08:00:00,2022-08-19 08:00:00,299.20316,26.053162,ERCO
2022-08-19 09:00:00,2022-08-19 09:00:00,298.7782,25.628204,ERCO
2022-08-19 10:00:00,2022-08-19 10:00:00,298.38995,25.23996,ERCO
2022-08-19 11:00:00,2022-08-19 11:00:00,298.0463,24.896301,ERCO
2022-08-19 12:00:00,2022-08-19 12:00:00,297.73022,24.58023,ERCO
2022-08-19 13:00:00,2022-08-19 13:00:00,297.91116,24.76117,ERCO
2022-08-19 14:00:00,2022-08-19 14:00:00,298.84778,25.697784,ERCO
2022-08-19 15:00:00,2022-08-19 15:00:00,299.96176,26.811768,ERCO
2022-08-19 16:00:00,2022-08-19 16:00:00,301.1177,27.967712,ERCO
2022-08-19 17:00:00,2022-08-19 17:00:00,302.25064,29.100647,ERCO
2022-08-19 18:00:00,2022-08-19 18:00:00,303.27826,30.128265,ERCO
2022-08-19 19:00:00,2022-08-19 19:00:00,304.08792,30.937927,ERCO
2022-08-19 20:00:00,2022-08-19 20:00:00,304.6698,31.519806,ERCO
2022-08-19 21:00:00,2022-08-19 21:00:00,304.95825,31.808258,ERCO
2022-08-19 22:00:00,2022-08-19 22:00:00,305.0291,31.87912,ERCO
2022-08-19 23:00:00,2022-08-19 23:00:00,304.80322,31.653229,ERCO
2022-08-20 00:00:00,2022-08-20 00:00:00,304.2734,31.123413,ERCO
2022-08-20 01:00:00,2022-08-20 01:00:00,303.44263,30.292633,ERCO
2022-08-20 02:00:00,2022-08-20 02:00:00,302.59372,29.443726,ERCO
2022-08-20 03:00:00,2022-08-20 03:00:00,301.887,28.737,ERCO
2022-08-20 04:00:00,2022-08-20 04:00:00,301.2623,28.112305,ERCO
2022-08-20 05:00:00,2022-08-20 05:00:00,300.73328,27.583282,ERCO
2022-08-20 06:00:00,2022-08-20 06:00:00,300.25446,27.104462,ERCO
2022-08-20 07:00:00,2022-08-20 07:00:00,299.8087,26.658691,ERCO
2022-08-20 08:00:00,2022-08-20 08:00:00,299.3996,26.249603,ERCO
2022-08-20 09:00:00,2022-08-20 09:00:00,299.0313,25.881317,ERCO
2022-08-20 10:00:00,2022-08-20 10:00:00,298.69843,25.548431,ERCO
2022-08-20 11:00:00,2022-08-20 11:00:00,298.40594,25.25595,ERCO
2022-08-20 12:00:00,2022-08-20 12:00:00,298.14874,24.998749,ERCO
2022-08-20 13:00:00,2022-08-20 13:00:00,298.41888,25.26889,ERCO
2022-08-20 14:00:00,2022-08-20 14:00:00,299.2495,26.099518,ERCO
2022-08-20 15:00:00,2022-08-20 15:00:00,300.2604,27.110413,ERCO
2022-08-20 16:00:00,2022-08-20 16:00:00,301.3582,28.20819,ERCO
2022-08-20 17:00:00,2022-08-20 17:00:00,302.41898,29.268982,ERCO
2022-08-20 18:00:00,2022-08-20 18:00:00,303.41553,30.265533,ERCO
2022-08-20 19:00:00,2022-08-20 19:00:00,304.16046,31.010468,ERCO
2022-08-20 20:00:00,2022-08-20 20:00:00,304.55795,31.407959,ERCO
2022-08-20 21:00:00,2022-08-20 21:00:00,304.7942,31.644196,ERCO
2022-08-20 22:00:00,2022-08-20 22:00:00,304.8464,31.696411,ERCO
2022-08-20 23:00:00,2022-08-20 23:00:00,304.60617,31.456177,ERCO
2022-08-21 00:00:00,2022-08-21 00:00:00,304.09085,30.940857,ERCO
2022-08-21 01:00:00,2022-08-21 01:00:00,303.2945,30.1445,ERCO
2022-08-21 02:00:00,2022-08-21 02:00:00,302.48508,29.335083,ERCO
2022-08-21 03:00:00,2022-08-21 03:00:00,301.76547,28.615479,ERCO
2022-08-21 04:00:00,2022-08-21 04:00:00,301.06744,27.91745,ERCO
2022-08-21 05:00:00,2022-08-21 05:00:00,300.42038,27.270386,ERCO
2022-08-21 06:00:00,2022-08-21 06:00:00,299.85455,26.70456,ERCO
2022-08-21 07:00:00,2022-08-21 07:00:00,299.35635,26.20636,ERCO
2022-08-21 08:00:00,2022-08-21 08:00:00,298.93362,25.78363,ERCO
2022-08-21 09:00:00,2022-08-21 09:00:00,298.60416,25.454163,ERCO
2022-08-21 10:00:00,2022-08-21 10:00:00,298.34332,25.193329,ERCO
2022-08-21 11:00:00,2022-08-21 11:00:00,298.099,24.949005,ERCO
2022-08-21 12:00:00,2022-08-21 12:00:00,297.85834,24.708344,ERCO
2022-08-21 13:00:00,2022-08-21 13:00:00,297.92453,24.774536,ERCO
2022-08-21 14:00:00,2022-08-21 14:00:00,298.38562,25.235626,ERCO
2022-08-21 15:00:00,2022-08-21 15:00:00,299.0922,25.9422,ERCO
2022-08-21 16:00:00,2022-08-21 16:00:00,299.95834,26.80835,ERCO
2022-08-21 17:00:00,2022-08-21 17:00:00,300.83298,27.682983,ERCO
2022-08-21 18:00:00,2022-08-21 18:00:00,301.61655,28.466553,ERCO
2022-08-21 19:00:00,2022-08-21 19:00:00,302.2154,29.0654,ERCO
2022-08-21 20:00:00,2022-08-21 20:00:00,302.6245,29.474518,ERCO
2022-08-21 21:00:00,2022-08-21 21:00:00,302.8824,29.732391,ERCO
2022-08-21 22:00:00,2022-08-21 22:00:00,302.91074,29.760742,ERCO
2022-08-21 23:00:00,2022-08-21 23:00:00,302.72147,29.571472,ERCO
2022-08-22 00:00:00,2022-08-22 00:00:00,302.24762,29.097626,ERCO
2022-08-22 01:00:00,2022-08-22 01:00:00,301.55624,28.40625,ERCO
2022-08-22 02:00:00,2022-08-22 02:00:00,300.89102,27.741028,ERCO
2022-08-22 03:00:00,2022-08-22 03:00:00,300.3402,27.190216,ERCO
2022-08-22 04:00:00,2022-08-22 04:00:00,299.86548,26.715485,ERCO
2022-08-22 05:00:00,2022-08-22 05:00:00,299.45316,26.303162,ERCO
2022-08-22 06:00:00,2022-08-22 06:00:00,299.1065,25.956512,ERCO
2022-08-22 07:00:00,2022-08-22 07:00:00,298.82147,25.671478,ERCO
2022-08-22 08:00:00,2022-08-22 08:00:00,298.55783,25.407837,ERCO
2022-08-22 09:00:00,2022-08-22 09:00:00,298.32394,25.17395,ERCO
2022-08-22 10:00:00,2022-08-22 10:00:00,298.1113,24.961304,ERCO
2022-08-22 11:00:00,2022-08-22 11:00:00,297.9281,24.778107,ERCO
2022-08-22 12:00:00,2022-08-22 12:00:00,297.73056,24.580566,ERCO
2022-08-22 13:00:00,2022-08-22 13:00:00,297.74304,24.593048,ERCO
2022-08-22 14:00:00,2022-08-22 14:00:00,298.10333,24.953339,ERCO
2022-08-22 15:00:00,2022-08-22 15:00:00,298.66943,25.51944,ERCO
2022-08-22 16:00:00,2022-08-22 16:00:00,299.36377,26.213776,ERCO
2022-08-22 17:00:00,2022-08-22 17:00:00,300.1178,26.967804,ERCO
2022-08-22 18:00:00,2022-08-22 18:00:00,300.78433,27.634338,ERCO
2022-08-22 19:00:00,2022-08-22 19:00:00,301.29147,28.14148,ERCO
2022-08-22 20:00:00,2022-08-22 20:00:00,301.56732,28.417328,ERCO
2022-08-22 21:00:00,2022-08-22 21:00:00,301.70605,28.55606,ERCO
2022-08-22 22:00:00,2022-08-22 22:00:00,301.6154,28.465393,ERCO
2022-08-22 23:00:00,2022-08-22 23:00:00,301.4232,28.273193,ERCO
2022-08-23 00:00:00,2022-08-23 00:00:00,300.9599,27.809906,ERCO
2022-08-23 01:00:00,2022-08-23 01:00:00,300.33328,27.183289,ERCO
2022-08-23 02:00:00,2022-08-23 02:00:00,299.69922,26.549225,ERCO
2022-08-23 03:00:00,2022-08-23 03:00:00,299.19797,26.047974,ERCO
2022-08-23 04:00:00,2022-08-23 04:00:00,298.80487,25.654877,ERCO
2022-08-23 05:00:00,2022-08-23 05:00:00,298.49606,25.34607,ERCO
2022-08-23 06:00:00,2022-08-23 06:00:00,298.25256,25.10257,ERCO
2022-08-23 07:00:00,2022-08-23 07:00:00,298.0234,24.873413,ERCO
2022-08-23 08:00:00,2022-08-23 08:00:00,297.8168,24.66681,ERCO
2022-08-23 09:00:00,2022-08-23 09:00:00,297.6217,24.47171,ERCO
2022-08-23 10:00:00,2022-08-23 10:00:00,297.4363,24.286316,ERCO
2022-08-23 11:00:00,2022-08-23 11:00:00,297.25482,24.104828,ERCO
2022-08-23 12:00:00,2022-08-23 12:00:00,297.076,23.925995,ERCO
2022-08-23 13:00:00,2022-08-23 13:00:00,297.14563,23.995636,ERCO
2022-08-23 14:00:00,2022-08-23 14:00:00,297.62637,24.47638,ERCO
2022-08-23 15:00:00,2022-08-23 15:00:00,298.27277,25.122772,ERCO
2022-08-23 16:00:00,2022-08-23 16:00:00,298.9853,25.835297,ERCO
2022-08-23 17:00:00,2022-08-23 17:00:00,299.7613,26.611298,ERCO
2022-08-23 18:00:00,2022-08-23 18:00:00,300.53018,27.380188,ERCO
2022-08-23 19:00:00,2022-08-23 19:00:00,301.18784,28.037842,ERCO
2022-08-23 20:00:00,2022-08-23 20:00:00,301.71008,28.56009,ERCO
2022-08-23 21:00:00,2022-08-23 21:00:00,302.0475,28.897491,ERCO
2022-08-23 22:00:00,2022-08-23 22:00:00,302.24368,29.093689,ERCO
2022-08-23 23:00:00,2022-08-23 23:00:00,302.2755,29.125519,ERCO
2022-08-24 00:00:00,2022-08-24 00:00:00,302.0849,28.934906,ERCO
2022-08-24 01:00:00,2022-08-24 01:00:00,301.59415,28.444153,ERCO
2022-08-24 02:00:00,2022-08-24 02:00:00,300.99448,27.844482,ERCO
2022-08-24 03:00:00,2022-08-24 03:00:00,300.439,27.289001,ERCO
2022-08-24 04:00:00,2022-08-24 04:00:00,299.9038,26.753815,ERCO
2022-08-24 05:00:00,2022-08-24 05:00:00,299.4085,26.258514,ERCO
2022-08-24 06:00:00,2022-08-24 06:00:00,298.95575,25.805756,ERCO
2022-08-24 07:00:00,2022-08-24 07:00:00,298.53067,25.380676,ERCO
2022-08-24 08:00:00,2022-08-24 08:00:00,298.14154,24.991547,ERCO
2022-08-24 09:00:00,2022-08-24 09:00:00,297.7788,24.628815,ERCO
2022-08-24 10:00:00,2022-08-24 10:00:00,297.46802,24.318024,ERCO
2022-08-24 11:00:00,2022-08-24 11:00:00,297.20743,24.057434,ERCO
2022-08-24 12:00:00,2022-08-24 12:00:00,296.9562,23.806213,ERCO
2022-08-24 13:00:00,2022-08-24 13:00:00,297.07352,23.923523,ERCO
2022-08-24 14:00:00,2022-08-24 14:00:00,297.8673,24.717316,ERCO
2022-08-24 15:00:00,2022-08-24 15:00:00,298.748,25.597992,ERCO
2022-08-24 16:00:00,2022-08-24 16:00:00,299.62228,26.47229,ERCO
2022-08-24 17:00:00,2022-08-24 17:00:00,300.4581,27.308105,ERCO
2022-08-24 18:00:00,2022-08-24 18:00:00,301.2277,28.077698,ERCO
2022-08-24 19:00:00,2022-08-24 19:00:00,301.87994,28.72995,ERCO
2022-08-24 20:00:00,2022-08-24 20:00:00,302.37897,29.228973,ERCO
2022-08-24 21:00:00,2022-08-24 21:00:00,302.6858,29.535797,ERCO
2022-08-24 22:00:00,2022-08-24 22:00:00,302.82074,29.670746,ERCO
2022-08-24 23:00:00,2022-08-24 23:00:00,302.73672,29.586731,ERCO
2022-08-25 00:00:00,2022-08-25 00:00:00,302.39032,29.240326,ERCO
2022-08-25 01:00:00,2022-08-25 01:00:00,301.7761,28.626099,ERCO
2022-08-25 02:00:00,2022-08-25 02:00:00,301.16846,28.018463,ERCO
2022-08-25 03:00:00,2022-08-25 03:00:00,300.65845,27.508453,ERCO
2022-08-25 04:00:00,2022-08-25 04:00:00,300.17224,27.022247,ERCO
2022-08-25 05:00:00,2022-08-25 05:00:00,299.71786,26.567871,ERCO
2022-08-25 06:00:00,2022-08-25 06:00:00,299.2849,26.134918,ERCO
2022-08-25 07:00:00,2022-08-25 07:00:00,298.88168,25.73169,ERCO
2022-08-25 08:00:00,2022-08-25 08:00:00,298.50894,25.358948,ERCO
2022-08-25 09:00:00,2022-08-25 09:00:00,298.1623,25.012299,ERCO
2022-08-25 10:00:00,2022-08-25 10:00:00,297.84042,24.69043,ERCO
2022-08-25 11:00:00,2022-08-25 11:00:00,297.55252,24.402527,ERCO
2022-08-25 12:00:00,2022-08-25 12:00:00,297.28168,24.131683,ERCO
2022-08-25 13:00:00,2022-08-25 13:00:00,297.4454,24.29541,ERCO
2022-08-25 14:00:00,2022-08-25 14:00:00,298.36182,25.211823,ERCO
2022-08-25 15:00:00,2022-08-25 15:00:00,299.35373,26.203735,ERCO
2022-08-25 16:00:00,2022-08-25 16:00:00,300.28195,27.131958,ERCO
2022-08-25 17:00:00,2022-08-25 17:00:00,301.06845,27.918457,ERCO
2022-08-25 18:00:00,2022-08-25 18:00:00,301.6982,28.548218,ERCO
2022-08-25 19:00:00,2022-08-25 19:00:00,302.25433,29.10434,ERCO
2022-08-25 20:00:00,2022-08-25 20:00:00,302.63315,29.483154,ERCO
2022-08-25 21:00:00,2022-08-25 21:00:00,302.89844,29.748444,ERCO
2022-08-25 22:00:00,2022-08-25 22:00:00,303.05368,29.903687,ERCO
2022-08-25 23:00:00,2022-08-25 23:00:00,303.07504,29.925049,ERCO
2022-08-26 00:00:00,2022-08-26 00:00:00,302.88165,29.731659,ERCO
2022-08-26 01:00:00,2022-08-26 01:00:00,302.4014,29.251404,ERCO
2022-08-26 02:00:00,2022-08-26 02:00:00,301.7937,28.643707,ERCO
2022-08-26 03:00:00,2022-08-26 03:00:00,301.22668,28.07669,ERCO
2022-08-26 04:00:00,2022-08-26 04:00:00,300.67123,27.52124,ERCO
2022-08-26 05:00:00,2022-08-26 05:00:00,300.12653,26.976532,ERCO
2022-08-26 06:00:00,2022-08-26 06:00:00,299.61057,26.460571,ERCO
2022-08-26 07:00:00,2022-08-26 07:00:00,299.14624,25.996246,ERCO
2022-08-26 08:00:00,2022-08-26 08:00:00,298.71698,25.566986,ERCO
2022-08-26 09:00:00,2022-08-26 09:00:00,298.32077,25.170776,ERCO
2022-08-26 10:00:00,2022-08-26 10:00:00,297.95886,24.808868,ERCO
2022-08-26 11:00:00,2022-08-26 11:00:00,297.64172,24.49173,ERCO
2022-08-26 12:00:00,2022-08-26 12:00:00,297.35828,24.208282,ERCO
2022-08-26 13:00:00,2022-08-26 13:00:00,297.54532,24.395325,ERCO
2022-08-26 14:00:00,2022-08-26 14:00:00,298.64713,25.497131,ERCO
2022-08-26 15:00:00,2022-08-26 15:00:00,299.82758,26.677582,ERCO
2022-08-26 16:00:00,2022-08-26 16:00:00,300.91452,27.764526,ERCO
2022-08-26 17:00:00,2022-08-26 17:00:00,301.77148,28.62149,ERCO
2022-08-26 18:00:00,2022-08-26 18:00:00,302.446,29.29602,ERCO
2022-08-26 19:00:00,2022-08-26 19:00:00,303.0091,29.8591,ERCO
2022-08-26 20:00:00,2022-08-26 20:00:00,303.43817,30.288177,ERCO
2022-08-26 21:00:00,2022-08-26 21:00:00,303.73657,30.586578,ERCO
2022-08-26 22:00:00,2022-08-26 22:00:00,303.8953,30.7453,ERCO
2022-08-26 23:00:00,2022-08-26 23:00:00,303.8499,30.69992,ERCO
2022-08-27 00:00:00,2022-08-27 00:00:00,303.55475,30.404755,ERCO
2022-08-27 01:00:00,2022-08-27 01:00:00,302.97217,29.822174,ERCO
2022-08-27 02:00:00,2022-08-27 02:00:00,302.3077,29.157715,ERCO
2022-08-27 03:00:00,2022-08-27 03:00:00,301.68646,28.536469,ERCO
2022-08-27 04:00:00,2022-08-27 04:00:00,301.0989,27.948914,ERCO
2022-08-27 05:00:00,2022-08-27 05:00:00,300.54547,27.395477,ERCO
2022-08-27 06:00:00,2022-08-27 06:00:00,300.00714,26.857147,ERCO
2022-08-27 07:00:00,2022-08-27 07:00:00,299.48138,26.33139,ERCO
2022-08-27 08:00:00,2022-08-27 08:00:00,299.0074,25.857391,ERCO
2022-08-27 09:00:00,2022-08-27 09:00:00,298.58026,25.430267,ERCO
2022-08-27 10:00:00,2022-08-27 10:00:00,298.2005,25.050507,ERCO
2022-08-27 11:00:00,2022-08-27 11:00:00,297.87283,24.72284,ERCO
2022-08-27 12:00:00,2022-08-27 12:00:00,297.55875,24.408752,ERCO
2022-08-27 13:00:00,2022-08-27 13:00:00,297.76474,24.614746,ERCO
2022-08-27 14:00:00,2022-08-27 14:00:00,298.71207,25.562073,ERCO
2022-08-27 15:00:00,2022-08-27 15:00:00,299.81522,26.665222,ERCO
2022-08-27 16:00:00,2022-08-27 16:00:00,300.93832,27.78833,ERCO
2022-08-27 17:00:00,2022-08-27 17:00:00,301.9652,28.815216,ERCO
2022-08-27 18:00:00,2022-08-27 18:00:00,302.8826,29.732605,ERCO
2022-08-27 19:00:00,2022-08-27 19:00:00,303.68362,30.53363,ERCO
2022-08-27 20:00:00,2022-08-27 20:00:00,304.31866,31.16867,ERCO
2022-08-27 21:00:00,2022-08-27 21:00:00,304.7005,31.550507,ERCO
2022-08-27 22:00:00,2022-08-27 22:00:00,304.82043,31.67044,ERCO
2022-08-27 23:00:00,2022-08-27 23:00:00,304.69983,31.549835,ERCO
2022-08-28 00:00:00,2022-08-28 00:00:00,304.30212,31.15213,ERCO
2022-08-28 01:00:00,2022-08-28 01:00:00,303.57428,30.424286,ERCO
2022-08-28 02:00:00,2022-08-28 02:00:00,302.80475,29.654755,ERCO
2022-08-28 03:00:00,2022-08-28 03:00:00,302.13495,28.984955,ERCO
2022-08-28 04:00:00,2022-08-28 04:00:00,301.53818,28.388184,ERCO
2022-08-28 05:00:00,2022-08-28 05:00:00,301.01566,27.865662,ERCO
2022-08-28 06:00:00,2022-08-28 06:00:00,300.54776,27.397766,ERCO
2022-08-28 07:00:00,2022-08-28 07:00:00,300.08005,26.930054,ERCO
2022-08-28 08:00:00,2022-08-28 08:00:00,299.6289,26.478912,ERCO
2022-08-28 09:00:00,2022-08-28 09:00:00,299.21393,26.063934,ERCO
2022-08-28 10:00:00,2022-08-28 10:00:00,298.85248,25.702484,ERCO
2022-08-28 11:00:00,2022-08-28 11:00:00,298.53055,25.380554,ERCO
2022-08-28 12:00:00,2022-08-28 12:00:00,298.23358,25.083588,ERCO
2022-08-28 13:00:00,2022-08-28 13:00:00,298.42514,25.275146,ERCO
2022-08-28 14:00:00,2022-08-28 14:00:00,299.2891,26.1391,ERCO
2022-08-28 15:00:00,2022-08-28 15:00:00,300.34888,27.198883,ERCO
2022-08-28 16:00:00,2022-08-28 16:00:00,301.56503,28.41504,ERCO
2022-08-28 17:00:00,2022-08-28 17:00:00,302.77893,29.628937,ERCO
2022-08-28 18:00:00,2022-08-28 18:00:00,303.89127,30.741272,ERCO
2022-08-28 19:00:00,2022-08-28 19:00:00,304.8378,31.687805,ERCO
2022-08-28 20:00:00,2022-08-28 20:00:00,305.52676,32.37677,ERCO
2022-08-28 21:00:00,2022-08-28 21:00:00,305.9296,32.779602,ERCO
2022-08-28 22:00:00,2022-08-28 22:00:00,305.92346,32.773468,ERCO
2022-08-28 23:00:00,2022-08-28 23:00:00,305.60873,32.45874,ERCO
2022-08-29 00:00:00,2022-08-29 00:00:00,304.94897,31.79898,ERCO
2022-08-29 01:00:00,2022-08-29 01:00:00,303.98038,30.830383,ERCO
2022-08-29 02:00:00,2022-08-29 02:00:00,303.0648,29.914795,ERCO
2022-08-29 03:00:00,2022-08-29 03:00:00,302.33005,29.180054,ERCO
2022-08-29 04:00:00,2022-08-29 04:00:00,301.68442,28.534424,ERCO
2022-08-29 05:00:00,2022-08-29 05:00:00,301.14078,27.990784,ERCO
2022-08-29 06:00:00,2022-08-29 06:00:00,300.67053,27.520538,ERCO
2022-08-29 07:00:00,2022-08-29 07:00:00,300.22345,27.073456,ERCO
2022-08-29 08:00:00,2022-08-29 08:00:00,299.77686,26.626862,ERCO
2022-08-29 09:00:00,2022-08-29 09:00:00,299.3356,26.185608,ERCO
2022-08-29 10:00:00,2022-08-29 10:00:00,298.93634,25.786346,ERCO
2022-08-29 11:00:00,2022-08-29 11:00:00,298.5716,25.4216,ERCO
2022-08-29 12:00:00,2022-08-29 12:00:00,298.2291,25.079102,ERCO
2022-08-29 13:00:00,2022-08-29 13:00:00,298.3068,25.1568,ERCO
2022-08-29 14:00:00,2022-08-29 14:00:00,299.0127,25.862701,ERCO
2022-08-29 15:00:00,2022-08-29 15:00:00,299.95776,26.80777,ERCO
2022-08-29 16:00:00,2022-08-29 16:00:00,301.00934,27.859344,ERCO
2022-08-29 17:00:00,2022-08-29 17:00:00,302.05505,28.90506,ERCO
2022-08-29 18:00:00,2022-08-29 18:00:00,303.00253,29.85254,ERCO
2022-08-29 19:00:00,2022-08-29 19:00:00,303.71967,30.569672,ERCO
2022-08-29 20:00:00,2022-08-29 20:00:00,304.24722,31.097229,ERCO
2022-08-29 21:00:00,2022-08-29 21:00:00,304.60327,31.453278,ERCO
2022-08-29 22:00:00,2022-08-29 22:00:00,304.74982,31.599823,ERCO
2022-08-29 23:00:00,2022-08-29 23:00:00,304.6889,31.53891,ERCO
2022-08-30 00:00:00,2022-08-30 00:00:00,304.3025,31.152496,ERCO
2022-08-30 01:00:00,2022-08-30 01:00:00,303.58817,30.438171,ERCO
2022-08-30 02:00:00,2022-08-30 02:00:00,302.76196,29.611969,ERCO
2022-08-30 03:00:00,2022-08-30 03:00:00,301.9557,28.805695,ERCO
2022-08-30 04:00:00,2022-08-30 04:00:00,301.21548,28.06549,ERCO
2022-08-30 05:00:00,2022-08-30 05:00:00,300.588,27.438019,ERCO
2022-08-30 06:00:00,2022-08-30 06:00:00,300.014,26.864014,ERCO
2022-08-30 07:00:00,2022-08-30 07:00:00,299.50964,26.35965,ERCO
2022-08-30 08:00:00,2022-08-30 08:00:00,299.07202,25.922028,ERCO
2022-08-30 09:00:00,2022-08-30 09:00:00,298.7417,25.591705,ERCO
2022-08-30 10:00:00,2022-08-30 10:00:00,298.47507,25.325073,ERCO
2022-08-30 11:00:00,2022-08-30 11:00:00,298.2386,25.088593,ERCO
2022-08-30 12:00:00,2022-08-30 12:00:00,298.01923,24.869232,ERCO
2022-08-30 13:00:00,2022-08-30 13:00:00,298.0225,24.872498,ERCO
2022-08-30 14:00:00,2022-08-30 14:00:00,298.48672,25.336731,ERCO
2022-08-30 15:00:00,2022-08-30 15:00:00,299.14493,25.994934,ERCO
2022-08-30 16:00:00,2022-08-30 16:00:00,299.81778,26.667786,ERCO
2022-08-30 17:00:00,2022-08-30 17:00:00,300.45343,27.303436,ERCO
2022-08-30 18:00:00,2022-08-30 18:00:00,301.00586,27.855865,ERCO
2022-08-30 19:00:00,2022-08-30 19:00:00,301.45105,28.301056,ERCO
2022-08-30 20:00:00,2022-08-30 20:00:00,301.77002,28.620026,ERCO
2022-08-30 21:00:00,2022-08-30 21:00:00,301.90518,28.755188,ERCO
2022-08-30 22:00:00,2022-08-30 22:00:00,301.80194,28.651947,ERCO
2022-08-30 23:00:00,2022-08-30 23:00:00,301.4325,28.282501,ERCO
2022-08-31 00:00:00,2022-08-31 00:00:00,300.90875,27.758759,ERCO
2022-08-31 01:00:00,2022-08-31 01:00:00,300.23697,27.086975,ERCO
2022-08-31 02:00:00,2022-08-31 02:00:00,299.67398,26.523987,ERCO
2022-08-31 03:00:00,2022-08-31 03:00:00,299.27393,26.123932,ERCO
2022-08-31 04:00:00,2022-08-31 04:00:00,298.94485,25.79486,ERCO
2022-08-31 05:00:00,2022-08-31 05:00:00,298.63693,25.486938,ERCO
2022-08-31 06:00:00,2022-08-31 06:00:00,298.36377,25.213776,ERCO
2022-08-31 07:00:00,2022-08-31 07:00:00,298.09543,24.945435,ERCO
2022-08-31 08:00:00,2022-08-31 08:00:00,297.8544,24.704407,ERCO
2022-08-31 09:00:00,2022-08-31 09:00:00,297.6277,24.477692,ERCO
2022-08-31 10:00:00,2022-08-31 10:00:00,297.4194,24.26941,ERCO
2022-08-31 11:00:00,2022-08-31 11:00:00,297.2299,24.079895,ERCO
2022-08-31 12:00:00,2022-08-31 12:00:00,297.0446,23.894592,ERCO
2022-08-31 13:00:00,2022-08-31 13:00:00,297.1619,24.011902,ERCO
2022-08-31 14:00:00,2022-08-31 14:00:00,297.8206,24.670593,ERCO
2022-08-31 15:00:00,2022-08-31 15:00:00,298.6153,25.465302,ERCO
2022-08-31 16:00:00,2022-08-31 16:00:00,299.46457,26.314575,ERCO
2022-08-31 17:00:00,2022-08-31 17:00:00,300.3189,27.168915,ERCO
2022-08-31 18:00:00,2022-08-31 18:00:00,301.11057,27.960571,ERCO
2022-08-31 19:00:00,2022-08-31 19:00:00,301.78763,28.637634,ERCO
2022-08-31 20:00:00,2022-08-31 20:00:00,302.28333,29.133331,ERCO
2022-08-31 21:00:00,2022-08-31 21:00:00,302.59015,29.440155,ERCO
2022-08-31 22:00:00,2022-08-31 22:00:00,302.69852,29.548523,ERCO
2022-08-31 23:00:00,2022-08-31 23:00:00,302.6593,29.509308,ERCO
2022-09-01 00:00:00,2022-09-01 00:00:00,302.34644,29.196442,ERCO
2022-09-01 01:00:00,2022-09-01 01:00:00,301.78122,28.631226,ERCO
2022-09-01 02:00:00,2022-09-01 02:00:00,301.22894,28.078949,ERCO
2022-09-01 03:00:00,2022-09-01 03:00:00,300.7859,27.635895,ERCO
2022-09-01 04:00:00,2022-09-01 04:00:00,300.34567,27.195679,ERCO
2022-09-01 05:00:00,2022-09-01 05:00:00,299.90775,26.757751,ERCO
2022-09-01 06:00:00,2022-09-01 06:00:00,299.49594,26.345947,ERCO
2022-09-01 07:00:00,2022-09-01 07:00:00,299.12082,25.970825,ERCO
2022-09-01 08:00:00,2022-09-01 08:00:00,298.7803,25.63031,ERCO
2022-09-01 09:00:00,2022-09-01 09:00:00,298.47153,25.321533,ERCO
2022-09-01 10:00:00,2022-09-01 10:00:00,298.18292,25.032928,ERCO
2022-09-01 11:00:00,2022-09-01 11:00:00,297.90936,24.759369,ERCO
2022-09-01 12:00:00,2022-09-01 12:00:00,297.6601,24.510101,ERCO
2022-09-01 13:00:00,2022-09-01 13:00:00,297.79282,24.642822,ERCO
2022-09-01 14:00:00,2022-09-01 14:00:00,298.57013,25.420135,ERCO
2022-09-01 15:00:00,2022-09-01 15:00:00,299.38882,26.23883,ERCO
2022-09-01 16:00:00,2022-09-01 16:00:00,300.17108,27.021088,ERCO
2022-09-01 17:00:00,2022-09-01 17:00:00,300.93124,27.78125,ERCO
2022-09-01 18:00:00,2022-09-01 18:00:00,301.57947,28.429474,ERCO
2022-09-01 19:00:00,2022-09-01 19:00:00,302.0542,28.904205,ERCO
2022-09-01 20:00:00,2022-09-01 20:00:00,302.39786,29.247864,ERCO
2022-09-01 21:00:00,2022-09-01 21:00:00,302.60477,29.454773,ERCO
2022-09-01 22:00:00,2022-09-01 22:00:00,302.6284,29.478394,ERCO
2022-09-01 23:00:00,2022-09-01 23:00:00,302.3758,29.2258,ERCO
2022-09-02 00:00:00,2022-09-02 00:00:00,301.88092,28.730927,ERCO
2022-09-02 01:00:00,2022-09-02 01:00:00,301.13162,27.981628,ERCO
2022-09-02 02:00:00,2022-09-02 02:00:00,300.43524,27.285248,ERCO
2022-09-02 03:00:00,2022-09-02 03:00:00,299.8924,26.742401,ERCO
2022-09-02 04:00:00,2022-09-02 04:00:00,299.3911,26.24112,ERCO
2022-09-02 05:00:00,2022-09-02 05:00:00,298.9325,25.782501,ERCO
2022-09-02 06:00:00,2022-09-02 06:00:00,298.53598,25.385986,ERCO
2022-09-02 07:00:00,2022-09-02 07:00:00,298.18326,25.033264,ERCO
2022-09-02 08:00:00,2022-09-02 08:00:00,297.87677,24.726776,ERCO
2022-09-02 09:00:00,2022-09-02 09:00:00,297.62335,24.473358,ERCO
2022-09-02 10:00:00,2022-09-02 10:00:00,297.3885,24.238495,ERCO
2022-09-02 11:00:00,2022-09-02 11:00:00,297.1787,24.028717,ERCO
2022-09-02 12:00:00,2022-09-02 12:00:00,296.97375,23.823761,ERCO
2022-09-02 13:00:00,2022-09-02 13:00:00,297.0615,23.911499,ERCO
2022-09-02 14:00:00,2022-09-02 14:00:00,297.7388,24.588806,ERCO
2022-09-02 15:00:00,2022-09-02 15:00:00,298.57187,25.421875,ERCO
2022-09-02 16:00:00,2022-09-02 16:00:00,299.51465,26.364655,ERCO
2022-09-02 17:00:00,2022-09-02 17:00:00,300.47983,27.329834,ERCO
2022-09-02 18:00:00,2022-09-02 18:00:00,301.34323,28.193237,ERCO
2022-09-02 19:00:00,2022-09-02 19:00:00,302.0271,28.877106,ERCO
2022-09-02 20:00:00,2022-09-02 20:00:00,302.53983,29.389832,ERCO
2022-09-02 21:00:00,2022-09-02 21:00:00,302.85516,29.70517,ERCO
2022-09-02 22:00:00,2022-09-02 22:00:00,302.93103,29.781036,ERCO
2022-09-02 23:00:00,2022-09-02 23:00:00,302.7969,29.646912,ERCO
2022-09-03 00:00:00,2022-09-03 00:00:00,302.35315,29.203156,ERCO
2022-09-03 01:00:00,2022-09-03 01:00:00,301.65417,28.50418,ERCO
2022-09-03 02:00:00,2022-09-03 02:00:00,300.96686,27.816864,ERCO
2022-09-03 03:00:00,2022-09-03 03:00:00,300.39664,27.246643,ERCO
2022-09-03 04:00:00,2022-09-03 04:00:00,299.8613,26.711304,ERCO
2022-09-03 05:00:00,2022-09-03 05:00:00,299.38574,26.235748,ERCO
2022-09-03 06:00:00,2022-09-03 06:00:00,298.9489,25.79892,ERCO
2022-09-03 07:00:00,2022-09-03 07:00:00,298.56107,25.411072,ERCO
2022-09-03 08:00:00,2022-09-03 08:00:00,298.2163,25.066315,ERCO
2022-09-03 09:00:00,2022-09-03 09:00:00,297.8993,24.749298,ERCO
2022-09-03 10:00:00,2022-09-03 10:00:00,297.61307,24.463074,ERCO
2022-09-03 11:00:00,2022-09-03 11:00:00,297.38403,24.23404,ERCO
2022-09-03 12:00:00,2022-09-03 12:00:00,297.19202,24.042023,ERCO
2022-09-03 13:00:00,2022-09-03 13:00:00,297.32794,24.177948,ERCO
2022-09-03 14:00:00,2022-09-03 14:00:00,298.22745,25.077454,ERCO
2022-09-03 15:00:00,2022-09-03 15:00:00,299.28223,26.132233,ERCO
2022-09-03 16:00:00,2022-09-03 16:00:00,300.3499,27.19992,ERCO
2022-09-03 17:00:00,2022-09-03 17:00:00,301.28198,28.131989,ERCO
2022-09-03 18:00:00,2022-09-03 18:00:00,302.02414,28.874146,ERCO
2022-09-03 19:00:00,2022-09-03 19:00:00,302.5825,29.432495,ERCO
2022-09-03 20:00:00,2022-09-03 20:00:00,302.9076,29.757599,ERCO
2022-09-03 21:00:00,2022-09-03 21:00:00,303.0986,29.948608,ERCO
2022-09-03 22:00:00,2022-09-03 22:00:00,303.11716,29.967163,ERCO
2022-09-03 23:00:00,2022-09-03 23:00:00,302.86234,29.712341,ERCO
2022-09-04 00:00:00,2022-09-04 00:00:00,302.39963,29.249634,ERCO
2022-09-04 01:00:00,2022-09-04 01:00:00,301.70413,28.554138,ERCO
2022-09-04 02:00:00,2022-09-04 02:00:00,300.9979,27.8479,ERCO
2022-09-04 03:00:00,2022-09-04 03:00:00,300.43207,27.282074,ERCO
2022-09-04 04:00:00,2022-09-04 04:00:00,299.93753,26.787537,ERCO
2022-09-04 05:00:00,2022-09-04 05:00:00,299.48575,26.335754,ERCO
2022-09-04 06:00:00,2022-09-04 06:00:00,299.07104,25.921051,ERCO
2022-09-04 07:00:00,2022-09-04 07:00:00,298.67334,25.523346,ERCO
2022-09-04 08:00:00,2022-09-04 08:00:00,298.30035,25.15036,ERCO
2022-09-04 09:00:00,2022-09-04 09:00:00,297.96298,24.812988,ERCO
2022-09-04 10:00:00,2022-09-04 10:00:00,297.6523,24.50232,ERCO
2022-09-04 11:00:00,2022-09-04 11:00:00,297.37415,24.224152,ERCO
2022-09-04 12:00:00,2022-09-04 12:00:00,297.10257,23.952576,ERCO
2022-09-04 13:00:00,2022-09-04 13:00:00,297.18594,24.03595,ERCO
2022-09-04 14:00:00,2022-09-04 14:00:00,298.1935,25.043518,ERCO
2022-09-04 15:00:00,2022-09-04 15:00:00,299.41534,26.26535,ERCO
2022-09-04 16:00:00,2022-09-04 16:00:00,300.57806,27.42807,ERCO
2022-09-04 17:00:00,2022-09-04 17:00:00,301.51593,28.365936,ERCO
2022-09-04 18:00:00,2022-09-04 18:00:00,302.27643,29.126434,ERCO
2022-09-04 19:00:00,2022-09-04 19:00:00,302.749,29.598999,ERCO
2022-09-04 20:00:00,2022-09-04 20:00:00,303.0061,29.85611,ERCO
2022-09-04 21:00:00,2022-09-04 21:00:00,303.0468,29.89682,ERCO
2022-09-04 22:00:00,2022-09-04 22:00:00,302.8794,29.7294,ERCO
2022-09-04 23:00:00,2022-09-04 23:00:00,302.58847,29.438477,ERCO
2022-09-05 00:00:00,2022-09-05 00:00:00,302.05823,28.908234,ERCO
2022-09-05 01:00:00,2022-09-05 01:00:00,301.3462,28.196198,ERCO
2022-09-05 02:00:00,2022-09-05 02:00:00,300.69598,27.54599,ERCO
2022-09-05 03:00:00,2022-09-05 03:00:00,300.15717,27.007172,ERCO
2022-09-05 04:00:00,2022-09-05 04:00:00,299.66006,26.51007,ERCO
2022-09-05 05:00:00,2022-09-05 05:00:00,299.16315,26.013153,ERCO
2022-09-05 06:00:00,2022-09-05 06:00:00,298.67758,25.527588,ERCO
2022-09-05 07:00:00,2022-09-05 07:00:00,298.22128,25.07129,ERCO
2022-09-05 08:00:00,2022-09-05 08:00:00,297.79233,24.642334,ERCO
2022-09-05 09:00:00,2022-09-05 09:00:00,297.39883,24.24884,ERCO
2022-09-05 10:00:00,2022-09-05 10:00:00,297.03677,23.88678,ERCO
2022-09-05 11:00:00,2022-09-05 11:00:00,296.70883,23.558838,ERCO
2022-09-05 12:00:00,2022-09-05 12:00:00,296.40207,23.252075,ERCO
2022-09-05 13:00:00,2022-09-05 13:00:00,296.49664,23.34665,ERCO
2022-09-05 14:00:00,2022-09-05 14:00:00,297.49908,24.34909,ERCO
2022-09-05 15:00:00,2022-09-05 15:00:00,298.6873,25.537292,ERCO
2022-09-05 16:00:00,2022-09-05 16:00:00,299.8833,26.733307,ERCO
2022-09-05 17:00:00,2022-09-05 17:00:00,300.8994,27.74942,ERCO
2022-09-05 18:00:00,2022-09-05 18:00:00,301.72275,28.572754,ERCO
2022-09-05 19:00:00,2022-09-05 19:00:00,302.31418,29.164185,ERCO
2022-09-05 20:00:00,2022-09-05 20:00:00,302.69638,29.546387,ERCO
2022-09-05 21:00:00,2022-09-05 21:00:00,302.88156,29.731567,ERCO
2022-09-05 22:00:00,2022-09-05 22:00:00,302.96512,29.815125,ERCO
2022-09-05 23:00:00,2022-09-05 23:00:00,302.83987,29.68988,ERCO
2022-09-06 00:00:00,2022-09-06 00:00:00,302.45535,29.305359,ERCO
2022-09-06 01:00:00,2022-09-06 01:00:00,301.79807,28.648071,ERCO
2022-09-06 02:00:00,2022-09-06 02:00:00,301.12518,27.97519,ERCO
2022-09-06 03:00:00,2022-09-06 03:00:00,300.50836,27.358368,ERCO
2022-09-06 04:00:00,2022-09-06 04:00:00,299.9142,26.764221,ERCO
2022-09-06 05:00:00,2022-09-06 05:00:00,299.34003,26.190033,ERCO
2022-09-06 06:00:00,2022-09-06 06:00:00,298.80466,25.654663,ERCO
2022-09-06 07:00:00,2022-09-06 07:00:00,298.29788,25.147888,ERCO
2022-09-06 08:00:00,2022-09-06 08:00:00,297.8294,24.679413,ERCO
2022-09-06 09:00:00,2022-09-06 09:00:00,297.39664,24.246643,ERCO
2022-09-06 10:00:00,2022-09-06 10:00:00,297.0054,23.855408,ERCO
2022-09-06 11:00:00,2022-09-06 11:00:00,296.67197,23.521973,ERCO
2022-09-06 12:00:00,2022-09-06 12:00:00,296.3694,23.21939,ERCO
2022-09-06 13:00:00,2022-09-06 13:00:00,296.51288,23.362885,ERCO
2022-09-06 14:00:00,2022-09-06 14:00:00,297.52423,24.374237,ERCO
2022-09-06 15:00:00,2022-09-06 15:00:00,298.7243,25.57431,ERCO
2022-09-06 16:00:00,2022-09-06 16:00:00,299.98703,26.837036,ERCO
2022-09-06 17:00:00,2022-09-06 17:00:00,301.16138,28.011383,ERCO
2022-09-06 18:00:00,2022-09-06 18:00:00,302.18582,29.035828,ERCO
2022-09-06 19:00:00,2022-09-06 19:00:00,303.0018,29.851807,ERCO
2022-09-06 20:00:00,2022-09-06 20:00:00,303.55417,30.404175,ERCO
2022-09-06 21:00:00,2022-09-06 21:00:00,303.92438,30.774384,ERCO
2022-09-06 22:00:00,2022-09-06 22:00:00,304.11655,30.966553,ERCO
2022-09-06 23:00:00,2022-09-06 23:00:00,304.08557,30.935577,ERCO
2022-09-07 00:00:00,2022-09-07 00:00:00,303.77356,30.623566,ERCO
2022-09-07 01:00:00,2022-09-07 01:00:00,303.13977,29.989777,ERCO
2022-09-07 02:00:00,2022-09-07 02:00:00,302.42963,29.279633,ERCO
2022-09-07 03:00:00,2022-09-07 03:00:00,301.75558,28.60559,ERCO
2022-09-07 04:00:00,2022-09-07 04:00:00,301.09897,27.948975,ERCO
2022-09-07 05:00:00,2022-09-07 05:00:00,300.45483,27.30484,ERCO
2022-09-07 06:00:00,2022-09-07 06:00:00,299.82965,26.679657,ERCO
2022-09-07 07:00:00,2022-09-07 07:00:00,299.25455,26.104553,ERCO
2022-09-07 08:00:00,2022-09-07 08:00:00,298.7291,25.579102,ERCO
2022-09-07 09:00:00,2022-09-07 09:00:00,298.24966,25.09967,ERCO
2022-09-07 10:00:00,2022-09-07 10:00:00,297.81934,24.669342,ERCO
2022-09-07 11:00:00,2022-09-07 11:00:00,297.42538,24.27539,ERCO
2022-09-07 12:00:00,2022-09-07 12:00:00,297.0609,23.91092,ERCO
2022-09-07 13:00:00,2022-09-07 13:00:00,297.07394,23.92395,ERCO
2022-09-07 14:00:00,2022-09-07 14:00:00,298.35867,25.20868,ERCO
2022-09-07 15:00:00,2022-09-07 15:00:00,299.86075,26.710754,ERCO
2022-09-07 16:00:00,2022-09-07 16:00:00,301.3006,28.150604,ERCO
2022-09-07 17:00:00,2022-09-07 17:00:00,302.52423,29.374237,ERCO
2022-09-07 18:00:00,2022-09-07 18:00:00,303.5023,30.352295,ERCO
2022-09-07 19:00:00,2022-09-07 19:00:00,304.24625,31.096252,ERCO
2022-09-07 20:00:00,2022-09-07 20:00:00,304.77594,31.625946,ERCO
2022-09-07 21:00:00,2022-09-07 21:00:00,305.1486,31.998596,ERCO
2022-09-07 22:00:00,2022-09-07 22:00:00,305.35312,32.203125,ERCO
2022-09-07 23:00:00,2022-09-07 23:00:00,305.33966,32.189667,ERCO
2022-09-08 00:00:00,2022-09-08 00:00:00,305.01483,31.864838,ERCO
2022-09-08 01:00:00,2022-09-08 01:00:00,304.30594,31.155945,ERCO
2022-09-08 02:00:00,2022-09-08 02:00:00,303.50177,30.351776,ERCO
2022-09-08 03:00:00,2022-09-08 03:00:00,302.71088,29.560883,ERCO
2022-09-08 04:00:00,2022-09-08 04:00:00,301.89655,28.746552,ERCO
2022-09-08 05:00:00,2022-09-08 05:00:00,301.11353,27.963531,ERCO
2022-09-08 06:00:00,2022-09-08 06:00:00,300.3863,27.236298,ERCO
2022-09-08 07:00:00,2022-09-08 07:00:00,299.71014,26.56015,ERCO
2022-09-08 08:00:00,2022-09-08 08:00:00,299.09546,25.945465,ERCO
2022-09-08 09:00:00,2022-09-08 09:00:00,298.51703,25.367035,ERCO
2022-09-08 10:00:00,2022-09-08 10:00:00,297.9755,24.8255,ERCO
2022-09-08 11:00:00,2022-09-08 11:00:00,297.47842,24.32843,ERCO
2022-09-08 12:00:00,2022-09-08 12:00:00,297.01038,23.860382,ERCO
2022-09-08 13:00:00,2022-09-08 13:00:00,296.9357,23.785706,ERCO
2022-09-08 14:00:00,2022-09-08 14:00:00,298.10907,24.959076,ERCO
2022-09-08 15:00:00,2022-09-08 15:00:00,299.51413,26.364136,ERCO
2022-09-08 16:00:00,2022-09-08 16:00:00,300.7776,27.627594,ERCO
2022-09-08 17:00:00,2022-09-08 17:00:00,301.80798,28.65799,ERCO
2022-09-08 18:00:00,2022-09-08 18:00:00,302.62875,29.47876,ERCO
2022-09-08 19:00:00,2022-09-08 19:00:00,303.25204,30.10205,ERCO
2022-09-08 20:00:00,2022-09-08 20:00:00,303.71814,30.568146,ERCO
2022-09-08 21:00:00,2022-09-08 21:00:00,304.0505,30.900513,ERCO
2022-09-08 22:00:00,2022-09-08 22:00:00,304.2094,31.059418,ERCO
2022-09-08 23:00:00,2022-09-08 23:00:00,304.16122,31.01123,ERCO
2022-09-09 00:00:00,2022-09-09 00:00:00,303.84293,30.692932,ERCO
2022-09-09 01:00:00,2022-09-09 01:00:00,303.20392,30.053925,ERCO
2022-09-09 02:00:00,2022-09-09 02:00:00,302.4761,29.32611,ERCO
2022-09-09 03:00:00,2022-09-09 03:00:00,301.732,28.582,ERCO
2022-09-09 04:00:00,2022-09-09 04:00:00,300.975,27.825012,ERCO
2022-09-09 05:00:00,2022-09-09 05:00:00,300.21118,27.061188,ERCO
2022-09-09 06:00:00,2022-09-09 06:00:00,299.45435,26.304352,ERCO
2022-09-09 07:00:00,2022-09-09 07:00:00,298.7635,25.613495,ERCO
2022-09-09 08:00:00,2022-09-09 08:00:00,298.12115,24.97116,ERCO
2022-09-09 09:00:00,2022-09-09 09:00:00,297.54504,24.39505,ERCO
2022-09-09 10:00:00,2022-09-09 10:00:00,297.0325,23.882507,ERCO
2022-09-09 11:00:00,2022-09-09 11:00:00,296.5744,23.424408,ERCO
2022-09-09 12:00:00,2022-09-09 12:00:00,296.1584,23.008392,ERCO
2022-09-09 13:00:00,2022-09-09 13:00:00,296.243,23.093018,ERCO
2022-09-09 14:00:00,2022-09-09 14:00:00,297.46365,24.31366,ERCO
2022-09-09 15:00:00,2022-09-09 15:00:00,298.9016,25.751617,ERCO
2022-09-09 16:00:00,2022-09-09 16:00:00,300.30157,27.15158,ERCO
2022-09-09 17:00:00,2022-09-09 17:00:00,301.46783,28.31784,ERCO
2022-09-09 18:00:00,2022-09-09 18:00:00,302.4133,29.263306,ERCO
2022-09-09 19:00:00,2022-09-09 19:00:00,303.15317,30.003174,ERCO
2022-09-09 20:00:00,2022-09-09 20:00:00,303.63184,30.481842,ERCO
2022-09-09 21:00:00,2022-09-09 21:00:00,303.96112,30.811127,ERCO
2022-09-09 22:00:00,2022-09-09 22:00:00,304.10522,30.95523,ERCO
2022-09-09 23:00:00,2022-09-09 23:00:00,304.02292,30.872925,ERCO
2022-09-10 00:00:00,2022-09-10 00:00:00,303.61063,30.460632,ERCO
2022-09-10 01:00:00,2022-09-10 01:00:00,302.83792,29.687927,ERCO
2022-09-10 02:00:00,2022-09-10 02:00:00,302.01685,28.866852,ERCO
2022-09-10 03:00:00,2022-09-10 03:00:00,301.2111,28.061096,ERCO
2022-09-10 04:00:00,2022-09-10 04:00:00,300.43073,27.280731,ERCO
2022-09-10 05:00:00,2022-09-10 05:00:00,299.6973,26.547302,ERCO
2022-09-10 06:00:00,2022-09-10 06:00:00,298.9853,25.835297,ERCO
2022-09-10 07:00:00,2022-09-10 07:00:00,298.30637,25.156372,ERCO
2022-09-10 08:00:00,2022-09-10 08:00:00,297.67722,24.527222,ERCO
2022-09-10 09:00:00,2022-09-10 09:00:00,297.10852,23.958527,ERCO
2022-09-10 10:00:00,2022-09-10 10:00:00,296.59586,23.445862,ERCO
2022-09-10 11:00:00,2022-09-10 11:00:00,296.1348,22.984802,ERCO
2022-09-10 12:00:00,2022-09-10 12:00:00,295.71356,22.563568,ERCO
2022-09-10 13:00:00,2022-09-10 13:00:00,295.68652,22.53653,ERCO
2022-09-10 14:00:00,2022-09-10 14:00:00,296.8932,23.743195,ERCO
2022-09-10 15:00:00,2022-09-10 15:00:00,298.27054,25.120544,ERCO
2022-09-10 16:00:00,2022-09-10 16:00:00,299.5699,26.419891,ERCO
2022-09-10 17:00:00,2022-09-10 17:00:00,300.75793,27.60794,ERCO
2022-09-10 18:00:00,2022-09-10 18:00:00,301.78152,28.63153,ERCO
2022-09-10 19:00:00,2022-09-10 19:00:00,302.59027,29.440277,ERCO
2022-09-10 20:00:00,2022-09-10 20:00:00,303.17102,30.021027,ERCO
2022-09-10 21:00:00,2022-09-10 21:00:00,303.51904,30.36905,ERCO
2022-09-10 22:00:00,2022-09-10 22:00:00,303.60196,30.451965,ERCO
2022-09-10 23:00:00,2022-09-10 23:00:00,303.38345,30.23346,ERCO
2022-09-11 00:00:00,2022-09-11 00:00:00,302.85242,29.702423,ERCO
2022-09-11 01:00:00,2022-09-11 01:00:00,302.01724,28.867249,ERCO
2022-09-11 02:00:00,2022-09-11 02:00:00,301.15988,28.009888,ERCO
2022-09-11 03:00:00,2022-09-11 03:00:00,300.33844,27.188446,ERCO
2022-09-11 04:00:00,2022-09-11 04:00:00,299.51575,26.365753,ERCO
2022-09-11 05:00:00,2022-09-11 05:00:00,298.73126,25.581268,ERCO
2022-09-11 06:00:00,2022-09-11 06:00:00,298.00238,24.852386,ERCO
2022-09-11 07:00:00,2022-09-11 07:00:00,297.33636,24.18637,ERCO
2022-09-11 08:00:00,2022-09-11 08:00:00,296.7279,23.577911,ERCO
2022-09-11 09:00:00,2022-09-11 09:00:00,296.1868,23.036804,ERCO
2022-09-11 10:00:00,2022-09-11 10:00:00,295.67883,22.52884,ERCO
2022-09-11 11:00:00,2022-09-11 11:00:00,295.1798,22.029816,ERCO
2022-09-11 12:00:00,2022-09-11 12:00:00,294.69742,21.547424,ERCO
2022-09-11 13:00:00,2022-09-11 13:00:00,294.54926,21.399261,ERCO
2022-09-11 14:00:00,2022-09-11 14:00:00,295.47232,22.322327,ERCO
2022-09-11 15:00:00,2022-09-11 15:00:00,296.5283,23.378296,ERCO
2022-09-11 16:00:00,2022-09-11 16:00:00,297.5986,24.448608,ERCO
2022-09-11 17:00:00,2022-09-11 17:00:00,298.64545,25.495453,ERCO
2022-09-11 18:00:00,2022-09-11 18:00:00,299.61438,26.464386,ERCO
2022-09-11 19:00:00,2022-09-11 19:00:00,300.46558,27.315582,ERCO
2022-09-11 20:00:00,2022-09-11 20:00:00,301.1595,28.009491,ERCO
2022-09-11 21:00:00,2022-09-11 21:00:00,301.65753,28.507538,ERCO
2022-09-11 22:00:00,2022-09-11 22:00:00,301.93732,28.787323,ERCO
2022-09-11 23:00:00,2022-09-11 23:00:00,301.97165,28.821655,ERCO
2022-09-12 00:00:00,2022-09-12 00:00:00,301.7231,28.57312,ERCO
2022-09-12 01:00:00,2022-09-12 01:00:00,301.1926,28.042603,ERCO
2022-09-12 02:00:00,2022-09-12 02:00:00,300.62466,27.47467,ERCO
2022-09-12 03:00:00,2022-09-12 03:00:00,300.00848,26.85849,ERCO
2022-09-12 04:00:00,2022-09-12 04:00:00,299.34445,26.194458,ERCO
2022-09-12 05:00:00,2022-09-12 05:00:00,298.67416,25.52417,ERCO
2022-09-12 06:00:00,2022-09-12 06:00:00,297.98947,24.839478,ERCO
2022-09-12 07:00:00,2022-09-12 07:00:00,297.3137,24.163696,ERCO
2022-09-12 08:00:00,2022-09-12 08:00:00,296.68802,23.538025,ERCO
2022-09-12 09:00:00,2022-09-12 09:00:00,296.11395,22.963959,ERCO
2022-09-12 10:00:00,2022-09-12 10:00:00,295.61856,22.468567,ERCO
2022-09-12 11:00:00,2022-09-12 11:00:00,295.19873,22.048737,ERCO
2022-09-12 12:00:00,2022-09-12 12:00:00,294.82297,21.672974,ERCO
2022-09-12 13:00:00,2022-09-12 13:00:00,294.85098,21.700989,ERCO
2022-09-12 14:00:00,2022-09-12 14:00:00,296.01303,22.863037,ERCO
2022-09-12 15:00:00,2022-09-12 15:00:00,297.34262,24.192627,ERCO
2022-09-12 16:00:00,2022-09-12 16:00:00,298.5308,25.380798,ERCO
2022-09-12 17:00:00,2022-09-12 17:00:00,299.6393,26.489319,ERCO
2022-09-12 18:00:00,2022-09-12 18:00:00,300.68253,27.532532,ERCO
2022-09-12 19:00:00,2022-09-12 19:00:00,301.61868,28.468689,ERCO
2022-09-12 20:00:00,2022-09-12 20:00:00,302.38086,29.230865,ERCO
2022-09-12 21:00:00,2022-09-12 21:00:00,302.94058,29.790588,ERCO
2022-09-12 22:00:00,2022-09-12 22:00:00,303.28714,30.137146,ERCO
2022-09-12 23:00:00,2022-09-12 23:00:00,303.4029,30.2529,ERCO
2022-09-13 00:00:00,2022-09-13 00:00:00,303.2412,30.091217,ERCO
2022-09-13 01:00:00,2022-09-13 01:00:00,302.75757,29.607574,ERCO
2022-09-13 02:00:00,2022-09-13 02:00:00,302.1139,28.963898,ERCO
2022-09-13 03:00:00,2022-09-13 03:00:00,301.3811,28.23111,ERCO
2022-09-13 04:00:00,2022-09-13 04:00:00,300.65106,27.501068,ERCO
2022-09-13 05:00:00,2022-09-13 05:00:00,299.92096,26.770966,ERCO
2022-09-13 06:00:00,2022-09-13 06:00:00,299.19632,26.046326,ERCO
2022-09-13 07:00:00,2022-09-13 07:00:00,298.4991,25.349121,ERCO
2022-09-13 08:00:00,2022-09-13 08:00:00,297.8499,24.69992,ERCO
2022-09-13 09:00:00,2022-09-13 09:00:00,297.25693,24.106934,ERCO
2022-09-13 10:00:00,2022-09-13 10:00:00,296.75278,23.602783,ERCO
2022-09-13 11:00:00,2022-09-13 11:00:00,296.31802,23.16803,ERCO
2022-09-13 12:00:00,2022-09-13 12:00:00,295.91238,22.76239,ERCO
2022-09-13 13:00:00,2022-09-13 13:00:00,295.93066,22.78067,ERCO
2022-09-13 14:00:00,2022-09-13 14:00:00,297.30304,24.153046,ERCO
2022-09-13 15:00:00,2022-09-13 15:00:00,298.80103,25.651031,ERCO
2022-09-13 16:00:00,2022-09-13 16:00:00,300.29947,27.149475,ERCO
2022-09-13 17:00:00,2022-09-13 17:00:00,301.60355,28.453552,ERCO
2022-09-13 18:00:00,2022-09-13 18:00:00,302.69235,29.542358,ERCO
2022-09-13 19:00:00,2022-09-13 19:00:00,303.54987,30.399872,ERCO
2022-09-13 20:00:00,2022-09-13 20:00:00,304.1554,31.005402,ERCO
2022-09-13 21:00:00,2022-09-13 21:00:00,304.5456,31.3956,ERCO
2022-09-13 22:00:00,2022-09-13 22:00:00,304.71902,31.56903,ERCO
2022-09-13 23:00:00,2022-09-13 23:00:00,304.64877,31.49878,ERCO
2022-09-14 00:00:00,2022-09-14 00:00:00,304.2618,31.111816,ERCO
2022-09-14 01:00:00,2022-09-14 01:00:00,303.51437,30.36438,ERCO
2022-09-14 02:00:00,2022-09-14 02:00:00,302.71277,29.562775,ERCO
2022-09-14 03:00:00,2022-09-14 03:00:00,301.90662,28.756622,ERCO
2022-09-14 04:00:00,2022-09-14 04:00:00,301.10965,27.959656,ERCO
2022-09-14 05:00:00,2022-09-14 05:00:00,300.33737,27.187378,ERCO
2022-09-14 06:00:00,2022-09-14 06:00:00,299.5668,26.41681,ERCO
2022-09-14 07:00:00,2022-09-14 07:00:00,298.80902,25.659027,ERCO
2022-09-14 08:00:00,2022-09-14 08:00:00,298.08707,24.937073,ERCO
2022-09-14 09:00:00,2022-09-14 09:00:00,297.43954,24.28955,ERCO
2022-09-14 10:00:00,2022-09-14 10:00:00,296.87473,23.724731,ERCO
2022-09-14 11:00:00,2022-09-14 11:00:00,296.3708,23.220795,ERCO
2022-09-14 12:00:00,2022-09-14 12:00:00,295.89188,22.741882,ERCO
2022-09-14 13:00:00,2022-09-14 13:00:00,295.88974,22.739746,ERCO
2022-09-14 14:00:00,2022-09-14 14:00:00,297.06433,23.914337,ERCO
2022-09-14 15:00:00,2022-09-14 15:00:00,298.32257,25.172577,ERCO
2022-09-14 16:00:00,2022-09-14 16:00:00,299.53293,26.382935,ERCO
2022-09-14 17:00:00,2022-09-14 17:00:00,300.5941,27.444092,ERCO
2022-09-14 18:00:00,2022-09-14 18:00:00,301.5296,28.379608,ERCO
2022-09-14 19:00:00,2022-09-14 19:00:00,302.3344,29.184418,ERCO
2022-09-14 20:00:00,2022-09-14 20:00:00,302.95123,29.801239,ERCO
2022-09-14 21:00:00,2022-09-14 21:00:00,303.36755,30.21756,ERCO
2022-09-14 22:00:00,2022-09-14 22:00:00,303.54013,30.390137,ERCO
2022-09-14 23:00:00,2022-09-14 23:00:00,303.44604,30.296051,ERCO
2022-09-15 00:00:00,2022-09-15 00:00:00,303.0091,29.8591,ERCO
2022-09-15 01:00:00,2022-09-15 01:00:00,302.22174,29.071747,ERCO
2022-09-15 02:00:00,2022-09-15 02:00:00,301.45944,28.309448,ERCO
2022-09-15 03:00:00,2022-09-15 03:00:00,300.70947,27.559479,ERCO
2022-09-15 04:00:00,2022-09-15 04:00:00,299.92783,26.777832,ERCO
2022-09-15 05:00:00,2022-09-15 05:00:00,299.1443,25.994293,ERCO
2022-09-15 06:00:00,2022-09-15 06:00:00,298.3827,25.232697,ERCO
2022-09-15 07:00:00,2022-09-15 07:00:00,297.65723,24.507233,ERCO
2022-09-15 08:00:00,2022-09-15 08:00:00,296.9698,23.819794,ERCO
2022-09-15 09:00:00,2022-09-15 09:00:00,296.33936,23.189362,ERCO
2022-09-15 10:00:00,2022-09-15 10:00:00,295.7812,22.631195,ERCO
2022-09-15 11:00:00,2022-09-15 11:00:00,295.2831,22.133118,ERCO
2022-09-15 12:00:00,2022-09-15 12:00:00,294.84494,21.694946,ERCO
2022-09-15 13:00:00,2022-09-15 13:00:00,294.91644,21.766449,ERCO
2022-09-15 14:00:00,2022-09-15 14:00:00,296.05258,22.902588,ERCO
2022-09-15 15:00:00,2022-09-15 15:00:00,297.4222,24.272217,ERCO
2022-09-15 16:00:00,2022-09-15 16:00:00,298.69788,25.547882,ERCO
2022-09-15 17:00:00,2022-09-15 17:00:00,299.83102,26.68103,ERCO
2022-09-15 18:00:00,2022-09-15 18:00:00,300.87347,27.72348,ERCO
2022-09-15 19:00:00,2022-09-15 19:00:00,301.8068,28.6568,ERCO
2022-09-15 20:00:00,2022-09-15 20:00:00,302.5382,29.388214,ERCO
2022-09-15 21:00:00,2022-09-15 21:00:00,303.04456,29.894562,ERCO
2022-09-15 22:00:00,2022-09-15 22:00:00,303.2711,30.121094,ERCO
2022-09-15 23:00:00,2022-09-15 23:00:00,303.1995,30.0495,ERCO
2022-09-16 00:00:00,2022-09-16 00:00:00,302.80865,29.65866,ERCO
2022-09-16 01:00:00,2022-09-16 01:00:00,302.06937,28.919373,ERCO
2022-09-16 02:00:00,2022-09-16 02:00:00,301.34222,28.19223,ERCO
2022-09-16 03:00:00,2022-09-16 03:00:00,300.6649,27.514893,ERCO
2022-09-16 04:00:00,2022-09-16 04:00:00,299.99008,26.840088,ERCO
2022-09-16 05:00:00,2022-09-16 05:00:00,299.33566,26.185669,ERCO
2022-09-16 06:00:00,2022-09-16 06:00:00,298.7062,25.556213,ERCO
2022-09-16 07:00:00,2022-09-16 07:00:00,298.11673,24.966736,ERCO
2022-09-16 08:00:00,2022-09-16 08:00:00,297.5703,24.420319,ERCO
2022-09-16 09:00:00,2022-09-16 09:00:00,297.0685,23.918518,ERCO
2022-09-16 10:00:00,2022-09-16 10:00:00,296.62796,23.477966,ERCO
2022-09-16 11:00:00,2022-09-16 11:00:00,296.2568,23.106812,ERCO
2022-09-16 12:00:00,2022-09-16 12:00:00,295.9099,22.759918,ERCO
2022-09-16 13:00:00,2022-09-16 13:00:00,296.00406,22.854065,ERCO
2022-09-16 14:00:00,2022-09-16 14:00:00,297.08282,23.93283,ERCO
2022-09-16 15:00:00,2022-09-16 15:00:00,298.39743,25.247437,ERCO
2022-09-16 16:00:00,2022-09-16 16:00:00,299.7204,26.570404,ERCO
2022-09-16 17:00:00,2022-09-16 17:00:00,300.97388,27.823883,ERCO
2022-09-16 18:00:00,2022-09-16 18:00:00,302.12045,28.970459,ERCO
2022-09-16 19:00:00,2022-09-16 19:00:00,303.0825,29.932495,ERCO
2022-09-16 20:00:00,2022-09-16 20:00:00,303.81863,30.66864,ERCO
2022-09-16 21:00:00,2022-09-16 21:00:00,304.30313,31.153137,ERCO
2022-09-16 22:00:00,2022-09-16 22:00:00,304.5368,31.38681,ERCO
2022-09-16 23:00:00,2022-09-16 23:00:00,304.48853,31.338531,ERCO
2022-09-17 00:00:00,2022-09-17 00:00:00,304.10767,30.957672,ERCO
2022-09-17 01:00:00,2022-09-17 01:00:00,303.4179,30.267914,ERCO
2022-09-17 02:00:00,2022-09-17 02:00:00,302.72476,29.574768,ERCO
2022-09-17 03:00:00,2022-09-17 03:00:00,302.03555,28.88556,ERCO
2022-09-17 04:00:00,2022-09-17 04:00:00,301.37198,28.221985,ERCO
2022-09-17 05:00:00,2022-09-17 05:00:00,300.7401,27.590118,ERCO
2022-09-17 06:00:00,2022-09-17 06:00:00,300.13113,26.98114,ERCO
2022-09-17 07:00:00,2022-09-17 07:00:00,299.5387,26.388702,ERCO
2022-09-17 08:00:00,2022-09-17 08:00:00,298.97266,25.822662,ERCO
2022-09-17 09:00:00,2022-09-17 09:00:00,298.44046,25.290466,ERCO
2022-09-17 10:00:00,2022-09-17 10:00:00,297.95663,24.80664,ERCO
2022-09-17 11:00:00,2022-09-17 11:00:00,297.5401,24.390106,ERCO
2022-09-17 12:00:00,2022-09-17 12:00:00,297.1703,24.020294,ERCO
2022-09-17 13:00:00,2022-09-17 13:00:00,297.17395,24.023956,ERCO
2022-09-17 14:00:00,2022-09-17 14:00:00,298.16278,25.012787,ERCO
2022-09-17 15:00:00,2022-09-17 15:00:00,299.3294,26.179413,ERCO
2022-09-17 16:00:00,2022-09-17 16:00:00,300.626,27.476013,ERCO
2022-09-17 17:00:00,2022-09-17 17:00:00,301.90756,28.757568,ERCO
2022-09-17 18:00:00,2022-09-17 18:00:00,303.0605,29.910492,ERCO
2022-09-17 19:00:00,2022-09-17 19:00:00,303.9969,30.846893,ERCO
2022-09-17 20:00:00,2022-09-17 20:00:00,304.67795,31.527954,ERCO
2022-09-17 21:00:00,2022-09-17 21:00:00,305.11832,31.968323,ERCO
2022-09-17 22:00:00,2022-09-17 22:00:00,305.2876,32.137604,ERCO
2022-09-17 23:00:00,2022-09-17 23:00:00,305.17422,32.02423,ERCO
2022-09-18 00:00:00,2022-09-18 00:00:00,304.72116,31.571167,ERCO
2022-09-18 01:00:00,2022-09-18 01:00:00,303.98557,30.835571,ERCO
2022-09-18 02:00:00,2022-09-18 02:00:00,303.26102,30.111023,ERCO
2022-09-18 03:00:00,2022-09-18 03:00:00,302.54843,29.398438,ERCO
2022-09-18 04:00:00,2022-09-18 04:00:00,301.8792,28.729218,ERCO
2022-09-18 05:00:00,2022-09-18 05:00:00,301.24863,28.098633,ERCO
2022-09-18 06:00:00,2022-09-18 06:00:00,300.63403,27.48404,ERCO
2022-09-18 07:00:00,2022-09-18 07:00:00,300.00748,26.857483,ERCO
2022-09-18 08:00:00,2022-09-18 08:00:00,299.38077,26.230774,ERCO
2022-09-18 09:00:00,2022-09-18 09:00:00,298.8084,25.658417,ERCO
2022-09-18 10:00:00,2022-09-18 10:00:00,298.29584,25.145844,ERCO
2022-09-18 11:00:00,2022-09-18 11:00:00,297.85028,24.700287,ERCO
2022-09-18 12:00:00,2022-09-18 12:00:00,297.43372,24.283722,ERCO
2022-09-18 13:00:00,2022-09-18 13:00:00,297.38022,24.230225,ERCO
2022-09-18 14:00:00,2022-09-18 14:00:00,298.34335,25.19336,ERCO
2022-09-18 15:00:00,2022-09-18 15:00:00,299.44214,26.292145,ERCO
2022-09-18 16:00:00,2022-09-18 16:00:00,300.63885,27.488861,ERCO
2022-09-18 17:00:00,2022-09-18 17:00:00,301.82812,28.678131,ERCO
2022-09-18 18:00:00,2022-09-18 18:00:00,302.91965,29.769653,ERCO
2022-09-18 19:00:00,2022-09-18 19:00:00,303.88104,30.731049,ERCO
2022-09-18 20:00:00,2022-09-18 20:00:00,304.60388,31.453888,ERCO
2022-09-18 21:00:00,2022-09-18 21:00:00,305.0948,31.944794,ERCO
2022-09-18 22:00:00,2022-09-18 22:00:00,305.32,32.170013,ERCO
2022-09-18 23:00:00,2022-09-18 23:00:00,305.25403,32.104034,ERCO
2022-09-19 00:00:00,2022-09-19 00:00:00,304.8355,31.685516,ERCO
2022-09-19 01:00:00,2022-09-19 01:00:00,304.15198,31.001984,ERCO
2022-09-19 02:00:00,2022-09-19 02:00:00,303.46066,30.310669,ERCO
2022-09-19 03:00:00,2022-09-19 03:00:00,302.77762,29.627625,ERCO
2022-09-19 04:00:00,2022-09-19 04:00:00,302.10718,28.957184,ERCO
2022-09-19 05:00:00,2022-09-19 05:00:00,301.4315,28.281494,ERCO
2022-09-19 06:00:00,2022-09-19 06:00:00,300.76538,27.615387,ERCO
2022-09-19 07:00:00,2022-09-19 07:00:00,300.11514,26.965149,ERCO
2022-09-19 08:00:00,2022-09-19 08:00:00,299.48865,26.338654,ERCO
2022-09-19 09:00:00,2022-09-19 09:00:00,298.90588,25.75589,ERCO
2022-09-19 10:00:00,2022-09-19 10:00:00,298.37494,25.224945,ERCO
2022-09-19 11:00:00,2022-09-19 11:00:00,297.9017,24.751709,ERCO
2022-09-19 12:00:00,2022-09-19 12:00:00,297.46014,24.31015,ERCO
2022-09-19 13:00:00,2022-09-19 13:00:00,297.37415,24.224152,ERCO
2022-09-19 14:00:00,2022-09-19 14:00:00,298.3625,25.212494,ERCO
2022-09-19 15:00:00,2022-09-19 15:00:00,299.52075,26.370758,ERCO
2022-09-19 16:00:00,2022-09-19 16:00:00,300.71582,27.565826,ERCO
2022-09-19 17:00:00,2022-09-19 17:00:00,301.90414,28.75415,ERCO
2022-09-19 18:00:00,2022-09-19 18:00:00,303.02383,29.87384,ERCO
2022-09-19 19:00:00,2022-09-19 19:00:00,304.00058,30.850586,ERCO
2022-09-19 20:00:00,2022-09-19 20:00:00,304.74707,31.597076,ERCO
2022-09-19 21:00:00,2022-09-19 21:00:00,305.24225,32.092255,ERCO
2022-09-19 22:00:00,2022-09-19 22:00:00,305.47586,32.325867,ERCO
2022-09-19 23:00:00,2022-09-19 23:00:00,305.4078,32.257812,ERCO
2022-09-20 00:00:00,2022-09-20 00:00:00,304.9909,31.840912,ERCO
2022-09-20 01:00:00,2022-09-20 01:00:00,304.28223,31.132233,ERCO
2022-09-20 02:00:00,2022-09-20 02:00:00,303.5701,30.420105,ERCO
2022-09-20 03:00:00,2022-09-20 03:00:00,302.8613,29.711304,ERCO
2022-09-20 04:00:00,2022-09-20 04:00:00,302.16684,29.016846,ERCO
2022-09-20 05:00:00,2022-09-20 05:00:00,301.42892,28.27893,ERCO
2022-09-20 06:00:00,2022-09-20 06:00:00,300.69705,27.547058,ERCO
2022-09-20 07:00:00,2022-09-20 07:00:00,300.00076,26.850769,ERCO
2022-09-20 08:00:00,2022-09-20 08:00:00,299.34183,26.191833,ERCO
2022-09-20 09:00:00,2022-09-20 09:00:00,298.72818,25.578186,ERCO
2022-09-20 10:00:00,2022-09-20 10:00:00,298.17807,25.028076,ERCO
2022-09-20 11:00:00,2022-09-20 11:00:00,297.6907,24.54071,ERCO
2022-09-20 12:00:00,2022-09-20 12:00:00,297.25314,24.10315,ERCO
2022-09-20 13:00:00,2022-09-20 13:00:00,297.1962,24.046204,ERCO
2022-09-20 14:00:00,2022-09-20 14:00:00,298.38373,25.233734,ERCO
2022-09-20 15:00:00,2022-09-20 15:00:00,299.65936,26.509369,ERCO
2022-09-20 16:00:00,2022-09-20 16:00:00,300.95932,27.809326,ERCO
2022-09-20 17:00:00,2022-09-20 17:00:00,302.17883,29.02884,ERCO
2022-09-20 18:00:00,2022-09-20 18:00:00,303.27368,30.123688,ERCO
2022-09-20 19:00:00,2022-09-20 19:00:00,304.21066,31.060669,ERCO
2022-09-20 20:00:00,2022-09-20 20:00:00,304.92953,31.779541,ERCO
2022-09-20 21:00:00,2022-09-20 21:00:00,305.42667,32.276672,ERCO
2022-09-20 22:00:00,2022-09-20 22:00:00,305.66248,32.51248,ERCO
2022-09-20 23:00:00,2022-09-20 23:00:00,305.61407,32.46408,ERCO
2022-09-21 00:00:00,2022-09-21 00:00:00,305.21655,32.06656,ERCO
2022-09-21 01:00:00,2022-09-21 01:00:00,304.4956,31.345612,ERCO
2022-09-21 02:00:00,2022-09-21 02:00:00,303.75748,30.607483,ERCO
2022-09-21 03:00:00,2022-09-21 03:00:00,303.02762,29.877625,ERCO
2022-09-21 04:00:00,2022-09-21 04:00:00,302.28125,29.131256,ERCO
2022-09-21 05:00:00,2022-09-21 05:00:00,301.44186,28.29187,ERCO
2022-09-21 06:00:00,2022-09-21 06:00:00,300.61435,27.464355,ERCO
2022-09-21 07:00:00,2022-09-21 07:00:00,299.845,26.695007,ERCO
2022-09-21 08:00:00,2022-09-21 08:00:00,299.1417,25.9917,ERCO
2022-09-21 09:00:00,2022-09-21 09:00:00,298.49896,25.348969,ERCO
2022-09-21 10:00:00,2022-09-21 10:00:00,297.91266,24.762665,ERCO
2022-09-21 11:00:00,2022-09-21 11:00:00,297.3927,24.242706,ERCO
2022-09-21 12:00:00,2022-09-21 12:00:00,296.91486,23.764862,ERCO
2022-09-21 13:00:00,2022-09-21 13:00:00,296.81494,23.664948,ERCO
2022-09-21 14:00:00,2022-09-21 14:00:00,298.27536,25.125366,ERCO
2022-09-21 15:00:00,2022-09-21 15:00:00,299.79477,26.644775,ERCO
2022-09-21 16:00:00,2022-09-21 16:00:00,301.31467,28.164673,ERCO
2022-09-21 17:00:00,2022-09-21 17:00:00,302.6065,29.456512,ERCO
2022-09-21 18:00:00,2022-09-21 18:00:00,303.65128,30.501282,ERCO
2022-09-21 19:00:00,2022-09-21 19:00:00,304.5348,31.384796,ERCO
2022-09-21 20:00:00,2022-09-21 20:00:00,305.24063,32.090637,ERCO
2022-09-21 21:00:00,2022-09-21 21:00:00,305.73453,32.584534,ERCO
2022-09-21 22:00:00,2022-09-21 22:00:00,305.96713,32.81714,ERCO
2022-09-21 23:00:00,2022-09-21 23:00:00,305.909,32.759003,ERCO
2022-09-22 00:00:00,2022-09-22 00:00:00,305.48776,32.33777,ERCO
2022-09-22 01:00:00,2022-09-22 01:00:00,304.7139,31.563904,ERCO
2022-09-22 02:00:00,2022-09-22 02:00:00,303.9086,30.758606,ERCO
2022-09-22 03:00:00,2022-09-22 03:00:00,303.0801,29.930115,ERCO
2022-09-22 04:00:00,2022-09-22 04:00:00,302.1775,29.027496,ERCO
2022-09-22 05:00:00,2022-09-22 05:00:00,301.2324,28.082397,ERCO
2022-09-22 06:00:00,2022-09-22 06:00:00,300.3252,27.175201,ERCO
2022-09-22 07:00:00,2022-09-22 07:00:00,299.48752,26.337524,ERCO
2022-09-22 08:00:00,2022-09-22 08:00:00,298.71555,25.565552,ERCO
2022-09-22 09:00:00,2022-09-22 09:00:00,298.02286,24.872864,ERCO
2022-09-22 10:00:00,2022-09-22 10:00:00,297.40744,24.257446,ERCO
2022-09-22 11:00:00,2022-09-22 11:00:00,296.8486,23.698608,ERCO
2022-09-22 12:00:00,2022-09-22 12:00:00,296.31326,23.163269,ERCO
2022-09-22 13:00:00,2022-09-22 13:00:00,296.0856,22.935608,ERCO
2022-09-22 14:00:00,2022-09-22 14:00:00,297.56543,24.415436,ERCO
2022-09-22 15:00:00,2022-09-22 15:00:00,299.24777,26.097778,ERCO
2022-09-22 16:00:00,2022-09-22 16:00:00,300.8234,27.6734,ERCO
2022-09-22 17:00:00,2022-09-22 17:00:00,302.13126,28.981262,ERCO
2022-09-22 18:00:00,2022-09-22 18:00:00,303.28674,30.13675,ERCO
2022-09-22 19:00:00,2022-09-22 19:00:00,304.2391,31.089111,ERCO
2022-09-22 20:00:00,2022-09-22 20:00:00,304.96503,31.815033,ERCO
2022-09-22 21:00:00,2022-09-22 21:00:00,305.45642,32.306427,ERCO
2022-09-22 22:00:00,2022-09-22 22:00:00,305.69818,32.548187,ERCO
2022-09-22 23:00:00,2022-09-22 23:00:00,305.68167,32.531677,ERCO
2022-09-23 00:00:00,2022-09-23 00:00:00,305.3166,32.166595,ERCO
2022-09-23 01:00:00,2022-09-23 01:00:00,304.60367,31.453674,ERCO
2022-09-23 02:00:00,2022-09-23 02:00:00,303.82074,30.670746,ERCO
2022-09-23 03:00:00,2022-09-23 03:00:00,302.97443,29.824432,ERCO
2022-09-23 04:00:00,2022-09-23 04:00:00,302.06683,28.91684,ERCO
2022-09-23 05:00:00,2022-09-23 05:00:00,301.12714,27.977142,ERCO
2022-09-23 06:00:00,2022-09-23 06:00:00,300.20215,27.052155,ERCO
2022-09-23 07:00:00,2022-09-23 07:00:00,299.33237,26.182373,ERCO
2022-09-23 08:00:00,2022-09-23 08:00:00,298.5584,25.408417,ERCO
2022-09-23 09:00:00,2022-09-23 09:00:00,297.86258,24.712585,ERCO
2022-09-23 10:00:00,2022-09-23 10:00:00,297.2312,24.081207,ERCO
2022-09-23 11:00:00,2022-09-23 11:00:00,296.69333,23.543335,ERCO
2022-09-23 12:00:00,2022-09-23 12:00:00,296.1911,23.041107,ERCO
2022-09-23 13:00:00,2022-09-23 13:00:00,295.91867,22.768677,ERCO
2022-09-23 14:00:00,2022-09-23 14:00:00,297.48364,24.333649,ERCO
2022-09-23 15:00:00,2022-09-23 15:00:00,299.37662,26.226624,ERCO
2022-09-23 16:00:00,2022-09-23 16:00:00,301.26144,28.11145,ERCO
2022-09-23 17:00:00,2022-09-23 17:00:00,302.69003,29.54004,ERCO
2022-09-23 18:00:00,2022-09-23 18:00:00,303.74356,30.593567,ERCO
2022-09-23 19:00:00,2022-09-23 19:00:00,304.60312,31.453125,ERCO
2022-09-23 20:00:00,2022-09-23 20:00:00,305.27728,32.12729,ERCO
2022-09-23 21:00:00,2022-09-23 21:00:00,305.7371,32.587097,ERCO
2022-09-23 22:00:00,2022-09-23 22:00:00,305.94482,32.79483,ERCO
2022-09-23 23:00:00,2022-09-23 23:00:00,305.8838,32.733795,ERCO
2022-09-24 00:00:00,2022-09-24 00:00:00,305.4591,32.309113,ERCO
2022-09-24 01:00:00,2022-09-24 01:00:00,304.6302,31.480194,ERCO
2022-09-24 02:00:00,2022-09-24 02:00:00,303.8517,30.701721,ERCO
2022-09-24 03:00:00,2022-09-24 03:00:00,303.0685,29.918518,ERCO
2022-09-24 04:00:00,2022-09-24 04:00:00,302.13983,28.989838,ERCO
2022-09-24 05:00:00,2022-09-24 05:00:00,301.20068,28.05069,ERCO
2022-09-24 06:00:00,2022-09-24 06:00:00,300.3258,27.175812,ERCO
2022-09-24 07:00:00,2022-09-24 07:00:00,299.52484,26.374847,ERCO
2022-09-24 08:00:00,2022-09-24 08:00:00,298.79443,25.64444,ERCO
2022-09-24 09:00:00,2022-09-24 09:00:00,298.12604,24.976044,ERCO
2022-09-24 10:00:00,2022-09-24 10:00:00,297.50043,24.350433,ERCO
2022-09-24 11:00:00,2022-09-24 11:00:00,296.93945,23.78946,ERCO
2022-09-24 12:00:00,2022-09-24 12:00:00,296.41684,23.266846,ERCO
2022-09-24 13:00:00,2022-09-24 13:00:00,296.2325,23.08252,ERCO
2022-09-24 14:00:00,2022-09-24 14:00:00,297.76105,24.611053,ERCO
2022-09-24 15:00:00,2022-09-24 15:00:00,299.2553,26.105316,ERCO
2022-09-24 16:00:00,2022-09-24 16:00:00,300.73953,27.589539,ERCO
2022-09-24 17:00:00,2022-09-24 17:00:00,302.039,28.889008,ERCO
2022-09-24 18:00:00,2022-09-24 18:00:00,303.14612,29.996124,ERCO
2022-09-24 19:00:00,2022-09-24 19:00:00,304.05823,30.908234,ERCO
2022-09-24 20:00:00,2022-09-24 20:00:00,304.7397,31.589691,ERCO
2022-09-24 21:00:00,2022-09-24 21:00:00,305.17227,32.022278,ERCO
2022-09-24 22:00:00,2022-09-24 22:00:00,305.35965,32.209656,ERCO
2022-09-24 23:00:00,2022-09-24 23:00:00,305.2702,32.12021,ERCO
2022-09-25 00:00:00,2022-09-25 00:00:00,304.79544,31.645447,ERCO
2022-09-25 01:00:00,2022-09-25 01:00:00,303.97992,30.829926,ERCO
2022-09-25 02:00:00,2022-09-25 02:00:00,303.19797,30.047974,ERCO
2022-09-25 03:00:00,2022-09-25 03:00:00,302.41382,29.263824,ERCO
2022-09-25 04:00:00,2022-09-25 04:00:00,301.51993,28.369934,ERCO
2022-09-25 05:00:00,2022-09-25 05:00:00,300.6363,27.486298,ERCO
2022-09-25 06:00:00,2022-09-25 06:00:00,299.8446,26.69461,ERCO
2022-09-25 07:00:00,2022-09-25 07:00:00,299.12817,25.97818,ERCO
2022-09-25 08:00:00,2022-09-25 08:00:00,298.48096,25.330963,ERCO
2022-09-25 09:00:00,2022-09-25 09:00:00,297.88834,24.738342,ERCO
2022-09-25 10:00:00,2022-09-25 10:00:00,297.36618,24.216187,ERCO
2022-09-25 11:00:00,2022-09-25 11:00:00,296.9183,23.76831,ERCO
2022-09-25 12:00:00,2022-09-25 12:00:00,296.51688,23.366882,ERCO
2022-09-25 13:00:00,2022-09-25 13:00:00,296.39215,23.242157,ERCO
2022-09-25 14:00:00,2022-09-25 14:00:00,297.6524,24.50241,ERCO
2022-09-25 15:00:00,2022-09-25 15:00:00,299.1405,25.990509,ERCO
2022-09-25 16:00:00,2022-09-25 16:00:00,300.67227,27.522278,ERCO
2022-09-25 17:00:00,2022-09-25 17:00:00,302.04996,28.899963,ERCO
2022-09-25 18:00:00,2022-09-25 18:00:00,303.20868,30.058685,ERCO
2022-09-25 19:00:00,2022-09-25 19:00:00,304.10193,30.951935,ERCO
2022-09-25 20:00:00,2022-09-25 20:00:00,304.72928,31.579285,ERCO
2022-09-25 21:00:00,2022-09-25 21:00:00,305.0804,31.93042,ERCO
2022-09-25 22:00:00,2022-09-25 22:00:00,305.18784,32.03784,ERCO
2022-09-25 23:00:00,2022-09-25 23:00:00,305.0562,31.90622,ERCO
2022-09-26 00:00:00,2022-09-26 00:00:00,304.57773,31.427734,ERCO
2022-09-26 01:00:00,2022-09-26 01:00:00,303.7392,30.589203,ERCO
2022-09-26 02:00:00,2022-09-26 02:00:00,302.8969,29.746918,ERCO
2022-09-26 03:00:00,2022-09-26 03:00:00,302.0531,28.903107,ERCO
2022-09-26 04:00:00,2022-09-26 04:00:00,301.10223,27.95224,ERCO
2022-09-26 05:00:00,2022-09-26 05:00:00,300.13293,26.98294,ERCO
2022-09-26 06:00:00,2022-09-26 06:00:00,299.25494,26.10495,ERCO
2022-09-26 07:00:00,2022-09-26 07:00:00,298.43896,25.28897,ERCO
2022-09-26 08:00:00,2022-09-26 08:00:00,297.6727,24.522705,ERCO
2022-09-26 09:00:00,2022-09-26 09:00:00,296.9414,23.791412,ERCO
2022-09-26 10:00:00,2022-09-26 10:00:00,296.26303,23.113037,ERCO
2022-09-26 11:00:00,2022-09-26 11:00:00,295.634,22.484009,ERCO
2022-09-26 12:00:00,2022-09-26 12:00:00,295.02634,21.876343,ERCO
2022-09-26 13:00:00,2022-09-26 13:00:00,294.74405,21.594055,ERCO
2022-09-26 14:00:00,2022-09-26 14:00:00,295.99374,22.84375,ERCO
2022-09-26 15:00:00,2022-09-26 15:00:00,297.46454,24.314545,ERCO
2022-09-26 16:00:00,2022-09-26 16:00:00,298.9035,25.75351,ERCO
2022-09-26 17:00:00,2022-09-26 17:00:00,300.1271,26.977112,ERCO
2022-09-26 18:00:00,2022-09-26 18:00:00,301.1953,28.045319,ERCO
2022-09-26 19:00:00,2022-09-26 19:00:00,302.07837,28.928375,ERCO
2022-09-26 20:00:00,2022-09-26 20:00:00,302.72607,29.57608,ERCO
2022-09-26 21:00:00,2022-09-26 21:00:00,303.14905,29.999054,ERCO
2022-09-26 22:00:00,2022-09-26 22:00:00,303.32373,30.173737,ERCO
2022-09-26 23:00:00,2022-09-26 23:00:00,303.20462,30.054626,ERCO
2022-09-27 00:00:00,2022-09-27 00:00:00,302.6535,29.50351,ERCO
2022-09-27 01:00:00,2022-09-27 01:00:00,301.69217,28.542175,ERCO
2022-09-27 02:00:00,2022-09-27 02:00:00,300.7334,27.583405,ERCO
2022-09-27 03:00:00,2022-09-27 03:00:00,299.71127,26.56128,ERCO
2022-09-27 04:00:00,2022-09-27 04:00:00,298.56253,25.412537,ERCO
2022-09-27 05:00:00,2022-09-27 05:00:00,297.4315,24.281494,ERCO
2022-09-27 06:00:00,2022-09-27 06:00:00,296.43567,23.285675,ERCO
2022-09-27 07:00:00,2022-09-27 07:00:00,295.55347,22.403473,ERCO
2022-09-27 08:00:00,2022-09-27 08:00:00,294.74445,21.594452,ERCO
2022-09-27 09:00:00,2022-09-27 09:00:00,293.99286,20.842865,ERCO
2022-09-27 10:00:00,2022-09-27 10:00:00,293.31064,20.160645,ERCO
2022-09-27 11:00:00,2022-09-27 11:00:00,292.7031,19.5531,ERCO
2022-09-27 12:00:00,2022-09-27 12:00:00,292.1505,19.000519,ERCO
2022-09-27 13:00:00,2022-09-27 13:00:00,291.95618,18.806183,ERCO
2022-09-27 14:00:00,2022-09-27 14:00:00,293.81363,20.663635,ERCO
2022-09-27 15:00:00,2022-09-27 15:00:00,295.9823,22.832306,ERCO
2022-09-27 16:00:00,2022-09-27 16:00:00,298.04028,24.89029,ERCO
2022-09-27 17:00:00,2022-09-27 17:00:00,299.53937,26.389374,ERCO
2022-09-27 18:00:00,2022-09-27 18:00:00,300.68155,27.531555,ERCO
2022-09-27 19:00:00,2022-09-27 19:00:00,301.6154,28.465393,ERCO
2022-09-27 20:00:00,2022-09-27 20:00:00,302.32312,29.173126,ERCO
2022-09-27 21:00:00,2022-09-27 21:00:00,302.79196,29.641968,ERCO
2022-09-27 22:00:00,2022-09-27 22:00:00,303.00952,29.859528,ERCO
2022-09-27 23:00:00,2022-09-27 23:00:00,302.9627,29.812714,ERCO
2022-09-28 00:00:00,2022-09-28 00:00:00,302.4807,29.330719,ERCO
2022-09-28 01:00:00,2022-09-28 01:00:00,301.5057,28.355713,ERCO
2022-09-28 02:00:00,2022-09-28 02:00:00,300.55234,27.402344,ERCO
2022-09-28 03:00:00,2022-09-28 03:00:00,299.45905,26.309052,ERCO
2022-09-28 04:00:00,2022-09-28 04:00:00,298.32574,25.17575,ERCO
2022-09-28 05:00:00,2022-09-28 05:00:00,297.26685,24.116852,ERCO
2022-09-28 06:00:00,2022-09-28 06:00:00,296.33,23.179993,ERCO
2022-09-28 07:00:00,2022-09-28 07:00:00,295.4859,22.335907,ERCO
2022-09-28 08:00:00,2022-09-28 08:00:00,294.70215,21.552155,ERCO
2022-09-28 09:00:00,2022-09-28 09:00:00,293.97348,20.823486,ERCO
2022-09-28 10:00:00,2022-09-28 10:00:00,293.31714,20.167145,ERCO
2022-09-28 11:00:00,2022-09-28 11:00:00,292.725,19.575012,ERCO
2022-09-28 12:00:00,2022-09-28 12:00:00,292.1745,19.024506,ERCO
2022-09-28 13:00:00,2022-09-28 13:00:00,291.91125,18.761261,ERCO
2022-09-28 14:00:00,2022-09-28 14:00:00,293.87762,20.72763,ERCO
2022-09-28 15:00:00,2022-09-28 15:00:00,296.08234,22.932343,ERCO
2022-09-28 16:00:00,2022-09-28 16:00:00,298.14267,24.992676,ERCO
2022-09-28 17:00:00,2022-09-28 17:00:00,299.5799,26.429901,ERCO
2022-09-28 18:00:00,2022-09-28 18:00:00,300.6951,27.545105,ERCO
2022-09-28 19:00:00,2022-09-28 19:00:00,301.5998,28.449799,ERCO
2022-09-28 20:00:00,2022-09-28 20:00:00,302.2891,29.1391,ERCO
2022-09-28 21:00:00,2022-09-28 21:00:00,302.74658,29.596588,ERCO
2022-09-28 22:00:00,2022-09-28 22:00:00,302.94867,29.798676,ERCO
2022-09-28 23:00:00,2022-09-28 23:00:00,302.87186,29.721863,ERCO
2022-09-29 00:00:00,2022-09-29 00:00:00,302.3622,29.21222,ERCO
2022-09-29 01:00:00,2022-09-29 01:00:00,301.31546,28.165466,ERCO
2022-09-29 02:00:00,2022-09-29 02:00:00,300.29205,27.14206,ERCO
2022-09-29 03:00:00,2022-09-29 03:00:00,299.2345,26.084503,ERCO
2022-09-29 04:00:00,2022-09-29 04:00:00,298.14734,24.997345,ERCO
2022-09-29 05:00:00,2022-09-29 05:00:00,297.10745,23.957458,ERCO
2022-09-29 06:00:00,2022-09-29 06:00:00,296.1682,23.018219,ERCO
2022-09-29 07:00:00,2022-09-29 07:00:00,295.30627,22.15628,ERCO
2022-09-29 08:00:00,2022-09-29 08:00:00,294.50104,21.351044,ERCO
2022-09-29 09:00:00,2022-09-29 09:00:00,293.74908,20.59909,ERCO
2022-09-29 10:00:00,2022-09-29 10:00:00,293.05838,19.908386,ERCO
2022-09-29 11:00:00,2022-09-29 11:00:00,292.4299,19.279907,ERCO
2022-09-29 12:00:00,2022-09-29 12:00:00,291.82846,18.678467,ERCO
2022-09-29 13:00:00,2022-09-29 13:00:00,291.4864,18.336395,ERCO
2022-09-29 14:00:00,2022-09-29 14:00:00,293.08218,19.93219,ERCO
2022-09-29 15:00:00,2022-09-29 15:00:00,295.08835,21.938354,ERCO
2022-09-29 16:00:00,2022-09-29 16:00:00,297.07187,23.921875,ERCO
2022-09-29 17:00:00,2022-09-29 17:00:00,298.67004,25.52005,ERCO
2022-09-29 18:00:00,2022-09-29 18:00:00,299.96368,26.81369,ERCO
2022-09-29 19:00:00,2022-09-29 19:00:00,301.00742,27.857422,ERCO
2022-09-29 20:00:00,2022-09-29 20:00:00,301.79318,28.643188,ERCO
2022-09-29 21:00:00,2022-09-29 21:00:00,302.3245,29.1745,ERCO
2022-09-29 22:00:00,2022-09-29 22:00:00,302.5678,29.417816,ERCO
2022-09-29 23:00:00,2022-09-29 23:00:00,302.49503,29.345032,ERCO
2022-09-30 00:00:00,2022-09-30 00:00:00,301.96942,28.819427,ERCO
2022-09-30 01:00:00,2022-09-30 01:00:00,300.9264,27.776398,ERCO
2022-09-30 02:00:00,2022-09-30 02:00:00,299.87726,26.727264,ERCO
2022-09-30 03:00:00,2022-09-30 03:00:00,298.74652,25.596527,ERCO
2022-09-30 04:00:00,2022-09-30 04:00:00,297.57156,24.42157,ERCO
2022-09-30 05:00:00,2022-09-30 05:00:00,296.44934,23.299347,ERCO
2022-09-30 06:00:00,2022-09-30 06:00:00,295.42776,22.277771,ERCO
2022-09-30 07:00:00,2022-09-30 07:00:00,294.48685,21.336853,ERCO
2022-09-30 08:00:00,2022-09-30 08:00:00,293.614,20.46402,ERCO
2022-09-30 09:00:00,2022-09-30 09:00:00,292.82126,19.671265,ERCO
2022-09-30 10:00:00,2022-09-30 10:00:00,292.0968,18.946808,ERCO
2022-09-30 11:00:00,2022-09-30 11:00:00,291.438,18.287994,ERCO
2022-09-30 12:00:00,2022-09-30 12:00:00,290.81857,17.66858,ERCO
2022-09-30 13:00:00,2022-09-30 13:00:00,290.52036,17.370361,ERCO
2022-09-30 14:00:00,2022-09-30 14:00:00,292.0428,18.892792,ERCO
2022-09-30 15:00:00,2022-09-30 15:00:00,294.12964,20.979645,ERCO
2022-09-30 16:00:00,2022-09-30 16:00:00,296.12027,22.970276,ERCO
2022-09-30 17:00:00,2022-09-30 17:00:00,297.75516,24.605164,ERCO
2022-09-30 18:00:00,2022-09-30 18:00:00,299.13977,25.989777,ERCO
2022-09-30 19:00:00,2022-09-30 19:00:00,300.28534,27.135345,ERCO
2022-09-30 20:00:00,2022-09-30 20:00:00,301.15747,28.007477,ERCO
2022-09-30 21:00:00,2022-09-30 21:00:00,301.73892,28.588928,ERCO
2022-09-30 22:00:00,2022-09-30 22:00:00,301.9884,28.83841,ERCO
2022-09-30 23:00:00,2022-09-30 23:00:00,301.88635,28.736359,ERCO
